{"type": "FeatureCollection", "features": [{"type": "Feature", "properties": {"name": "Coorong", "lga": "Coorong District Council"}, "geometry": {"type": "MultiPolygon", "coordinates": [[[[139.37647728700006, -35.18323113899993], [139.38196578100008, -35.183241676999955], [139.38222110100003, -35.18323780199995], [139.38272509500007, -35.18324020299997], [139.38313720600001, -35.18324220699998], [139.38337549200003, -35.183244602999935], [139.383575005, -35.18324530299998], [139.38380519500004, -35.18324610199994], [139.38386199800004, -35.18324630099994], [139.38421139800005, -35.18324740299994], [139.38507030100004, -35.18324909599994], [139.38534259900007, -35.18325140299993], [139.3925124970001, -35.183256401999984], [139.392713984, -35.18325652599998], [139.3964106960001, -35.183258801999955], [139.39646560200003, -35.18325889899995], [139.40260582700012, -35.183268762999944], [139.40819457100008, -35.18327746899996], [139.40971249300003, -35.18327978899998], [139.41249799900004, -35.18328398699998], [139.41622309900004, -35.183289694999985], [139.42352139800005, -35.183300395999936], [139.42851330100007, -35.183307500999945], [139.42875489800008, -35.18330779699994], [139.45475939900007, -35.18337480499997], [139.4550551970001, -35.18334139799998], [139.46460380300005, -35.18335191799997], [139.4697370980001, -35.18335209899993], [139.49068159800004, -35.18332470499996], [139.5051598010001, -35.18330030399994], [139.53083079500004, -35.18326970499993], [139.5378769680001, -35.18326270999995], [139.55897038500007, -35.18323930799994], [139.5766235650001, -35.18321420899997], [139.57690277100005, -35.18321410899995], [139.6033084600001, -35.18323398299998], [139.60375802700003, -35.18323432099993], [139.6040918120001, -35.18323082899997], [139.60455212400007, -35.183226014999946], [139.60524585500002, -35.18322616599994], [139.61959812500004, -35.18323947399995], [139.6195981840001, -35.18364154899996], [139.61960035800007, -35.21816831299998], [139.61960038400002, -35.218709255999954], [139.61971070700008, -35.21870935199996], [139.61982129400008, -35.21870944799997], [139.64190837600006, -35.21872959099994], [139.68539740900007, -35.218750272999955], [139.68574388900004, -35.21875038899998], [139.686090368, -35.218750505999935], [139.68803171700006, -35.21875114299996], [139.6894741870001, -35.218749394999975], [139.69363417900001, -35.21874435099994], [139.71454682900003, -35.21871887399993], [139.7202460740001, -35.21875746499995], [139.74399461300004, -35.21871715299994], [139.767828677, -35.218751159999954], [139.77547642700006, -35.21875204999998], [139.81711168200002, -35.21872486899997], [139.81748060500001, -35.21872991799995], [139.81781239400004, -35.218734455999936], [139.8478170740001, -35.21869831799995], [139.86656340900004, -35.21867829299998], [139.8816512530001, -35.218660065999984], [139.8822691050001, -35.218659242999934], [139.88293010100006, -35.218658363999964], [139.894228074, -35.21864342599997], [139.89422635800008, -35.22084060399993], [139.89420042100005, -35.25436926499998], [139.894200296, -35.254549277999956], [139.8942000090001, -35.254912366999974], [139.89418465300002, -35.276333902999966], [139.89418314500006, -35.276333904999944], [139.89417295900012, -35.28931468099995], [139.89417170500008, -35.29095499799996], [139.91598630500005, -35.290991402999964], [139.94051789800005, -35.29102280199993], [139.94085929900007, -35.291023002999964], [139.98022589800007, -35.29106550299997], [139.98094798800003, -35.291065903999936], [140.00595819800003, -35.29108679899997], [140.0187791940001, -35.29109479099998], [140.04451779700003, -35.291106997999975], [140.05413119600007, -35.29110940199996], [140.07389560400009, -35.29111519799994], [140.07456999700003, -35.29112290099994], [140.07602335, -35.29112320199994], [140.07603339500008, -35.291123202999984], [140.07603610500007, -35.29404280099993], [140.07605109500003, -35.310781101999964], [140.0760516030001, -35.31132499599994], [140.0760557010001, -35.315968502999965], [140.07605770200007, -35.31822498799994], [140.07606259500005, -35.32368849299996], [140.07606600100007, -35.32747659699993], [140.07606700100007, -35.32861440199997], [140.07607430200005, -35.33683469599998], [140.07608560500012, -35.349664797999935], [140.07608659900006, -35.35079920499993], [140.0760872740001, -35.35144812999994], [140.07608860000005, -35.35303479899994], [140.07609119300002, -35.35592119199998], [140.0761023990001, -35.36690509799996], [140.0761020110001, -35.36822490499998], [140.07611269400002, -35.380311], [140.07611309900005, -35.38083960299997], [140.07611209800007, -35.38241698699994], [140.07611550600006, -35.383659601999966], [140.07611570400002, -35.383845502999975], [140.07611148800004, -35.384219101999975], [140.07611141400002, -35.38467329799994], [140.07611140100005, -35.38487509899994], [140.0761166960001, -35.38505259599998], [140.07611730500003, -35.38565289999997], [140.07611790600004, -35.38629630199995], [140.07611850000012, -35.38709819999997], [140.0761271880001, -35.39252850299994], [140.0761241030001, -35.39343739999998], [140.07613312400008, -35.40382994699996], [140.07614730000012, -35.42019529099997], [140.07614780200004, -35.420741894999935], [140.07617559800008, -35.45306190399998], [140.07620729600012, -35.490301398999975], [140.09267740300004, -35.49026120099995], [140.09551579700008, -35.49025440199995], [140.09655260300008, -35.490252003999956], [140.09777718500004, -35.49024819599998], [140.09864178100008, -35.490246182999954], [140.12503833800008, -35.49017619999995], [140.1291450000001, -35.49016500399995], [140.12914980300002, -35.49950200599994], [140.1291500950001, -35.500034709999966], [140.1291592010001, -35.51467880699994], [140.12916960200005, -35.53776741299998], [140.1291757770001, -35.53776741699994], [140.13522029800004, -35.537771404999944], [140.13597179900012, -35.537771920999944], [140.13501220400008, -35.53917300299997], [140.1322222990001, -35.54041250399996], [140.13176580100003, -35.54061529699993], [140.1227304030001, -35.54462860399997], [140.11850540500006, -35.544964694999976], [140.11600459700003, -35.54683510399997], [140.13280939600008, -35.55808300199993], [140.1044368050001, -35.586586901999965], [140.10537789900002, -35.61446079999996], [140.10632699500002, -35.64893429699998], [140.10633509500008, -35.649296197999945], [140.118558204, -35.64927270099997], [140.11919110300005, -35.64927139499997], [140.18701059500006, -35.649113098999976], [140.187717603, -35.64911130199994], [140.2532930960001, -35.64892152899995], [140.2533032020001, -35.648921497999936], [140.25330320500007, -35.64892932499998], [140.2532982990001, -35.683077700999945], [140.2532950960001, -35.704454399999975], [140.25329510200004, -35.704998703999934], [140.25328826600003, -35.74793588199998], [140.45706361700002, -35.74705285799996], [140.45759989600003, -35.747034404999965], [140.52032492600006, -35.746671651999975], [140.5203960990001, -35.81154621299993], [140.47832823400006, -35.81183423099998], [140.47763132500006, -35.811839101999965], [140.45485959000007, -35.81198760899997], [140.45480509000004, -35.92458283499997], [140.45478781100007, -35.95930599199994], [140.4547878180001, -35.95930753499994], [140.45478424700002, -35.966359661999945], [140.45478408600002, -35.96674226099998], [140.45476972100005, -35.99520300699993], [140.45475036800008, -36.03319050599998], [140.45475020900005, -36.033550601999934], [140.4547501940001, -36.03356089799996], [140.45164010200006, -36.03355749999997], [140.45082850500012, -36.03355650299994], [140.43249710500004, -36.03353421799994], [140.3873297980001, -36.03352769999998], [140.38710550000008, -36.03352759799998], [140.33526359600012, -36.03349810499998], [140.3352572980001, -36.03349810499998], [140.33485480000002, -36.03349780599996], [140.33285850100003, -36.033496206999985], [140.33218239600012, -36.03349481399994], [140.32934139600002, -36.033492502999934], [140.32926270300004, -36.033492499999966], [140.3278096030001, -36.03349130099997], [140.31588049900006, -36.03348079699998], [140.31547420000004, -36.03348040099996], [140.30880570400006, -36.03347409999998], [140.2986554050001, -36.03346359899996], [140.29591490300004, -36.03346069999998], [140.2951037050001, -36.033459799999946], [140.2921999990001, -36.033456496999975], [140.28960460300004, -36.03345359799994], [140.25292400400008, -36.03340520399996], [140.25269720000006, -36.03340380099996], [140.23394560500003, -36.03341080399997], [140.2259510980001, -36.03341290099996], [140.223128695, -36.03341310299993], [140.1918657010001, -36.03341010199995], [140.19103589500003, -36.033411298999965], [140.1655810960001, -36.03341619899993], [140.1569104040001, -36.03341409799998], [140.14652820000003, -36.03341090199996], [140.11091800200006, -36.03339289599995], [140.110905494, -36.03339288899997], [140.0873004990001, -36.03337520399998], [140.08721138400006, -36.03337559199997], [140.08654240700002, -36.03337450099997], [140.08229050400007, -36.033370812999976], [140.08169490400007, -36.03337030199998], [140.04679358400006, -36.03333290399996], [140.046804005, -36.04860670299996], [140.04680500100005, -36.05176389899998], [140.0468064060001, -36.05642179599994], [140.0468131030001, -36.0790469], [140.04681520500003, -36.079228298999965], [140.04682550000007, -36.089225503999955], [140.04682550000007, -36.08941500099996], [140.04682630500008, -36.10007739799994], [140.04682629700005, -36.10029259799995], [140.04682799600005, -36.124392703999945], [140.04682870200008, -36.13419069799994], [140.0468299050001, -36.13477229999995], [140.0468279040001, -36.134772898999984], [140.0468135960001, -36.13764599899997], [140.04681780600004, -36.162211498999966], [140.04683700100009, -36.173372695999944], [140.04684519400007, -36.178179098999976], [140.04683306800007, -36.17839078199995], [140.04684634600005, -36.20451624799995], [140.04684479600007, -36.20493850099996], [140.0468449000001, -36.20511779699996], [140.0468482970001, -36.21625079699993], [140.04687472600006, -36.232364271999984], [140.04686169600006, -36.232772196999974], [140.04685950100009, -36.253932102999954], [140.04328030500005, -36.25393209899994], [140.04225709800005, -36.253932100999975], [140.0000791020001, -36.25330720799997], [139.98297940500004, -36.25303339599998], [139.96937369700004, -36.25281379699993], [139.96868450500006, -36.252802703999976], [139.96102800100005, -36.252678396999954], [139.92765030500004, -36.25211509899998], [139.92681243700008, -36.25210421299994], [139.88109549700005, -36.25184909799998], [139.86704960100008, -36.25165370199994], [139.85913260400002, -36.251542796999956], [139.85867550700004, -36.251536399999964], [139.83705020500008, -36.25123089899995], [139.82077139600005, -36.25099830099998], [139.80176146300005, -36.250733570999955], [139.80030359900002, -36.25070269899993], [139.7362359990001, -36.249754795999934], [139.7359726960001, -36.249750904999985], [139.7254865960001, -36.24959239999998], [139.71065690400007, -36.24936670099993], [139.70990679200008, -36.24935533099995], [139.70056199200008, -36.24921213099998], [139.70032119600012, -36.24920842999995], [139.68745159800005, -36.24901002499996], [139.67073624600005, -36.24875019499996], [139.67073463200006, -36.24875016999994], [139.67036694400008, -36.24874446299998], [139.6698953780001, -36.24873706899996], [139.66980970800012, -36.24857956899996], [139.66959541000006, -36.248197388999984], [139.66952492000007, -36.24805690399995], [139.66939609100007, -36.24774060899995], [139.66918524100004, -36.24741143399996], [139.66896969100003, -36.247103910999954], [139.6687050270001, -36.246691898999984], [139.66851374700002, -36.246355318999974], [139.66838970000003, -36.24609240099994], [139.66813651600012, -36.24565736999995], [139.66790364400003, -36.24526686799993], [139.66757533800012, -36.244689913999935], [139.6673547160001, -36.244276474999936], [139.66715299800012, -36.243926225999985], [139.66697569000007, -36.24360047099998], [139.6667508160001, -36.243259732999945], [139.6665281180001, -36.24290550099994], [139.6662641680001, -36.242524153999966], [139.6658265650001, -36.241904174999945], [139.66554965900002, -36.24145535899993], [139.66539025400004, -36.24116641399996], [139.665126858, -36.24071428399998], [139.6649804760001, -36.240472189999934], [139.66492996500006, -36.24039948899997], [139.66488091200006, -36.24027537499995], [139.6648024320001, -36.24005015499995], [139.66470172100003, -36.23987123699993], [139.6646279680001, -36.239757408999935], [139.664196338, -36.239232871999945], [139.6640202200001, -36.23894703499997], [139.6637616270001, -36.23858114999996], [139.6635106750001, -36.23820780899996], [139.6632976290001, -36.237869399999965], [139.6630751470001, -36.237486322999985], [139.66288433800003, -36.23712979599998], [139.66262057300003, -36.23661347299998], [139.66246810500002, -36.23630228799993], [139.66226495400008, -36.23590103], [139.66205762900006, -36.23557031799993], [139.66183172, -36.23521920799993], [139.6616369830001, -36.234894277999956], [139.6615000160001, -36.23465514099996], [139.66129927500003, -36.23433905], [139.66113586900008, -36.234052824999935], [139.66094648600006, -36.233751376999976], [139.66080087700004, -36.23353175899996], [139.66060879200006, -36.233271497999965], [139.66045702600002, -36.23307391599997], [139.66038456700005, -36.23297116899994], [139.66016845100012, -36.23252428799998], [139.6600675520001, -36.23230203099996], [139.65991574500003, -36.23205891899994], [139.65977866700007, -36.23183025299994], [139.65959444200007, -36.231596227999944], [139.6594137200001, -36.23138300099998], [139.6591996310001, -36.23106742599998], [139.6589587630001, -36.23066008599994], [139.65874875200006, -36.230284316999985], [139.6585471620001, -36.22990760599998], [139.65833019900003, -36.22953685999994], [139.65819829400004, -36.22932348499995], [139.65816306700003, -36.22918366999994], [139.65814340800011, -36.22911945499993], [139.65784466000002, -36.228623453999944], [139.65764990500008, -36.22827690699995], [139.6574283750001, -36.22784202299994], [139.65724065900008, -36.22751973299995], [139.65699899900005, -36.22716740499993], [139.65676077000012, -36.22680588399993], [139.65639632300008, -36.22612812799997], [139.6561881230001, -36.22577989499996], [139.65603481100004, -36.22553297999997], [139.6558553970001, -36.22530335199997], [139.6556327300001, -36.22506509999994], [139.65547371900004, -36.224839835999944], [139.65533037300008, -36.22456013499993], [139.65500281800007, -36.22388609799998], [139.65483953900002, -36.223567412999955], [139.65455158600003, -36.22313405799997], [139.6543395970001, -36.22279988499997], [139.65404372000012, -36.22242357099998], [139.65383987000007, -36.22212037899993], [139.65365660600003, -36.22183530399997], [139.6534055950001, -36.22146685699994], [139.65325515900008, -36.22119442299993], [139.6530561730001, -36.220813902999964], [139.65284652000003, -36.220485795999934], [139.65216473400005, -36.21960575199995], [139.65150059600012, -36.21869754699998], [139.6510160150001, -36.21780801399996], [139.65071987200008, -36.21729798399997], [139.6504697680001, -36.21690213499994], [139.64919902600002, -36.21494328399996], [139.6488722680001, -36.214421535999975], [139.64853633600012, -36.21390565699994], [139.64805252400004, -36.21322957999996], [139.64764146000005, -36.21264328199993], [139.64722336900002, -36.21198866299994], [139.64659894200008, -36.21103219499997], [139.64625055600004, -36.21046843999994], [139.64589284700003, -36.20999835499998], [139.64563925900006, -36.20957445299996], [139.64535856500004, -36.20918632299998], [139.64472093200004, -36.20824004299993], [139.64435783400006, -36.20772571699996], [139.6440033550001, -36.20721540999995], [139.6436285200001, -36.20675210999997], [139.6433194550001, -36.20635142699996], [139.64315865700007, -36.20612499799995], [139.64289914800008, -36.20571842099997], [139.64225152300003, -36.20483551899997], [139.64204856900005, -36.20453652899994], [139.641851577, -36.204257214999984], [139.64164174000007, -36.203898213999935], [139.6412550020001, -36.20317899099996], [139.64102913600004, -36.20278143699994], [139.64055949700003, -36.20205137399995], [139.64028397800007, -36.20158477499996], [139.6399988720001, -36.20114231499997], [139.6396716380001, -36.20061059999995], [139.63940305100004, -36.20024580399996], [139.63914485300006, -36.19984673899995], [139.63888472000008, -36.199487301999966], [139.6382609970001, -36.19867814799994], [139.63800387700007, -36.1983569399999], [139.6377158250001, -36.197971001999974], [139.6371275350001, -36.19713303299994], [139.63665924100007, -36.19656010099993], [139.63643550200004, -36.19620864399997], [139.63622858600002, -36.19590531599994], [139.63581131500007, -36.19531824099994], [139.63560303200006, -36.19503081299996], [139.63541641300003, -36.19479609999996], [139.6352759130001, -36.194604691999984], [139.63502534300005, -36.19428549299994], [139.63483429000007, -36.19399033199994], [139.63463935100003, -36.19373036899998], [139.63444560300002, -36.19342669599996], [139.634012406, -36.19272246299994], [139.63378703500007, -36.192304330999946], [139.63356540900008, -36.19195456099993], [139.63338398100007, -36.191677512999945], [139.63318651500003, -36.19124335899994], [139.6330000050001, -36.190925507999964], [139.63282965300004, -36.19066068099994], [139.63257977900003, -36.19025716099998], [139.63241477100007, -36.18996669799998], [139.63218656200002, -36.18961470099998], [139.63193863900005, -36.18927966699994], [139.63169085700008, -36.18893148899997], [139.6314815510001, -36.18864624399998], [139.63128379400007, -36.18835865899996], [139.63104224500012, -36.18803777599993], [139.63070247200005, -36.18761671599998], [139.630367384, -36.18715486599996], [139.63015113200004, -36.186799561999976], [139.62996131500006, -36.18646277499994], [139.62967505500012, -36.18608363499993], [139.62948728600009, -36.18575436899994], [139.62931561800008, -36.18542747299995], [139.62904263200005, -36.18494266399995], [139.62881714700006, -36.18460355099995], [139.62855223500003, -36.18426165999995], [139.62836529000003, -36.18400420199998], [139.6277972570001, -36.183250004999934], [139.62727970100002, -36.18253717599998], [139.62706688600008, -36.182216971999935], [139.62683244200002, -36.18187498399993], [139.62665530200002, -36.181563333999975], [139.62647631000004, -36.18123282799996], [139.62626876700006, -36.18086177599997], [139.62612116700006, -36.18068000799997], [139.6256988450001, -36.179988365999975], [139.62526506300003, -36.17934471899997], [139.6250139650001, -36.179019058999984], [139.62472992200003, -36.17861847199998], [139.62446923200002, -36.178239179999935], [139.62427684200009, -36.177916710999966], [139.62414963800006, -36.177737847999936], [139.623954915, -36.177483826999946], [139.62384633500005, -36.17733427699994], [139.62365421100003, -36.177027073999966], [139.6235714940001, -36.17690320299994], [139.62339635800004, -36.17665667099993], [139.62332035800011, -36.17653359399998], [139.62319168500005, -36.17634686399998], [139.6230547770001, -36.176136448999955], [139.6228132990001, -36.17582220999998], [139.6225931890001, -36.175554674999944], [139.62233584600006, -36.175221361999945], [139.6217064230001, -36.17433929099997], [139.62142266500007, -36.173896931999934], [139.62110959500012, -36.17343068099996], [139.62088936200007, -36.17307001299997], [139.62067316000002, -36.17271065799997], [139.62043074100006, -36.17228616099993], [139.620061888, -36.171628081999984], [139.6195605900001, -36.17087809099996], [139.61944682600006, -36.17072210599997], [139.61927591900007, -36.17050509099994], [139.61920641000006, -36.17039834399998], [139.61906472200008, -36.170166345999974], [139.61898362500006, -36.17001011999997], [139.61892622000005, -36.16991523499996], [139.61880139700008, -36.169736788999955], [139.61868257000003, -36.16959737399998], [139.6186211040001, -36.16949697599995], [139.6184273240001, -36.16910142099994], [139.61821957200004, -36.168728348999934], [139.617964819, -36.16838438399998], [139.61761744000012, -36.16799313699994], [139.61733114800006, -36.16763271499997], [139.61705010100002, -36.16726731199998], [139.61671493200004, -36.16681070599998], [139.61640132800005, -36.166352116999974], [139.61607114700007, -36.16589484799994], [139.6156439660001, -36.165340610999976], [139.6148932750001, -36.16431480199998], [139.61453177400006, -36.16380616299995], [139.61405215700006, -36.16308867299995], [139.61378351200005, -36.162676088999945], [139.613520697, -36.16229812299997], [139.61324572800004, -36.161947587999975], [139.61277162200008, -36.16129166899998], [139.61252935900006, -36.16094053099994], [139.6123223950001, -36.16059084899996], [139.61210789200004, -36.160211799999956], [139.61191040500012, -36.159882376999974], [139.61167255700002, -36.159507437999935], [139.6114014420001, -36.159106648999966], [139.61119686300003, -36.15873915999998], [139.61093034700002, -36.15835382999995], [139.61062852600003, -36.15800315499996], [139.61038343000007, -36.15769504699995], [139.61010869200004, -36.157324725999956], [139.60987717600005, -36.156961423999974], [139.60960031700006, -36.15660098899997], [139.60935133500004, -36.156258210999965], [139.6091807900001, -36.155981131999965], [139.6090258040001, -36.15565312699994], [139.6088116510001, -36.15533726999996], [139.60853349400008, -36.15499170399994], [139.60825641600002, -36.154548509999984], [139.6080127150001, -36.15422387099994], [139.60779202600008, -36.153838408999945], [139.60755592200007, -36.15349958199994], [139.60733406300005, -36.15319155699996], [139.60700327200004, -36.152802218999966], [139.6066370750001, -36.15239990999993], [139.60631089000003, -36.152032875999964], [139.60603149500002, -36.151686661999975], [139.60528855200005, -36.15052824999998], [139.60501604400008, -36.150138106999975], [139.60452493800005, -36.14934384399993], [139.6040588720001, -36.14854980399997], [139.603820046, -36.14811886599995], [139.60360843700005, -36.147774519999984], [139.6033645000001, -36.14745588599993], [139.603168653, -36.147161120999954], [139.6030117690001, -36.14690118999994], [139.60281977300008, -36.146597966999934], [139.6026022860001, -36.14627600799997], [139.60240626200004, -36.14596697099995], [139.60216788700006, -36.14565283299993], [139.6019597400001, -36.14534136299994], [139.6017079500001, -36.14497948199994], [139.60143874100004, -36.14464729499997], [139.60125304400003, -36.14437275699993], [139.6010720060001, -36.14409858799996], [139.6008196470001, -36.14369570699995], [139.6006098790001, -36.143410760999984], [139.60039691200006, -36.14304832999994], [139.60021372300002, -36.14278649899995], [139.60006262500008, -36.14253310999993], [139.59981826000012, -36.14218823799996], [139.5996550100001, -36.141905605999966], [139.59921980500008, -36.14125043699994], [139.598977138, -36.14091087199995], [139.5987190730001, -36.14059119899997], [139.59842885600006, -36.140162078999936], [139.59817820500007, -36.13981900699997], [139.59787919500002, -36.13938519199996], [139.5976055110001, -36.13901035799995], [139.59724392600003, -36.138466896999944], [139.5969071730001, -36.13794254499993], [139.596698607, -36.13764648399996], [139.59644493300004, -36.137292807999984], [139.59594780100008, -36.13667423399994], [139.5956076430001, -36.13616520099998], [139.59520146300008, -36.13560666899997], [139.59489215700012, -36.13517099899997], [139.59442759600006, -36.13447237199995], [139.59422822500005, -36.134216735999985], [139.59400873100003, -36.13388285199994], [139.5938290790001, -36.13362748999998], [139.59363744200004, -36.13336742799993], [139.59335493300011, -36.13304365499994], [139.5930068660001, -36.132487536999975], [139.59274950000008, -36.132110341999976], [139.59216960300012, -36.131299756999965], [139.59188642700008, -36.13089473399998], [139.59168825400002, -36.13066988799994], [139.59140871600005, -36.13032336999993], [139.59115261800002, -36.12998391499997], [139.59090679400003, -36.129689361999965], [139.5906764550001, -36.12942640099993], [139.59044966600004, -36.12912484999998], [139.58996929700004, -36.12850476199998], [139.58972818600012, -36.12820516499994], [139.5894793650001, -36.127920064999955], [139.5892637080001, -36.127620580999974], [139.58905754500006, -36.12731192299998], [139.58884573900002, -36.126983166999935], [139.5886476930001, -36.12670695699995], [139.58846284900005, -36.12643571199993], [139.5883022150001, -36.12621341499994], [139.58771990700006, -36.12549233899995], [139.5874349920001, -36.12516373699998], [139.58714239800008, -36.12481772099994], [139.58693336200008, -36.12449150599997], [139.5866106090001, -36.12404650199994], [139.586313603, -36.123694214999944], [139.58562320300007, -36.12276517], [139.58538141000008, -36.122461492999946], [139.58453251900005, -36.12135737099993], [139.584144626, -36.12093206399993], [139.58334757500006, -36.11993577199996], [139.5830509850001, -36.11955438599995], [139.58283175200006, -36.119208853999965], [139.58254364700008, -36.118846754999936], [139.58231930700003, -36.11854593399994], [139.58185972500007, -36.117889350999974], [139.58159569600002, -36.117563847999975], [139.58029240400003, -36.11591286299995], [139.57995892700012, -36.115467268999964], [139.57967068400012, -36.11511058699995], [139.57937336800012, -36.114777629999935], [139.57908352900006, -36.11446049399996], [139.57881462000012, -36.11411564399998], [139.5783006140001, -36.11342828299996], [139.577827, -36.11281050699995], [139.57722450300002, -36.11199382799998], [139.57693827100002, -36.11156158099993], [139.57668302800005, -36.11118716999994], [139.57621864700002, -36.11054352699995], [139.57539440200003, -36.10946774599995], [139.57511744200008, -36.10913544899995], [139.57459350500005, -36.108453217999966], [139.5743469470001, -36.10808255999996], [139.57418433100008, -36.10784713499993], [139.57388772000002, -36.107473976999984], [139.5733222140001, -36.10677748399996], [139.57302930000003, -36.10637557899997], [139.572782823, -36.105996438999966], [139.57258271400008, -36.105715842999984], [139.57237601400004, -36.10543545499996], [139.57205336800007, -36.10506271799994], [139.57157357800008, -36.10446624999997], [139.57107526800007, -36.10369427399996], [139.57078143, -36.10329961999997], [139.5704958340001, -36.10293546299994], [139.57015910400003, -36.10249566099998], [139.5692870590001, -36.10147407499994], [139.56876873800002, -36.10078522999993], [139.56849787500005, -36.100382122999974], [139.56818636200012, -36.09990846599993], [139.5678534660001, -36.09947078799996], [139.56758684300007, -36.099111997999955], [139.56734692800012, -36.09881715599994], [139.56721578500003, -36.09861495699994], [139.56699934100004, -36.09831662899995], [139.56659626600003, -36.09786251799994], [139.56610782200005, -36.09728231599996], [139.56560283800002, -36.09668978899998], [139.5652253070001, -36.096211858999936], [139.56494487200007, -36.09582960899996], [139.56425833600008, -36.094856996999965], [139.56383143100004, -36.09430192199994], [139.56346468300012, -36.09379698199996], [139.5630711240001, -36.09323889099994], [139.5623531880001, -36.092321657999946], [139.56214053000008, -36.09206853999996], [139.56188910700007, -36.09178674499998], [139.56166310700007, -36.09152640699995], [139.5614080040001, -36.09129464899996], [139.56093477700006, -36.09075392899996], [139.56069841900012, -36.090493024999944], [139.56030143600003, -36.09000327399997], [139.56010930600007, -36.08974765199997], [139.55991001200005, -36.089501061999954], [139.55969425700005, -36.08921762399996], [139.5592444770001, -36.08857312999993], [139.5588636550001, -36.08805919699995], [139.55842097700008, -36.08753772199998], [139.5582099510001, -36.08725660799996], [139.55803593300004, -36.08699322999996], [139.5578365550001, -36.08672022099995], [139.55760571000008, -36.08641839099994], [139.55736156700004, -36.086122553999985], [139.55714078000005, -36.08580740899998], [139.5569331060001, -36.085528152999984], [139.55677198500007, -36.08528108799993], [139.5565509490001, -36.08496365999997], [139.55636759100003, -36.08475299], [139.55618568400007, -36.084523891999936], [139.55596074000005, -36.08426971199998], [139.55567499000006, -36.08396518699993], [139.55545161500004, -36.08368552699994], [139.5552838640001, -36.08344885199995], [139.5550825030001, -36.083193800999936], [139.55468423900004, -36.08265415899996], [139.55443027, -36.08234499699995], [139.55414282900006, -36.08198524699998], [139.5535653180001, -36.081227643999966], [139.5532930160001, -36.08090250299995], [139.55302439600007, -36.080562019999945], [139.55278066100004, -36.08026912699995], [139.55201219600008, -36.079294481999966], [139.551740482, -36.07896333699995], [139.55148400500002, -36.078630515999976], [139.55123571500008, -36.07827943799998], [139.55064880800012, -36.07756223299998], [139.55044871400003, -36.07727862099995], [139.55021292000004, -36.07697482499998], [139.54990660400006, -36.07662299599997], [139.5496075100001, -36.076291872999946], [139.54931256200007, -36.07597595699997], [139.54901806500004, -36.075599298999975], [139.5487738270001, -36.07531308799997], [139.54850974200008, -36.074961461999976], [139.5482015980001, -36.07456705699997], [139.54790075000005, -36.07420358199994], [139.5476272850001, -36.07388603499993], [139.5458257260001, -36.07168927599997], [139.54537162000008, -36.07117650299995], [139.54482901100005, -36.07053165099995], [139.54443050800012, -36.07002553399997], [139.54432717200007, -36.06991527599996], [139.5442527570001, -36.06982907699995], [139.54422108900008, -36.069789543999946], [139.5441251210001, -36.06965382499993], [139.54394445900004, -36.06941553499996], [139.54366796600004, -36.06901757399993], [139.54355709100003, -36.06886536199994], [139.54320752, -36.06845103699993], [139.5430999560001, -36.06830028099995], [139.54301917100008, -36.068195086999935], [139.54289201100005, -36.068049273999975], [139.54273888600005, -36.06788906199995], [139.54265043300006, -36.06778571799998], [139.54245320600012, -36.067591455999946], [139.5423151020001, -36.06744533999995], [139.542219132, -36.067360948999976], [139.54211490900002, -36.06725168599996], [139.54192438600012, -36.06701757199994], [139.54177867800001, -36.06685141299994], [139.54167075700002, -36.066709542999945], [139.54159004400003, -36.06661256199993], [139.541524707, -36.06652112599994], [139.5414558330001, -36.06643369799997], [139.54122108800004, -36.06616827199997], [139.5411460780001, -36.06607623699995], [139.5410187110001, -36.06590509499995], [139.54069392400004, -36.065452764999975], [139.54057853300003, -36.06530795599997], [139.5404855710001, -36.06520174299993], [139.54040151900006, -36.06508379599995], [139.54034604000003, -36.06501897299995], [139.54031077600007, -36.06496463499997], [139.54027309900005, -36.06491775699993], [139.5399724030001, -36.064596456999936], [139.53986675300007, -36.06446081299998], [139.5398227940001, -36.06441273399997], [139.53968895900005, -36.064275975999976], [139.5395370650001, -36.06413735499996], [139.53936033000002, -36.06394741199995], [139.53928244100007, -36.06385358299997], [139.53918547400008, -36.06371201099995], [139.5389975930001, -36.06345503699998], [139.53884213900005, -36.06321948699997], [139.5387832250001, -36.063146022999945], [139.53869388100009, -36.06305426799997], [139.53862353400007, -36.062971939999954], [139.5384487780001, -36.06274440799996], [139.53835957, -36.06264924799996], [139.5381106860001, -36.062359466999965], [139.53789146100007, -36.06212730899995], [139.53782313500005, -36.062036811999974], [139.5377836660001, -36.061992627999985], [139.53751502700004, -36.06171189099996], [139.53736237600003, -36.06156127], [139.5372281330001, -36.06141388899994], [139.53716175800002, -36.06134774999998], [139.53705629600006, -36.06121792399995], [139.53686704000006, -36.06094380099995], [139.53670128200008, -36.06075347099994], [139.53666328000008, -36.060704519999945], [139.53658942200002, -36.06059506299994], [139.53651909600012, -36.06050212599996], [139.53644218700003, -36.060415500999966], [139.5362423240001, -36.060163675999945], [139.53617734400007, -36.06006369199997], [139.5359802040001, -36.05980714599997], [139.53582565200009, -36.05963149599995], [139.53569309500006, -36.05946397099996], [139.53562064800008, -36.05939184899995], [139.53553476600007, -36.05931832899995], [139.53541158500002, -36.05916884699997], [139.5352727710001, -36.05903024299994], [139.53516882600002, -36.05891482099997], [139.53511293500003, -36.05882946299994], [139.534991095, -36.058657781999955], [139.53491369800008, -36.05857286099996], [139.5348780480001, -36.05852808599997], [139.5347035090001, -36.05829576899998], [139.53458152200005, -36.05815795199993], [139.53451168700008, -36.05807358499993], [139.5344177920001, -36.05797007599995], [139.53432219900003, -36.05788704499997], [139.53428300200005, -36.05784628799995], [139.53417060800007, -36.05771112999997], [139.53391422200002, -36.05745057599995], [139.53380168400008, -36.05731883799996], [139.533727762, -36.05722135099995], [139.53364152500012, -36.05711599299997], [139.53345069700003, -36.05690068299998], [139.53335695700002, -36.05680333699996], [139.53330733100006, -36.056740042999934], [139.533217486, -36.05659968599997], [139.53317752400005, -36.056546922999985], [139.53312628800006, -36.056491800999936], [139.5329810510001, -36.056315377999965], [139.53282015700006, -36.05614057099996], [139.53273514900002, -36.05603593799998], [139.53264007200005, -36.055910144999984], [139.53233403000002, -36.05554659799998], [139.53226778200008, -36.05545719099996], [139.53201353000009, -36.05516588399996], [139.5319021580001, -36.055026304999956], [139.53179524100005, -36.05490156399998], [139.53171358500003, -36.054817895999975], [139.53153106800005, -36.054646257999934], [139.53131561600003, -36.05446620099997], [139.53125995400012, -36.05441609099995], [139.5311316850001, -36.05428802899996], [139.5310849440001, -36.05423644999996], [139.5310030180001, -36.054128814999956], [139.53097520300003, -36.05409828499995], [139.5309199630001, -36.05401807099997], [139.5304588140001, -36.05345214799996], [139.53027151300012, -36.05325403699993], [139.5301524880001, -36.053136491999965], [139.53006379500005, -36.05303996299995], [139.52988564600003, -36.052823960999945], [139.5298259000001, -36.05272035899998], [139.52971569500005, -36.05256302399994], [139.52967780100005, -36.05250141099998], [139.52961856100012, -36.05241595799998], [139.52946124200002, -36.052206000999945], [139.52937173700002, -36.052067713999975], [139.5292811920001, -36.05196497099996], [139.52920940100012, -36.05185693499993], [139.5291684120001, -36.05180893199997], [139.52908195500004, -36.051719307999974], [139.52901349800004, -36.05163257199996], [139.5288556040001, -36.05145681899995], [139.52874984000005, -36.05131465399995], [139.52859087700006, -36.051134084999944], [139.52854692900007, -36.051076078999984], [139.52840049600002, -36.05092904099996], [139.52828655500002, -36.05080101999994], [139.528248823, -36.05075584399998], [139.52812028800008, -36.050573371999974], [139.52804396600004, -36.05047307499996], [139.5279283320001, -36.050345353999944], [139.5278652930001, -36.05029058699995], [139.5278245830001, -36.05024601799994], [139.52775272700012, -36.05014960899996], [139.5275964640001, -36.04992462499996], [139.52727968800002, -36.04951627799994], [139.52720126600002, -36.04943611199997], [139.52710394000007, -36.049314024999944], [139.5270668270001, -36.04927434099994], [139.52698324100004, -36.04919677699996], [139.52687790000004, -36.04908507499994], [139.52677943800006, -36.04895987899994], [139.52671314600002, -36.04888209599994], [139.52656030600008, -36.04872701199997], [139.5264806360001, -36.04863620799995], [139.5263389900001, -36.04844515099995], [139.52622951500007, -36.04828064399993], [139.52611288000003, -36.048126545999935], [139.52598462900005, -36.04792730199995], [139.5258525380001, -36.04773924799997], [139.52562169100008, -36.04748415599994], [139.5255308610001, -36.04739852199998], [139.525341883, -36.047231144999955], [139.5253101500001, -36.04719366599994], [139.52518162800004, -36.04706182599995], [139.5251263770001, -36.04701241099997], [139.52485981900008, -36.04674470699996], [139.52468975300008, -36.04653781199994], [139.52465808500006, -36.04648869499994], [139.5245363460001, -36.04632555999996], [139.52449779000005, -36.04628002399994], [139.5244137530001, -36.046193201999984], [139.5242554900001, -36.04599655499993], [139.52406838600007, -36.045794333999936], [139.52396035000004, -36.04568666199998], [139.52388913400011, -36.045605672999955], [139.523745909, -36.04545288999998], [139.5235328770001, -36.04519520399998], [139.52342560500006, -36.045089607999955], [139.52331065400006, -36.04496600799996], [139.52323994300002, -36.044882978999965], [139.5231568270001, -36.04476401499994], [139.523018352, -36.044608283999935], [139.52279663100012, -36.04432675499993], [139.52266173100008, -36.04418652399994], [139.522625607, -36.04414309699996], [139.52254585900005, -36.044034497999974], [139.52232551400004, -36.04380089699998], [139.522259608, -36.043713888999946], [139.5220940060001, -36.043551943999944], [139.52202036500012, -36.043458561999955], [139.52192485800003, -36.04330299199995], [139.52186136000012, -36.04321912199998], [139.52177277300007, -36.04312019399998], [139.52169960800006, -36.04302546099996], [139.52161085900002, -36.042920367999955], [139.52141543400012, -36.04270558899998], [139.5213474300001, -36.042618525999956], [139.5211867480001, -36.042439944999956], [139.52105559400002, -36.04227038799996], [139.52097689100003, -36.04218713399996], [139.52091721600004, -36.042132798999944], [139.52074657000003, -36.04195052299997], [139.52052687900004, -36.04168135899994], [139.52006863400004, -36.041188129999966], [139.51975046200005, -36.04081085699994], [139.5194109690001, -36.04042580999993], [139.51911110900005, -36.04007057899997], [139.51877369500005, -36.039747741999975], [139.51844374200004, -36.03939636399997], [139.5180733200001, -36.03896151099997], [139.5177923990001, -36.03862405199993], [139.5174752580001, -36.03830155099996], [139.51718954700004, -36.037978358999965], [139.51688141600005, -36.037616827999955], [139.51646879700002, -36.03716427399996], [139.51609171200005, -36.03676506299996], [139.5158321130001, -36.03647800699997], [139.51553162100004, -36.03612613399997], [139.51530472500008, -36.035881], [139.51502028700008, -36.03551366299996], [139.51478570300003, -36.03522332799997], [139.5144455510001, -36.03481600199996], [139.5140547410001, -36.03442267199995], [139.51347706100012, -36.03386966599993], [139.5131526790001, -36.033468169999935], [139.51279152100005, -36.03304853699996], [139.51243519700006, -36.03269735199996], [139.51168659100006, -36.03201522299997], [139.510899396, -36.031104023999944], [139.510484807, -36.03061605199997], [139.5101869670001, -36.03024711799998], [139.5099928400001, -36.029988222999975], [139.5097065550001, -36.02957442099995], [139.50954414800003, -36.02933331099996], [139.509393229, -36.02912165699996], [139.50923522800008, -36.02894807399997], [139.50889068800006, -36.02858871099994], [139.5084517350001, -36.028139377999935], [139.5080618500001, -36.027702844999965], [139.507700547, -36.027291085999934], [139.50735109200002, -36.02692618599997], [139.5068124490001, -36.026324418999934], [139.50628917200004, -36.02562520699996], [139.50591219500006, -36.025238488999946], [139.50540295300004, -36.02470136399995], [139.50488208100012, -36.024145390999934], [139.50445094100007, -36.02367522099996], [139.5040281890001, -36.02318149399997], [139.50352635000002, -36.02255558], [139.50337504100003, -36.02238166199993], [139.5032830130001, -36.02225337099998], [139.50315261100002, -36.022098883999945], [139.5030561090001, -36.02199846099995], [139.50296341900003, -36.02191309899996], [139.5028602740001, -36.02182688099998], [139.50276021900004, -36.02173423599993], [139.50238140300007, -36.02136367799994], [139.5023172650001, -36.02129411499993], [139.50227426100003, -36.02123547299993], [139.5021941990001, -36.02114598399993], [139.5018746600001, -36.02082823099994], [139.5016180980001, -36.02056018999997], [139.50156308200008, -36.02049288899997], [139.50150910000002, -36.020417443999975], [139.50138316800007, -36.02022877199994], [139.50129945000003, -36.02013445499995], [139.5010164680001, -36.01983158899998], [139.50092018300006, -36.01971868199996], [139.50073568200003, -36.01947152599996], [139.50069523900004, -36.019408888999976], [139.50060369800008, -36.01929059899993], [139.5005119770001, -36.01917980199994], [139.50043695400007, -36.01907267699994], [139.5002837830001, -36.01888324199996], [139.50008459900005, -36.018653907999976], [139.4997898910001, -36.018350848999944], [139.4992228630001, -36.01780811399993], [139.49885294000012, -36.01747628299995], [139.4986932590001, -36.017314330999966], [139.49828376200003, -36.01684833199994], [139.4981939480001, -36.01672870999994], [139.49803172200006, -36.01655003099995], [139.49792891200002, -36.016429864999964], [139.49777840500008, -36.01623501399996], [139.49743225500004, -36.01582111299996], [139.49735673300006, -36.01573509399998], [139.49690086400005, -36.01526256599993], [139.4967389830001, -36.01508764499994], [139.49652005300004, -36.014808253999945], [139.49613589500007, -36.014353547999974], [139.49603540400005, -36.014241924999965], [139.4959987520001, -36.01419637899994], [139.49582720500007, -36.01395214799993], [139.49572864000004, -36.01382999599997], [139.49557316000005, -36.01366811599996], [139.49549933000003, -36.01358144099993], [139.49539493700001, -36.01347555199993], [139.495340273, -36.01342904499995], [139.4952327630001, -36.01334831799994], [139.49514241500003, -36.01326820099996], [139.4950693280001, -36.01318563299998], [139.49496739300002, -36.013082166999936], [139.49492984200003, -36.01303898599997], [139.49471131600012, -36.01276096699996], [139.4945459930001, -36.01257201599998], [139.4943797200001, -36.01240587199993], [139.49423895200005, -36.01227794799996], [139.4940269120001, -36.012044311999944], [139.493927073, -36.011940540999944], [139.49383533200012, -36.01183144299995], [139.49380040200003, -36.01178456499997], [139.49369758700004, -36.011629641999946], [139.49364211600005, -36.01156472499997], [139.493586939, -36.011504910999975], [139.49341121700002, -36.01133044499994], [139.49321501500003, -36.01111852399998], [139.49308163500007, -36.010962441999936], [139.49291947300003, -36.01078239199995], [139.49267925800007, -36.01048188599998], [139.49256680300005, -36.01036257299995], [139.49251051400006, -36.010296617999984], [139.49234235400002, -36.010087184999975], [139.49223590200006, -36.00996217599993], [139.49216047800007, -36.00988978799995], [139.49205344000006, -36.00977193299997], [139.4916341170001, -36.00926419099994], [139.49145150900006, -36.009080419999975], [139.49117461800006, -36.00878886099997], [139.49062250200006, -36.00822417699993], [139.49039784700005, -36.007975346999956], [139.49033521800004, -36.00791167199998], [139.4901235520001, -36.00771551199995], [139.490014835, -36.007597964999945], [139.4898606050001, -36.007402372999934], [139.4895682660001, -36.00707343899995], [139.48952757300003, -36.00702169599998], [139.48937301800004, -36.00678759699997], [139.48929637900005, -36.006643646999976], [139.48926285900006, -36.00658997299996], [139.4892243280001, -36.00653553999996], [139.4890920590001, -36.006368563999956], [139.4889468340001, -36.006234768999946], [139.48885437400008, -36.00613894299994], [139.48877443800006, -36.00606306999998], [139.4887209210001, -36.00600431699996], [139.48853013500002, -36.005811886999936], [139.48840294700005, -36.00569574799994], [139.4880721410001, -36.005415599999935], [139.4878045600001, -36.00515655299995], [139.4877133980001, -36.00505869699998], [139.48745400300004, -36.004773204999935], [139.48719269700007, -36.00446247599996], [139.48689049400002, -36.00407375899994], [139.48673339900006, -36.00385835199995], [139.4865864940001, -36.00367241099997], [139.4864014960001, -36.00341431499993], [139.48625144000005, -36.00323751899998], [139.4860824540001, -36.00304611699994], [139.485514619, -36.00245833599996], [139.48540962000004, -36.002343562999954], [139.4853098530001, -36.002220370999964], [139.4851467640001, -36.00204540899995], [139.484929168, -36.00180111299994], [139.48450074000004, -36.00134429999997], [139.4843720770001, -36.001202588999945], [139.48411322800007, -36.00089495399993], [139.48402820600006, -36.000804347999974], [139.48398053200003, -36.00074704599996], [139.4839080280001, -36.00067571899996], [139.4838148330001, -36.00057612399996], [139.48358107800004, -36.000306354999964], [139.48353599100005, -36.00024602599996], [139.483338612, -36.00001533099993], [139.4831628180001, -35.999845955999945], [139.48302208100006, -35.999735734999945], [139.48291591500004, -35.99963491799997], [139.48287267000012, -35.99958517899995], [139.48273507600004, -35.99944911599994], [139.48266770500004, -35.99939149499994], [139.48254153900007, -35.999303304999955], [139.4824351100001, -35.99919601099998], [139.48230275900005, -35.999033458999975], [139.48211033100006, -35.99884132799997], [139.48205815900008, -35.99877917999993], [139.48196324600008, -35.99862914899995], [139.48189395500003, -35.99852891699993], [139.48181733500007, -35.99843776499995], [139.48139371500008, -35.997956830999954], [139.48116973600008, -35.99764735499997], [139.48095256600004, -35.99738602299993], [139.48073099600003, -35.99715085299994], [139.4806590600001, -35.99705636799996], [139.4805262120001, -35.99689721499993], [139.48030084700008, -35.99668071699995], [139.48012391200007, -35.99648985399995], [139.48001498300005, -35.99638217399996], [139.47976944700008, -35.99616774599997], [139.4795580980001, -35.99596066999993], [139.4793183800001, -35.99574188699995], [139.4792857120001, -35.99571208499998], [139.479226368, -35.99565220699998], [139.47909457600008, -35.995501918999935], [139.47904082600007, -35.99545337099994], [139.47894209300011, -35.99534006899995], [139.47890608300008, -35.99530372299995], [139.47874905100002, -35.995157124999935], [139.47861764100003, -35.99502558599994], [139.47846805000006, -35.994900566999945], [139.478384956, -35.99481748699998], [139.47825099700003, -35.99466989499996], [139.4780454490001, -35.99446631099994], [139.47795384300002, -35.994353452999974], [139.4778508280001, -35.99424450699996], [139.47759399400002, -35.99401183799995], [139.47750214500002, -35.99390919899997], [139.47742311800005, -35.99383095199994], [139.47724618300003, -35.99367551599994], [139.4770392270001, -35.99347839], [139.47678639100002, -35.99321954299995], [139.47666792600012, -35.993090595999945], [139.47654817000011, -35.992928235999955], [139.47637413400003, -35.992722079999965], [139.47632959300006, -35.99267402499993], [139.47602334500004, -35.99237004299994], [139.47586375600008, -35.99222578399997], [139.47568383700002, -35.99203759599993], [139.47564182200006, -35.991989236999984], [139.4755755770001, -35.99190301699997], [139.47514812400004, -35.99142744899996], [139.47481585800006, -35.991035978999946], [139.47458211000003, -35.99072984099996], [139.4743481380001, -35.99045603899998], [139.47408529900008, -35.99018267499997], [139.47387667700002, -35.98998433899993], [139.47335928200005, -35.98959211699997], [139.47304027600012, -35.989313065999966], [139.47236865500008, -35.98860596999998], [139.47202500600008, -35.98820106499994], [139.4716376350001, -35.98777405299995], [139.4712561240001, -35.98739380199993], [139.470946109, -35.98704544599997], [139.47048896900003, -35.98656197599996], [139.47019610000007, -35.98618907499997], [139.4699468670001, -35.98589885599995], [139.46967405300006, -35.985622588999945], [139.46947311200006, -35.98541078899996], [139.46924797200006, -35.985201949999976], [139.46887003000006, -35.98482854499997], [139.468787603, -35.984757954999964], [139.4685832340001, -35.98462390599997], [139.46843639500003, -35.98451219499998], [139.46832919000008, -35.984414467999954], [139.46824158200002, -35.98432406399996], [139.4681669470001, -35.984235153999975], [139.46787315000006, -35.983839340999964], [139.4677947890001, -35.98374766899997], [139.46765104300005, -35.98356409799993], [139.46761266400006, -35.98352048499993], [139.46741555300002, -35.98331700399996], [139.4672541320001, -35.98316972999993], [139.4669745220001, -35.98293075], [139.46657120500004, -35.98260513099996], [139.46629797100002, -35.98236008199996], [139.46625290100008, -35.98231537699996], [139.46602514200003, -35.982055411999966], [139.4659792750001, -35.98200832599997], [139.46589241900006, -35.98192474099994], [139.46580047700002, -35.98184487299994], [139.46566441400012, -35.98171246499993], [139.465518932, -35.98159496799997], [139.46547338800008, -35.98155401399998], [139.4653792150001, -35.98145401499994], [139.46522799500008, -35.98132692299998], [139.46504195900002, -35.98114194699997], [139.464846641, -35.980960627999934], [139.46476318400005, -35.98087401499998], [139.46467291300007, -35.980794153999966], [139.46457369200004, -35.980695467999965], [139.4643172970001, -35.98041582399998], [139.46411347100002, -35.980244298999935], [139.4640288920001, -35.98017777499996], [139.4639001070001, -35.980064854999966], [139.46380661600006, -35.97997644999998], [139.4636868980001, -35.97987552999996], [139.46348439000008, -35.97972923499998], [139.4633782620001, -35.979645474999984], [139.4632238050001, -35.97951085899996], [139.46309111000005, -35.97937781199994], [139.46300065900004, -35.97928193499996], [139.46286918300007, -35.97912197499994], [139.46279909800012, -35.979007551999985], [139.46264510800006, -35.97871929599995], [139.4625249490001, -35.978529124999966], [139.4624126340001, -35.97837752399994], [139.46222134700008, -35.978148879999935], [139.462037763, -35.977968687999976], [139.4618668280001, -35.97781347999995], [139.46165301100007, -35.977607457999966], [139.46160953600008, -35.977569579999965], [139.46144405600012, -35.97744439799993], [139.46133804400006, -35.97735212799995], [139.46127441900012, -35.97728613299995], [139.461054869, -35.97701089999998], [139.4608129830001, -35.97674466099994], [139.4607062560001, -35.976643528999944], [139.46060182100007, -35.97655910599997], [139.4604141220001, -35.97637376299997], [139.4601819190001, -35.97613486199998], [139.46001702700005, -35.975937116999944], [139.45990850300007, -35.975815187999956], [139.4598240580001, -35.97570982599996], [139.45975922600007, -35.97561043299993], [139.45964237200008, -35.97536476399995], [139.4596091090001, -35.97531574599998], [139.4595036490001, -35.97518463999995], [139.45944704900012, -35.975125859999935], [139.4593485570001, -35.97503536499994], [139.45897321200005, -35.97472360399996], [139.45876257600003, -35.974560864999944], [139.45861131000004, -35.974438540999984], [139.45837181900004, -35.97427179099998], [139.45820069600006, -35.97413122499995], [139.4579037740001, -35.973845737999966], [139.45785130100012, -35.97379210399998], [139.45781832400007, -35.97375262899993], [139.45764185200005, -35.97357487099998], [139.4574688880001, -35.973416576999966], [139.45738626600007, -35.97333064299994], [139.45729984500008, -35.973247406999974], [139.45708179000007, -35.97301647099994], [139.4567350750001, -35.97260583299993], [139.45655162800006, -35.9724178], [139.4563435330001, -35.97216480499998], [139.45610269300005, -35.97191492099995], [139.45601210200005, -35.97183062499994], [139.45587944600004, -35.97169653999998], [139.45573440300006, -35.97151975299994], [139.45556406100002, -35.971324006999964], [139.455401778, -35.97112151299996], [139.4553142000001, -35.97100079099994], [139.45516133700005, -35.97084437099994], [139.4550401140001, -35.970702218999975], [139.4549674310001, -35.97062591599996], [139.45486561600012, -35.970534698999984], [139.45476320400007, -35.970455741999956], [139.4545420080001, -35.97030039599997], [139.4544360650001, -35.97023537699994], [139.45414681600005, -35.970031707999965], [139.45400498200001, -35.969925468999975], [139.45386204400006, -35.969808659999956], [139.45373934200006, -35.96968318599994], [139.4536663440001, -35.969598703999964], [139.45360057300002, -35.96950747699998], [139.45342052500007, -35.96928710199995], [139.45332676600003, -35.969159512999966], [139.45313841200004, -35.96896392499997], [139.45304611000006, -35.96885236099996], [139.45292931400002, -35.968693892999966], [139.4528080010001, -35.96855922599997], [139.45258964700008, -35.96835144399995], [139.45250350700007, -35.96827842599998], [139.4524158580001, -35.96819312699995], [139.45227003500008, -35.96807356199997], [139.45217360800007, -35.96798716699993], [139.452103125, -35.96793268299996], [139.45194338500005, -35.96781878799993], [139.45165404800002, -35.967593647999934], [139.45148067600007, -35.96746531699995], [139.45118466500003, -35.96720808999993], [139.45102014100007, -35.96701749899995], [139.4508917500001, -35.96687970299996], [139.45085261600002, -35.96683095999998], [139.4506809390001, -35.96658306799998], [139.45055791100003, -35.966391501999965], [139.4504580480001, -35.966251919999934], [139.450337815, -35.966099895999946], [139.45027845200002, -35.96603052299997], [139.450131929, -35.96584145899993], [139.4499010710001, -35.96557019299996], [139.4497126020001, -35.965384479999955], [139.4496474440001, -35.96530960999996], [139.4495012320001, -35.96515767899996], [139.44935425500012, -35.96503094999997], [139.4492185570001, -35.96490671199996], [139.44904369000005, -35.964737139999954], [139.4489899770001, -35.964682470999946], [139.44883768700004, -35.964486542999964], [139.448690058, -35.96431755599997], [139.4485209400001, -35.96415587399997], [139.44825200900004, -35.963910820999956], [139.44810058300004, -35.96374351099996], [139.44793479100008, -35.963583899999946], [139.44787867000002, -35.963522402999956], [139.44774476300006, -35.96336070299998], [139.44768186900012, -35.96327393099995], [139.44759944300006, -35.96314677799995], [139.44741354600012, -35.962927358999934], [139.44737825000004, -35.96287456899995], [139.4473410390001, -35.962809154999945], [139.44723402800003, -35.96270153499995], [139.44715192700005, -35.962640130999944], [139.44694196000012, -35.96249373099994], [139.4468485000001, -35.96240565599993], [139.4467475670001, -35.96228241499995], [139.44663216100003, -35.96211680299996], [139.44650098500006, -35.96196909199995], [139.44634101200006, -35.96175469199994], [139.4463002440001, -35.96170423299998], [139.446264315, -35.96166676499996], [139.4461534630001, -35.96156387399998], [139.44608787100003, -35.96149035999997], [139.446015944, -35.96142121799994], [139.4458888250001, -35.96131306099994], [139.4457066120001, -35.961189410999964], [139.44562158700012, -35.96112763199994], [139.44533850900007, -35.96084803799994], [139.44527462700012, -35.96080213399995], [139.445180337, -35.96071336299997], [139.44512465100001, -35.960651180999946], [139.44498694700007, -35.96052146599993], [139.44478845300011, -35.96030499799997], [139.44473348500003, -35.96025065799995], [139.444608194, -35.960102666999944], [139.4444338400001, -35.959868367999945], [139.44431555200003, -35.959728955999935], [139.44409682900005, -35.95952115399996], [139.44391022700006, -35.95932318299998], [139.4438432820001, -35.95925749899993], [139.4437724290001, -35.95920096599997], [139.44373794700005, -35.95917952399998], [139.4436844820001, -35.95913814199997], [139.44364226800008, -35.95910095499994], [139.44347453500006, -35.95893246399993], [139.443193317, -35.95864027199997], [139.44306543400012, -35.95852733799995], [139.44298462300003, -35.95843494799993], [139.4428693750001, -35.958317361999946], [139.44278780000002, -35.958219509999935], [139.44265485800008, -35.95802000499998], [139.4425355620001, -35.957863205999956], [139.4424634830001, -35.957774978999964], [139.4423602290001, -35.957669428999964], [139.44226349100006, -35.95757689499993], [139.44209209500002, -35.957430848999934], [139.44196111500003, -35.957300508999936], [139.44189427900005, -35.95722663799995], [139.44179798800008, -35.95710275999994], [139.44176933200004, -35.95705480099997], [139.44171517200004, -35.95694460399994], [139.44158488000005, -35.95670594099994], [139.44152806900001, -35.95663454899994], [139.44139938700005, -35.95651956499995], [139.44129992400008, -35.95641303199994], [139.4412208020001, -35.95631928499995], [139.44111393000003, -35.95620313799998], [139.44104956600006, -35.95614013599993], [139.44096720200002, -35.956071375999954], [139.44087011600004, -35.95597976399995], [139.4407546010001, -35.955899328999976], [139.4406232450001, -35.95582773199993], [139.44023261300003, -35.95565909399994], [139.44011579900007, -35.95560386999995], [139.440086564, -35.95558784299993], [139.44001734100004, -35.95553951699998], [139.43992209500004, -35.95545511299997], [139.43980695200003, -35.95532760499998], [139.43970180000008, -35.95519077999995], [139.43960641600006, -35.95505008199996], [139.4395113280001, -35.954901201999974], [139.43943809400002, -35.954799219999984], [139.43939744700003, -35.95474950499994], [139.43935055200006, -35.95469861799995], [139.43931152900007, -35.95466258699997], [139.43915728900004, -35.954537252999955], [139.439102756, -35.95448891199993], [139.4389708120001, -35.95435010299997], [139.4389332400001, -35.95430830399994], [139.43882232600004, -35.95416826799993], [139.43864311700008, -35.95391682299993], [139.43851760500002, -35.95378600799995], [139.43843866600002, -35.95369139699994], [139.43823955100004, -35.953469505999976], [139.43807120200006, -35.95326776799993], [139.4378882640001, -35.95308753699993], [139.43778637900004, -35.95297704799998], [139.43773859400005, -35.952915563999966], [139.43758049200005, -35.95268472499998], [139.43744564700012, -35.95247284699997], [139.43737560700004, -35.95238765199997], [139.43732046000002, -35.952332818999935], [139.4372740330001, -35.95229252399997], [139.4371240900001, -35.95216489599994], [139.4370166110001, -35.95208259399993], [139.43697641200004, -35.95204413799996], [139.43664662600008, -35.95168346599996], [139.43658619100006, -35.95162408099998], [139.43635836400006, -35.95145576599998], [139.43626063800002, -35.95137061999998], [139.4362149220001, -35.95132214599994], [139.4361755330001, -35.951272459999984], [139.43609317300002, -35.95115593299994], [139.43601123300004, -35.951063302999955], [139.43593098000008, -35.95098231099996], [139.435874054, -35.95091856999994], [139.4358198970001, -35.95087127099998], [139.43573844200012, -35.95078888299997], [139.43560271600006, -35.950662600999976], [139.43550662200005, -35.950566917999936], [139.43538180200005, -35.95045249399993], [139.43529209100006, -35.95035421699998], [139.43522505600004, -35.95026739599996], [139.43507386300007, -35.95003125299996], [139.43495630900009, -35.949889352999946], [139.43479839100007, -35.94973765999998], [139.4343744460001, -35.94940687199994], [139.4343002170001, -35.949345810999944], [139.434194638, -35.949245463999944], [139.43406745100003, -35.949115286999984], [139.43395155500002, -35.948985714999935], [139.43387311800007, -35.948877127999936], [139.43374247000008, -35.94866567299994], [139.4336652820001, -35.948569059999954], [139.43357906500012, -35.94847906399997], [139.43348162400002, -35.948386066999944], [139.4332106380001, -35.948144430999946], [139.43290835900007, -35.947862157999964], [139.43273537800007, -35.947685553999975], [139.43264285600003, -35.947583805999955], [139.43248319300005, -35.94739829599996], [139.4322786880001, -35.94717559299994], [139.43214418500008, -35.94705070099997], [139.4319356520001, -35.94687122299996], [139.43180456300001, -35.94674470999996], [139.43159628600006, -35.94658195699998], [139.43142564200002, -35.94645861199996], [139.43120432400008, -35.946273048999956], [139.43109553200009, -35.94616887199993], [139.43087524400005, -35.94594170599993], [139.43082430800007, -35.94588662999996], [139.4307165450001, -35.94574086299997], [139.43057886300005, -35.945538803999966], [139.43050699600008, -35.945446404999984], [139.430396867, -35.945332648999965], [139.43035480900005, -35.94529961099994], [139.43025025300005, -35.94523033099995], [139.43017585400003, -35.94517436799998], [139.43005374900008, -35.94503100099996], [139.42978993400004, -35.94469298699994], [139.42972900100006, -35.944599806999975], [139.4296034020001, -35.94438847699996], [139.42950355300002, -35.94424425799997], [139.42941388600002, -35.94414529799997], [139.42937238800005, -35.94410818199998], [139.42927227100006, -35.94403184299995], [139.42905403700001, -35.94387840199994], [139.4289401640001, -35.94378776399998], [139.42876703500008, -35.94363979999997], [139.428590965, -35.9434801699999], [139.4284259740001, -35.94335184499994], [139.4281592650001, -35.94309699499996], [139.42809925200004, -35.943037609999976], [139.42802745000006, -35.94295544499994], [139.42788303300006, -35.94282656699994], [139.42780045100005, -35.94272879599998], [139.4277096400001, -35.94263834199995], [139.42762019400004, -35.94253291499996], [139.42749430300012, -35.94240207399997], [139.4272472870001, -35.942172237999955], [139.4270394980001, -35.941960019999954], [139.42686052500005, -35.941799636999974], [139.4267635220001, -35.94170665699994], [139.42671943900007, -35.94165957699994], [139.42656551200002, -35.941442809999955], [139.42639630500003, -35.94117110299993], [139.42627237400006, -35.94100824399993], [139.4261868430001, -35.940911091999965], [139.426087122, -35.940811896999946], [139.42595098900006, -35.94069788599995], [139.4258532450001, -35.94062602899993], [139.4256163230001, -35.94046993999996], [139.42556999200008, -35.940431486999955], [139.42536725200011, -35.94024268499993], [139.4252567210001, -35.94010856899996], [139.42515161900008, -35.93995301099994], [139.42501708400005, -35.939776620999965], [139.424643499, -35.939375835999954], [139.4244354640001, -35.939130973999966], [139.4242956170001, -35.93899309899996], [139.42416492900009, -35.93888332499995], [139.42401798600008, -35.93876687499994], [139.4238027120001, -35.93857484499995], [139.4236011370001, -35.93841472399998], [139.4234788990001, -35.93832553999994], [139.42342675200007, -35.938283265999985], [139.42337671600012, -35.938241019999964], [139.42326652000008, -35.9381359299999], [139.42312274000005, -35.93798332699998], [139.42290008100008, -35.93771200499998], [139.42283002800002, -35.93761523799998], [139.4227606070001, -35.93750721799995], [139.42264970500003, -35.937301065999975], [139.42246726500002, -35.93705718899997], [139.42242783000006, -35.93700892399994], [139.4223408140001, -35.93692220099996], [139.42220865900003, -35.93677723899998], [139.4221624490001, -35.93673231399998], [139.42167578900012, -35.936294662999956], [139.42150056600008, -35.93611710899995], [139.42135159100008, -35.93597399499998], [139.4211133970001, -35.93572637999995], [139.420915798, -35.93555640699998], [139.42073817400012, -35.93539588899995], [139.42069760700008, -35.935363655999936], [139.42056906200003, -35.935275753999974], [139.42046967700003, -35.93522268399994], [139.42017589900001, -35.93505531599993], [139.42001461100006, -35.93494381399995], [139.41990783300002, -35.934858891999966], [139.41983224400008, -35.93479039899995], [139.41977867600008, -35.93473411599996], [139.41970316000004, -35.93463864599994], [139.41948600700005, -35.934342121999975], [139.41940986400004, -35.93425757899996], [139.41935082300006, -35.93420293099996], [139.41924535500004, -35.93411530499998], [139.41907301600008, -35.93398761599997], [139.41902048600002, -35.93394465799997], [139.4187605610001, -35.93371590199996], [139.41867924400003, -35.93363914599996], [139.41848028900006, -35.933428178999975], [139.41823413300006, -35.933110821999946], [139.4181727790001, -35.93302098799995], [139.41813660000003, -35.93295534899994], [139.41805982800008, -35.93278988299994], [139.41803421200007, -35.932743484999946], [139.41793861000008, -35.93259794199997], [139.41787961600005, -35.932494136999935], [139.41784729500012, -35.93244697899996], [139.4177861500001, -35.93236943399995], [139.41770592500006, -35.932279035999954], [139.41764330500007, -35.93218986599993], [139.41757770900006, -35.93207915399995], [139.41754174400012, -35.93202546799995], [139.41747098400003, -35.93194507599998], [139.41742927300004, -35.93190702499993], [139.4173183140001, -35.93182171999996], [139.41721911700006, -35.93175942899995], [139.41680066000004, -35.93152297199998], [139.41662629600012, -35.93143861999994], [139.41645621300006, -35.931349875999956], [139.41638647800005, -35.93130637099995], [139.4163371950001, -35.93126925799993], [139.4162781010001, -35.93121768499998], [139.41610696500004, -35.931047328999966], [139.41605514100002, -35.93098833499994], [139.415988437, -35.93089263199994], [139.4158741230001, -35.93071408199995], [139.4157637620001, -35.93052635899994], [139.41566492000004, -35.93037428399998], [139.41559066700006, -35.93027883199994], [139.41549967800006, -35.93018010499998], [139.4154385590001, -35.93012441399998], [139.41522015400005, -35.92994496499995], [139.41511849500012, -35.92985635499997], [139.41477891300008, -35.929530360999934], [139.41457559200012, -35.92935347799994], [139.4144685220001, -35.92923885799996], [139.41430831600007, -35.92909116599998], [139.4142198180001, -35.92899451999995], [139.41407183100011, -35.92882137], [139.41395403500007, -35.92871993299997], [139.41390745700005, -35.92867260699995], [139.41375174300003, -35.928485371999955], [139.41361752800003, -35.928293604999965], [139.41355478100002, -35.92821228599996], [139.4134844340001, -35.928132922999964], [139.41343778600003, -35.92808969499998], [139.4133802450001, -35.928045304999955], [139.413215336, -35.92792623699995], [139.4130186640001, -35.92777606599998], [139.41291671500005, -35.92768028099994], [139.4127780120001, -35.927504846999966], [139.4127237450001, -35.927394954999954], [139.41268930400008, -35.92730372699998], [139.41262837300008, -35.92716780699993], [139.41259083900002, -35.92710795599993], [139.4125581080001, -35.927061134999974], [139.4124834170001, -35.926967040999955], [139.41239953600007, -35.92687010599997], [139.41232170600006, -35.926787237999974], [139.4122445920001, -35.926710868999976], [139.41220491, -35.92667693499993], [139.41206830800002, -35.92657083499995], [139.41189846300006, -35.92644658099994], [139.41144212100005, -35.926079924999954], [139.411286302, -35.92596881399993], [139.41124085600006, -35.92592935199997], [139.4111809970001, -35.925873671999966], [139.41112950800004, -35.925819453999964], [139.41099329700012, -35.925692194999954], [139.4109199840001, -35.92561484299995], [139.4106387370001, -35.92533801199994], [139.4105456970001, -35.925236867999956], [139.41045418500005, -35.92514496599995], [139.41039965800007, -35.92509651299997], [139.4102862530001, -35.92500810499996], [139.410246711, -35.924966317999974], [139.41017412200006, -35.92487225199994], [139.41008948, -35.924771549999946], [139.40995345200008, -35.92463437999993], [139.40983631400002, -35.92454319099994], [139.40979054800005, -35.92449757899993], [139.4095680580001, -35.924244674999954], [139.4095251560001, -35.92420284499997], [139.40928390200008, -35.924012869999956], [139.40911756600008, -35.923857589999955], [139.40903844500008, -35.92377607199995], [139.40896607700006, -35.92369360899994], [139.40887237200002, -35.92356037099995], [139.40877338000007, -35.92337107399993], [139.40874766800005, -35.92330760899995], [139.40866045100006, -35.92316419699995], [139.40843205300007, -35.92284361499998], [139.40834911600007, -35.92274190699993], [139.408298026, -35.922688721999975], [139.40816952000011, -35.922576909999975], [139.40797839700008, -35.92244625699993], [139.4078298180001, -35.92233044699998], [139.40765661500006, -35.92220683099998], [139.407404132, -35.92198804299994], [139.40722163600003, -35.92182197599993], [139.40711580000004, -35.92173331499998], [139.40703007800005, -35.92164590699997], [139.40686866900012, -35.92149717299998], [139.40665109500003, -35.92127469899998], [139.40655665100007, -35.92118275399997], [139.40640450800004, -35.921008867999944], [139.40626922700005, -35.92087751399998], [139.40612737100003, -35.920761433999985], [139.40583296800003, -35.92054009199995], [139.40549193900006, -35.92029871899996], [139.40535225500003, -35.92017857899998], [139.40513239100005, -35.919967345999964], [139.40505060500004, -35.91989467299993], [139.40480645800005, -35.91963398099995], [139.4047231730001, -35.919551722999984], [139.40449056600005, -35.91934819099998], [139.40432200200007, -35.91917819399998], [139.40410917400004, -35.918949287999965], [139.40406462300007, -35.91890676299994], [139.40384867400007, -35.91873415099997], [139.4037466840001, -35.918641768999976], [139.40341312300006, -35.91833630299993], [139.403276268, -35.918199466999965], [139.4029461120001, -35.917891305999945], [139.40283108500012, -35.917754730999945], [139.4027894950001, -35.91771087099994], [139.40259588800006, -35.91753340199995], [139.40242035200004, -35.917354451999984], [139.40225464700006, -35.91716570899996], [139.4021357370001, -35.91701201199993], [139.4019472330001, -35.9168079799999], [139.401717049, -35.91654164999994], [139.40160832200002, -35.91640479999995], [139.40155852600003, -35.916350945999966], [139.40125052500002, -35.916071047999935], [139.4011459830001, -35.915981364999936], [139.40076539100005, -35.915678398999944], [139.40051239800005, -35.915489624999964], [139.40028656000004, -35.915308350999965], [139.40016064400004, -35.91521636199997], [139.400032989, -35.91510557899994], [139.39990223300003, -35.91500329499996], [139.39960651, -35.91471875499997], [139.3994445930001, -35.91455293299998], [139.39933766800004, -35.91445570399998], [139.39913394100006, -35.91425900099995], [139.39898450500004, -35.91412268499994], [139.39882579300001, -35.91396543399998], [139.3986625450001, -35.913781152999945], [139.39856690400006, -35.91368645499995], [139.39845993000006, -35.91359196099995], [139.39823831400008, -35.91338650199998], [139.3981409150001, -35.913319771999966], [139.39799581800003, -35.91319853099998], [139.39792540100007, -35.913124971999935], [139.3978001380001, -35.91297460299995], [139.39773619200002, -35.91289121199998], [139.39760442700003, -35.91270663599994], [139.3975670740001, -35.91266111699997], [139.39751070700004, -35.912599323999984], [139.39746695200006, -35.91255885499993], [139.39729677200012, -35.91243287799995], [139.39707754200003, -35.912281372999985], [139.39682444400012, -35.91212230199994], [139.39677648100007, -35.91208280099994], [139.39658023800007, -35.91193636199995], [139.3964242950001, -35.91183512499998], [139.396283863, -35.91173476499995], [139.39599570200005, -35.91149673899997], [139.39576367400002, -35.91128773299994], [139.39571048000005, -35.91123588299996], [139.39557754500004, -35.91109293799997], [139.395310353, -35.91083331599998], [139.39522310100006, -35.91073905999997], [139.3951529200001, -35.91065285999997], [139.3949563110001, -35.91043471399996], [139.39486193200003, -35.91034071099995], [139.39476193000007, -35.91025551799993], [139.39471965200005, -35.91022701399993], [139.39465714400012, -35.91016404299995], [139.3945742510001, -35.910071768999956], [139.39406380100002, -35.909400535999964], [139.39402525100002, -35.90935631999997], [139.39383140100006, -35.90916969799997], [139.3934744070001, -35.908855237999944], [139.39322412, -35.908616980999966], [139.39308068000003, -35.90848975399996], [139.393036907, -35.90845502899998], [139.39293759800012, -35.90838608299998], [139.39262474800012, -35.90815040299998], [139.39243853000005, -35.90798060299994], [139.39235515400003, -35.907892078999964], [139.39224996500002, -35.90776161599996], [139.3921142050001, -35.90760786499993], [139.39207615300006, -35.90756023999995], [139.3919911580001, -35.907468619999975], [139.39179796000008, -35.90723011299997], [139.39164276600002, -35.90706243499994], [139.3915854610001, -35.90699167699995], [139.39145929000006, -35.90682030299996], [139.39137734700012, -35.906722927999965], [139.39123944300002, -35.90657186999994], [139.39114009200011, -35.90648449599996], [139.39096592700002, -35.90632100799996], [139.39083632000006, -35.906215473999964], [139.39078629800008, -35.906178609999984], [139.3906280750001, -35.90607712599996], [139.39040550700008, -35.905920830999946], [139.39019622000012, -35.905751402999954], [139.390044546, -35.90563737999997], [139.38994217900006, -35.90555440099996], [139.38976246200002, -35.90539595499996], [139.38942493800005, -35.90507423599996], [139.38920991600003, -35.904877762999945], [139.38912475300003, -35.90479467199998], [139.38905008300003, -35.90471138999993], [139.38898223900003, -35.90464355699993], [139.3888702900001, -35.904556688999946], [139.388783912, -35.90447188], [139.38860886100008, -35.90431110499998], [139.3884758810001, -35.904206546999944], [139.38830434300007, -35.90405879999997], [139.3881829170001, -35.903943123999966], [139.38806680100004, -35.90381455399995], [139.38795298900004, -35.90369591999996], [139.38783579800008, -35.90355845399995], [139.38768760100004, -35.90339804499996], [139.38751703000003, -35.903182362999985], [139.38742955400005, -35.90308968699998], [139.38729192200003, -35.90292566099998], [139.38710596700002, -35.90274425399997], [139.38696377400004, -35.90261874399994], [139.38668277700003, -35.90238186099998], [139.38656165500004, -35.902292820999946], [139.3864155560001, -35.90219388099996], [139.38623937300008, -35.90208907999994], [139.3860460400001, -35.90198165199996], [139.3858557000001, -35.90185070599995], [139.38567287500007, -35.90168060399998], [139.38544912200007, -35.901481272999945], [139.38537810000003, -35.90140452399993], [139.38533148400006, -35.90134516399996], [139.38529728900005, -35.90129383699997], [139.38519765600006, -35.90115968499998], [139.38513260600007, -35.9010577499999], [139.38509546800003, -35.90098589799993], [139.38503601000002, -35.90089803099994], [139.3849092920001, -35.90075966899997], [139.38474301700012, -35.900560086999974], [139.38454020000006, -35.90036274299996], [139.38436422400002, -35.900207071999944], [139.38426189400002, -35.90010259], [139.3841001390001, -35.89990818899997], [139.38406096000006, -35.89985405899995], [139.38399309500005, -35.89974696599995], [139.38386284800004, -35.89957074899996], [139.38379893500007, -35.89947531499996], [139.38366080900005, -35.89929489399998], [139.38356091800006, -35.899173702999974], [139.3833978570001, -35.89900215999995], [139.38328263000005, -35.898892029999956], [139.3830081530001, -35.89865001399994], [139.38289289400007, -35.89856207599996], [139.3826448420001, -35.89840235199995], [139.38254778700002, -35.89834709199994], [139.38231116100008, -35.898203225999964], [139.38226257600002, -35.89817832799997], [139.38219837300005, -35.89813751799994], [139.38203527000007, -35.898030147999975], [139.38192773100002, -35.89795426099994], [139.3818333790001, -35.897870025999964], [139.38170033100005, -35.89772858499998], [139.38152941300007, -35.89753166999998], [139.38147966300005, -35.897481830999936], [139.38127661700003, -35.89725580099997], [139.3810422140001, -35.89698325499995], [139.3808937110001, -35.89683887799998], [139.38075021400005, -35.89671641799998], [139.3805464190001, -35.89650642299995], [139.38048336000008, -35.896450942999934], [139.38036997000006, -35.896333668999944], [139.38005757200006, -35.89605903299997], [139.37976566100008, -35.895768293999936], [139.37964803600005, -35.89567280899996], [139.3795736520001, -35.895597375999955], [139.37939286200003, -35.89543172499998], [139.37930158000006, -35.89534138799996], [139.37928533700006, -35.895314879999944], [139.3791956340001, -35.89522681799997], [139.37909043500008, -35.895136143999935], [139.3789532950001, -35.89500676199998], [139.37887843300007, -35.89495171599998], [139.37884479800005, -35.89491331199997], [139.37877659700007, -35.89482110199998], [139.37869434000004, -35.89471845199995], [139.37858835200007, -35.894625721999944], [139.37846935900006, -35.894492481999976], [139.37829246700005, -35.894276409999975], [139.37823745800006, -35.894216177999965], [139.37821072300005, -35.89418914899994], [139.37801744500007, -35.89403333599995], [139.37793500500004, -35.89395905199996], [139.3776611620001, -35.89365994499997], [139.3773600830001, -35.893298596999955], [139.3772630420001, -35.89316019499995], [139.37712239000007, -35.89297845999994], [139.37708302700003, -35.89293314499997], [139.37692122300007, -35.892778791999945], [139.37688356, -35.892732474999946], [139.37678858200002, -35.89259580799995], [139.37671536900007, -35.89250216599993], [139.37656530000004, -35.892329192999966], [139.37643214500008, -35.89219062799998], [139.37631450300012, -35.89209328199996], [139.37626859700003, -35.89205949799998], [139.37611711300008, -35.89195313499994], [139.37608742200007, -35.89192708799993], [139.37596406600005, -35.89184163099998], [139.37589891200003, -35.891804493999985], [139.37582605600005, -35.89175426699995], [139.3757352130001, -35.89168053699996], [139.37568174600005, -35.89162647899997], [139.37559249100002, -35.89151723599997], [139.37551713100004, -35.891446117999976], [139.37547833400004, -35.89141412699996], [139.3754261580001, -35.891378877999955], [139.37530280700003, -35.89131290599994], [139.3751642530001, -35.89125150399997], [139.37493722500005, -35.89110273499995], [139.37468151100006, -35.890921101999936], [139.3745350260001, -35.89079703599998], [139.37427952400003, -35.890545688999964], [139.37423624200005, -35.89050714299998], [139.3741188580001, -35.890417327999955], [139.3739455320001, -35.890291865999984], [139.37381099800007, -35.89017890899993], [139.37367665600004, -35.89003724999998], [139.37357911800007, -35.88996240399996], [139.37342251200005, -35.88978147199998], [139.3732877430001, -35.88965996799993], [139.37316427000007, -35.88954066599996], [139.37308209200012, -35.88945476099997], [139.3727677820001, -35.88914448199995], [139.3725820950001, -35.888928283999974], [139.3725282790001, -35.888871818999974], [139.37247596300006, -35.888823239999965], [139.37225206000005, -35.888627001999964], [139.37207520100003, -35.888490557999944], [139.371853675, -35.888300853999965], [139.3716640250001, -35.88817310199994], [139.3715627150001, -35.88809855299996], [139.37150491500006, -35.888050921999934], [139.3713330060001, -35.88789915799998], [139.37115350500005, -35.88772849199995], [139.37111287200003, -35.88768383299998], [139.3708745, -35.88739785799993], [139.37071539700003, -35.88719637999998], [139.3706488800001, -35.887104534999935], [139.37044699900002, -35.886860757999955], [139.3703508970001, -35.88675824999996], [139.37025211900004, -35.886662541999954], [139.3700412510001, -35.88646648399998], [139.36981011500006, -35.88627527099993], [139.36977400400008, -35.886235468999985], [139.3696854630001, -35.886152538999966], [139.36949678500002, -35.88599917799996], [139.36934671300003, -35.885887357999934], [139.36930461600002, -35.885852254999975], [139.36917199200002, -35.885729063999975], [139.36902890700003, -35.885604366999985], [139.36893112600012, -35.88552199399993], [139.36882578100006, -35.88543951899993], [139.36869390200002, -35.885320785999966], [139.36862245700001, -35.88526373299993], [139.36849194800004, -35.885140227999955], [139.36840373500002, -35.885062095999956], [139.36835581800005, -35.88502451099998], [139.36816662500007, -35.88485575899995], [139.368084446, -35.88477053399998], [139.3678782720001, -35.884531134999975], [139.3677341130001, -35.884378055999946], [139.36751308700002, -35.88410700199995], [139.3674682740001, -35.884061602999964], [139.3673388640001, -35.88394563799994], [139.367238852, -35.883869380999954], [139.36715268600005, -35.88381383299998], [139.3668692020001, -35.88365571299994], [139.36657566500003, -35.88347729099996], [139.36602704900008, -35.88318761599993], [139.36597023500008, -35.883153671999935], [139.36589152300007, -35.883102666999946], [139.365794122, -35.883022009999934], [139.3656771620001, -35.882933210999965], [139.3656307230001, -35.88288539499996], [139.365514705, -35.88275218899997], [139.36541949500008, -35.88262815099995], [139.36535403200003, -35.88252675199993], [139.3652879550001, -35.88241475299998], [139.36520382600008, -35.88226319599994], [139.36514128300007, -35.88216320499998], [139.36509853500002, -35.88207989499995], [139.364994775, -35.881923616999984], [139.36493581500008, -35.881852040999945], [139.3648345690001, -35.88175526499998], [139.36472714, -35.88167241399998], [139.36467830000004, -35.881638917999965], [139.36435596600006, -35.88145187699996], [139.3642953090001, -35.88142128699997], [139.3642128580001, -35.881388690999984], [139.36400937200006, -35.88132020199998], [139.36395565700002, -35.88129860399994], [139.36383305000004, -35.881238432999965], [139.3637724660001, -35.88120443099996], [139.3636667930001, -35.88113766799995], [139.36359562200005, -35.88108779399994], [139.36321381300002, -35.880716381999946], [139.36296469400008, -35.88048423299995], [139.362775004, -35.880320249999954], [139.36255901200002, -35.88014939999994], [139.36245600400002, -35.88005635999997], [139.36227104700004, -35.87984767399996], [139.36211303900006, -35.87969506999997], [139.36190669100006, -35.87948573399996], [139.36176712400004, -35.87935423899995], [139.361548641, -35.87910337899996], [139.36137538800006, -35.87889793299996], [139.36124688600012, -35.878759758999934], [139.36106726200012, -35.87853781399997], [139.3609961830001, -35.87846401199994], [139.36088891600002, -35.878373987999964], [139.3608409950001, -35.87833707799996], [139.36074784800007, -35.87827424899996], [139.36068054300006, -35.87822066499996], [139.36062544000004, -35.87816589499994], [139.360532862, -35.87805624499998], [139.36045128000012, -35.87798298599995], [139.3602241970001, -35.87780103999995], [139.3601801540001, -35.87775940299997], [139.36007836500005, -35.877648602999955], [139.3599883600001, -35.87757624999995], [139.35988293700007, -35.87749855199996], [139.35968496100008, -35.877310515999966], [139.3595845860001, -35.87723220699996], [139.3594127560001, -35.87713750299997], [139.35934394000003, -35.87709586699998], [139.35930505700003, -35.877067970999974], [139.35911087500006, -35.876918615999955], [139.3589309030001, -35.876752711999984], [139.358817057, -35.87665643499997], [139.35860712300007, -35.87645832599998], [139.35856812400004, -35.87641641999994], [139.3583851520001, -35.87619442099998], [139.35789633700006, -35.87570392799995], [139.3575533400001, -35.87540516299998], [139.35745266300012, -35.875321378999956], [139.35729122100008, -35.87517315799994], [139.35719182000003, -35.875088708999954], [139.356951223, -35.87491135099998], [139.35673844500002, -35.874728567999966], [139.3566550170001, -35.87464365799997], [139.3564782100001, -35.87442824499993], [139.35638282700006, -35.874332910999954], [139.3562036610001, -35.87416940199995], [139.35584951600003, -35.87388210299997], [139.35567214500009, -35.87373263499995], [139.35551312100006, -35.87360871799996], [139.35533889600003, -35.873489366999934], [139.3550391340001, -35.87327050199997], [139.35486020400003, -35.87313536299996], [139.35468049100007, -35.87301730199994], [139.3544467920001, -35.872851656999956], [139.35427922500003, -35.87271497399996], [139.35422938800002, -35.872669489999964], [139.3540192900001, -35.87246043599998], [139.35395442900005, -35.87237168499996], [139.3537301340001, -35.872021280999945], [139.35354661500003, -35.87174731899995], [139.35345595800004, -35.871627787999955], [139.35340822400008, -35.87158200099998], [139.3533445930001, -35.87153393199998], [139.35323262500003, -35.871468094999955], [139.352969002, -35.87132765299998], [139.35263203800002, -35.87116053899996], [139.3524291760001, -35.87104557099997], [139.3521985110001, -35.87089533799997], [139.35208901700003, -35.870812109999974], [139.3519343470001, -35.87070157599993], [139.3518261600001, -35.870616310999935], [139.35163375900004, -35.87044372299994], [139.35141028200007, -35.87023242199996], [139.35135808000007, -35.870180078999965], [139.35127872100009, -35.870082228999934], [139.3511168880001, -35.86991383399993], [139.350878587, -35.869610388999945], [139.3507512100001, -35.86942198], [139.35054847700007, -35.86914398999994], [139.35044455900004, -35.869016399999964], [139.3503184000001, -35.86884919599993], [139.35027939600002, -35.86880797599997], [139.3501527080001, -35.868684506999955], [139.35005054900012, -35.86859283599995], [139.35000353300006, -35.868553203999966], [139.34982291400001, -35.86841940499994], [139.34954495700003, -35.86824252699995], [139.34939275800002, -35.86815423899998], [139.3493556630001, -35.86812624299995], [139.34904651400007, -35.867921698999965], [139.34889572400004, -35.867801148999945], [139.3488037840001, -35.86771730499993], [139.34854698300012, -35.86746477299994], [139.34827003300006, -35.867154263999964], [139.34806979000007, -35.86691180299994], [139.34796466700004, -35.866804944999956], [139.347842581, -35.86667332299993], [139.34768460300006, -35.866519868999944], [139.3475200910001, -35.86638620699995], [139.3470835710001, -35.86607291299998], [139.3467191420001, -35.86577760799997], [139.34661697900003, -35.86570566199998], [139.346464501, -35.86558647199996], [139.34627636200003, -35.86542388299995], [139.3462323880001, -35.86537326299998], [139.3460579130001, -35.865118741999936], [139.34592671200005, -35.864902875999974], [139.34582011100008, -35.86474160199998], [139.3456782720001, -35.86457458099994], [139.3454446710001, -35.86438120399998], [139.34530677300006, -35.864273062999985], [139.344999152, -35.864084599999956], [139.3448796550001, -35.86402175499995], [139.34474272400007, -35.86393962699998], [139.34467265800004, -35.86389119499995], [139.34453901300003, -35.86378000899998], [139.3443918160001, -35.863639974999955], [139.34430882100003, -35.86354696799998], [139.3442002600001, -35.86340961899998], [139.3441633340001, -35.86336794099998], [139.34397089200002, -35.86317863499994], [139.34373260400002, -35.86299206499996], [139.34365338700002, -35.862935350999976], [139.34341720200007, -35.862749135999934], [139.34312457200008, -35.86249919199997], [139.34307763100003, -35.862451273999966], [139.34292334300005, -35.86227012499995], [139.34258498100007, -35.86194147799995], [139.34206246300005, -35.86147012299995], [139.34183267000003, -35.861276766999936], [139.34136293400002, -35.86082222899995], [139.34122544700006, -35.860680212999966], [139.34093113400002, -35.86039501799996], [139.34081652600003, -35.86027370599993], [139.34040249200007, -35.85987467299998], [139.34035548000008, -35.859832231999974], [139.34002074300008, -35.859591199999954], [139.33992700600004, -35.85951863199995], [139.33970484700012, -35.85932053899995], [139.33957159800002, -35.859211743999936], [139.33939721100012, -35.85906226199995], [139.33935982200012, -35.85902433399997], [139.33911922800007, -35.858748437999964], [139.33906430800005, -35.85869976899994], [139.33885980200012, -35.85850113299995], [139.33875578700008, -35.85840932399998], [139.33858626900007, -35.85827492899995], [139.33840188500005, -35.858118187999935], [139.3382663740001, -35.85802408099994], [139.3380694330001, -35.85786210999993], [139.33781895200002, -35.857678507999935], [139.33776983100006, -35.85763775799995], [139.33768460600004, -35.857556357999954], [139.33757660000003, -35.85748265899997], [139.3374899810001, -35.857413221999934], [139.33745130300008, -35.85737767899997], [139.33736081100005, -35.85727913799997], [139.33688237700005, -35.85681766899995], [139.33678369100005, -35.85670127199995], [139.33672828500005, -35.85665910499995], [139.33664237000005, -35.85660165199994], [139.3366003330001, -35.85656539699994], [139.33642044600003, -35.856384392999985], [139.33623287600005, -35.85621255899997], [139.3360991520001, -35.85610923399997], [139.3360438100001, -35.856060911999975], [139.3358766890001, -35.85593850499998], [139.33572104400002, -35.855805240999985], [139.3355972390001, -35.85571670199994], [139.3355484000001, -35.85568793199997], [139.33545880100007, -35.85562223499994], [139.33524459000012, -35.85550152099995], [139.33517479600005, -35.855467112999975], [139.33493098200006, -35.855362249999985], [139.33478643, -35.855287586999964], [139.33472132200006, -35.855247738999935], [139.33459998900003, -35.855164350999985], [139.3345217100001, -35.85510010399997], [139.33447055500005, -35.85505420599998], [139.3344311200001, -35.855011822999984], [139.334164535, -35.854659064999964], [139.334116063, -35.854598815999964], [139.33400444100005, -35.854474782999944], [139.33390602600002, -35.85437207099994], [139.33368309800005, -35.85417019399995], [139.33356163400003, -35.85404050099993], [139.33339486800003, -35.85384895899995], [139.33330282400004, -35.85375585199995], [139.33320743600007, -35.85366775299997], [139.33308037100005, -35.85353949699993], [139.33301681900002, -35.8534671099999], [139.33290596900008, -35.853320019999956], [139.33274017200006, -35.853138170999955], [139.3326153490001, -35.853013818999955], [139.3325817980001, -35.85298149099998], [139.33253509500003, -35.85294403499995], [139.33243255600007, -35.85287246099995], [139.3323875970001, -35.85283440799998], [139.33225203000006, -35.852700906999985], [139.33194861200002, -35.852452623999966], [139.33190797400005, -35.85241340099998], [139.33178928200005, -35.85231449699995], [139.33166279900001, -35.852217965999955], [139.3315112560001, -35.852117085999964], [139.33129962700002, -35.85199359199993], [139.33123074900004, -35.85194710899998], [139.33116718000008, -35.851903300999936], [139.33106226900009, -35.85181817299997], [139.33101753500011, -35.85177702499993], [139.33095434200004, -35.85171119399996], [139.3309001570001, -35.851643740999975], [139.33071142300003, -35.851389780999966], [139.33062298900006, -35.851248630999976], [139.33049081500008, -35.85109256599998], [139.33044882900003, -35.851054303999945], [139.33034406700006, -35.85097848099997], [139.33023161000006, -35.850909512999976], [139.3300778910001, -35.850826437999956], [139.32987906100004, -35.850741125999946], [139.329738646, -35.85066111699996], [139.32953704400006, -35.850539493999975], [139.32940097100004, -35.85045246699997], [139.3293088590001, -35.85038864399996], [139.32924303200002, -35.85033542899998], [139.32913199000006, -35.850236209999935], [139.3290321920001, -35.85013376099994], [139.32893893900007, -35.85002853999998], [139.32883080300007, -35.84988502899995], [139.32877726200002, -35.84982588199995], [139.3285836130001, -35.84955858199993], [139.32846678500005, -35.84943496699998], [139.32837453800005, -35.849355973999934], [139.32827650600007, -35.84928082899995], [139.32776407000006, -35.848914339999965], [139.32765316300004, -35.84880203399996], [139.32756289600002, -35.84871934699993], [139.32746486500002, -35.848621469999955], [139.32739418000006, -35.84854286399997], [139.3273606150001, -35.84851087699997], [139.32713404700007, -35.84823126999993], [139.32696456500003, -35.848065075999955], [139.32690904600008, -35.848015464999946], [139.32673177100003, -35.847885393999945], [139.32656595000003, -35.84777760299994], [139.32640997700003, -35.847696472999985], [139.3261724350001, -35.84759166099997], [139.32604943500007, -35.847522165999976], [139.32593466600008, -35.84743895299994], [139.32574245700005, -35.84730734599998], [139.3254571760001, -35.84708303299993], [139.32523332900007, -35.84687452199995], [139.32517122800004, -35.84681114999995], [139.32497942700002, -35.84663798699995], [139.32488072800004, -35.84654351199998], [139.3244831280001, -35.84618649799995], [139.32445058000008, -35.84615214899998], [139.324359479, -35.84607493799996], [139.32427466500008, -35.84599286599996], [139.32422950500006, -35.84595755799995], [139.32402361200002, -35.84581434299997], [139.32397097400008, -35.84577142999996], [139.3237651510001, -35.845587912999974], [139.32364624000002, -35.84546970399998], [139.32349970500002, -35.84531360099993], [139.32321682500003, -35.84498398499994], [139.32307356600006, -35.84478430099995], [139.32293841700005, -35.84464564399997], [139.322758721, -35.84448616499998], [139.32263453400003, -35.84438180999996], [139.32226373000003, -35.84409639499995], [139.32212224500006, -35.84397464199998], [139.322021048, -35.84387970499995], [139.32180996700004, -35.843670438999936], [139.32150902500007, -35.843361966999964], [139.32140115200002, -35.84326014699997], [139.3213374190001, -35.843207372999984], [139.3212495570001, -35.84314340499998], [139.32111812000005, -35.84305695099994], [139.3209559710001, -35.842962419999935], [139.3208011800001, -35.84286584499995], [139.3206158040001, -35.84274259899996], [139.320374441, -35.84257040099993], [139.32025703300008, -35.84247740799998], [139.32013075800012, -35.84236157899994], [139.31999401200005, -35.842221808999966], [139.31987111400008, -35.84210614199998], [139.31969085700007, -35.841954217999955], [139.31955015200003, -35.84184456099996], [139.31943351300004, -35.841764001999934], [139.31919756500008, -35.84158174799995], [139.31894097100007, -35.84141533999997], [139.3188799730001, -35.841371307999964], [139.3187794270001, -35.841296032999935], [139.31861761200003, -35.84116327299995], [139.31851579600004, -35.84106553899994], [139.31833707200008, -35.84088198899997], [139.31825978000006, -35.84078995999994], [139.31815977500003, -35.84068508399997], [139.31808983200006, -35.840619249999975], [139.31786981200003, -35.84044466699993], [139.31779324700005, -35.84038814899998], [139.3177052520001, -35.84033175199994], [139.3176488050001, -35.84028898799994], [139.31740391900007, -35.84007389399994], [139.3172774080001, -35.83997251599993], [139.31687176000003, -35.83963333299994], [139.31661383100004, -35.83943413399993], [139.31640109900002, -35.83924716799993], [139.31628289200012, -35.83912553599998], [139.31617671900005, -35.83902379199998], [139.3160100030001, -35.838877700999944], [139.31589829200004, -35.83878773899994], [139.3156330170001, -35.83858506099995], [139.31556944500005, -35.838530221999974], [139.31533375900005, -35.838288374999934], [139.31499140000005, -35.837979891999964], [139.3147564520001, -35.837812833999976], [139.31466697400003, -35.837736725999946], [139.31462988500004, -35.83770111599995], [139.31448418900004, -35.83753987999995], [139.31424335600002, -35.83729914399993], [139.31417563200012, -35.837237555999934], [139.31405664300007, -35.83713757999993], [139.31388751800012, -35.83697861999997], [139.3138144510001, -35.83690367299994], [139.31376349800007, -35.836861177999936], [139.3133474020001, -35.83656004299996], [139.3132475210001, -35.836498570999936], [139.31311335200007, -35.83640369899996], [139.3130698330001, -35.836369153999954], [139.31295849200012, -35.83627437699994], [139.31259568400003, -35.83593421899997], [139.3124018200001, -35.83576092199996], [139.31235733200003, -35.83572805099993], [139.312190847, -35.83561847799996], [139.3120097320001, -35.83548957599993], [139.3118563260001, -35.835391682999955], [139.311797618, -35.83534534499995], [139.31165505900003, -35.83521009999998], [139.311574833, -35.83511791099994], [139.3115033050001, -35.83502271399993], [139.31140056200002, -35.83489805599993], [139.31132657900002, -35.83479033599997], [139.31123019400002, -35.834665651999956], [139.3111452160001, -35.83456909599994], [139.3110819520001, -35.834504627999934], [139.3110272670001, -35.83445539799993], [139.31080562900001, -35.83428037699997], [139.31062517500004, -35.83414840299997], [139.31045377200007, -35.834042368999974], [139.31032357800007, -35.833973535999974], [139.3101505200001, -35.83387258999994], [139.30997588800005, -35.833753307999984], [139.30983710600003, -35.83362409299997], [139.3096993370001, -35.83351525899997], [139.30956583800003, -35.83339458499995], [139.30951695400006, -35.83334701599995], [139.30934581500003, -35.833153154999934], [139.30915875200003, -35.83296849299995], [139.30893343500009, -35.832769165999935], [139.30876982100006, -35.83263837499993], [139.30871181200007, -35.832582772999956], [139.30863182200005, -35.832498864999934], [139.30859078900005, -35.83244825199995], [139.3084111170001, -35.832187818999955], [139.30833256200003, -35.83206781299998], [139.30822210300005, -35.831922093999935], [139.30806894800003, -35.83174221699994], [139.30800676800004, -35.83167469899996], [139.30790845900003, -35.83158677599994], [139.30771761800008, -35.831435674999966], [139.30743393000012, -35.831242059999965], [139.30715, -35.83107426099997], [139.30691573800004, -35.83094924399995], [139.30683416600004, -35.83089763899994], [139.30671236900002, -35.83080716499995], [139.3066555480001, -35.83075266199995], [139.30646279600012, -35.83059319599994], [139.30636131800009, -35.83049684799994], [139.30610467500003, -35.83024187799998], [139.30599098300002, -35.830144916999984], [139.3058983730001, -35.83005452499998], [139.30579182100007, -35.82996377099994], [139.30551189800008, -35.829754141999956], [139.30547027300008, -35.829716934999965], [139.30533353400006, -35.82956646499997], [139.30524678100005, -35.82948255699995], [139.3051060460001, -35.82935703399994], [139.30490470000007, -35.82922194199995], [139.30484309100007, -35.82918614199997], [139.30467831400006, -35.82909903799998], [139.30452553200007, -35.82902699899995], [139.30414553100002, -35.82882064199998], [139.30409195700008, -35.828784896999935], [139.30389891000004, -35.82863506299998], [139.30385570300007, -35.82859087799994], [139.30377927900008, -35.82849887599997], [139.3036642950001, -35.828340535999985], [139.30350155600001, -35.82806887999993], [139.30338708500005, -35.827892298999984], [139.30324046700002, -35.827698959999964], [139.3032133370001, -35.82766591999996], [139.30316847000006, -35.827621301999955], [139.30302308300008, -35.827495892999934], [139.30298016300003, -35.82746481799995], [139.30287864000002, -35.82740291299996], [139.3027339260001, -35.827302335999946], [139.30265055000007, -35.82724907099998], [139.30258183400008, -35.82721240999996], [139.3023655620001, -35.82711059799993], [139.30230439600007, -35.827078092999955], [139.30205397200007, -35.826930542999946], [139.30199243100003, -35.82689152699993], [139.30190041700007, -35.82682288899997], [139.30172704000006, -35.826666477999936], [139.30152669500012, -35.82646060899998], [139.3012945480001, -35.82623436199998], [139.30098989400005, -35.825972468999964], [139.300762017, -35.82579248999997], [139.30047482800012, -35.825558085999944], [139.3002963670001, -35.82540747599995], [139.30017799900008, -35.82531951999994], [139.30000999700007, -35.82517684299995], [139.29984249000006, -35.825024575999976], [139.2996713000001, -35.82485859199994], [139.2995723790001, -35.824757372999954], [139.29948354300006, -35.82465757899996], [139.29933411000002, -35.82450677299994], [139.29925434200004, -35.824432025999954], [139.2990631560001, -35.824241273999974], [139.29868145300009, -35.82388134599995], [139.29860369100004, -35.82382065199994], [139.29851072400004, -35.82376639699993], [139.29823162600007, -35.823520041999984], [139.29795467000008, -35.82332473399998], [139.29758582500006, -35.82304434399998], [139.297205436, -35.82273443799994], [139.2970921970001, -35.82263725599995], [139.2969302570001, -35.82247336599994], [139.296791492, -35.82230445899995], [139.29667264300008, -35.82216955599995], [139.29659514800005, -35.822073244999956], [139.296536714, -35.82201539699997], [139.29648153100004, -35.821971264999945], [139.296361444, -35.82188945799993], [139.296252578, -35.82182484599997], [139.2961700180001, -35.82178468699993], [139.29576399000007, -35.8216377], [139.29571283200005, -35.82161722699993], [139.2955493940001, -35.821539315999985], [139.29535634800004, -35.82142699099995], [139.29529106200005, -35.821384862999935], [139.2949847760001, -35.82117638899996], [139.29488562500012, -35.82110633599996], [139.29477104800003, -35.821019080999974], [139.29456304200005, -35.82082994199993], [139.29434477300003, -35.82060821299996], [139.29401828700009, -35.82029308699998], [139.2938314060001, -35.82009206499998], [139.2934853590001, -35.819750803999966], [139.29325722600004, -35.81955402299997], [139.29292313700012, -35.819298809999964], [139.29276600900005, -35.819167138999944], [139.29269321100003, -35.81911743999996], [139.29260551700008, -35.81903442799995], [139.29237984100007, -35.81884725499998], [139.292266562, -35.81875657299997], [139.29225064900004, -35.81874758799995], [139.29208424, -35.81861929399997], [139.291946724, -35.81850793399997], [139.29177635700012, -35.818349136999984], [139.291670242, -35.818256093999935], [139.29159892200005, -35.81817830899996], [139.29143565800007, -35.818024342999934], [139.29132965100007, -35.81791760099998], [139.29125918500006, -35.817839128999935], [139.29112087400006, -35.81766850399998], [139.29102013800002, -35.817531981999934], [139.29095872300002, -35.81742513199998], [139.29088129000002, -35.81726816999998], [139.29081896800005, -35.81716884599996], [139.29073860200003, -35.817064982999966], [139.29068182600008, -35.81700987499994], [139.29057391300012, -35.81693258699994], [139.2903988820001, -35.81683336599997], [139.29031340900008, -35.81679079], [139.28999102800003, -35.81665483499995], [139.2898635570001, -35.81660484799994], [139.28975207000008, -35.816554604999965], [139.28955456900007, -35.81644572499994], [139.2894809400001, -35.816394987999956], [139.2893839840001, -35.81631432199998], [139.28929379700003, -35.81622958599996], [139.28913543800002, -35.81609516999998], [139.28896422100001, -35.81593738], [139.28883860400003, -35.815812034999965], [139.288778943, -35.815750408999975], [139.28868700700002, -35.81562044699996], [139.2886070500001, -35.81551829099993], [139.28853905300002, -35.81544634199997], [139.28849143500008, -35.815404298999965], [139.28842915100006, -35.815354302999935], [139.28833589200008, -35.81528667899994], [139.28793754000003, -35.815024267999945], [139.28786898500005, -35.814970125999935], [139.28782181000008, -35.81492535299998], [139.28764089800006, -35.81477128599994], [139.28732367300006, -35.814514772999985], [139.28714954300006, -35.81435525999996], [139.2870713650001, -35.814294555999936], [139.28686733200004, -35.814085560999956], [139.28672244200004, -35.813950526999974], [139.28628679200006, -35.813618711999936], [139.28619317400012, -35.81354388999995], [139.28606327400007, -35.813429138999936], [139.28597339500004, -35.81335947499997], [139.28586295500008, -35.81328285], [139.28562485500004, -35.81312951099994], [139.28540277600007, -35.81297009299993], [139.28529576800008, -35.81288595199993], [139.2849824220001, -35.812620538999965], [139.28476119100003, -35.81240665699994], [139.28468737800006, -35.81232611499996], [139.28453750000006, -35.81218453699995], [139.28438771300011, -35.812086808999936], [139.28429101000006, -35.812029776999964], [139.28424917000007, -35.81200078899997], [139.28415664600004, -35.81194789099993], [139.2840123410001, -35.81184744999996], [139.28392501300004, -35.811773684999935], [139.28377354200006, -35.811622513999964], [139.28370000600012, -35.81156080799997], [139.28358960000003, -35.811481439999966], [139.28344161100006, -35.81136830699995], [139.2833275900001, -35.81126631099994], [139.28311124700008, -35.811020249999956], [139.28306837200012, -35.81096452699995], [139.28299307700001, -35.810859654999945], [139.28291336200004, -35.81072837499994], [139.28280684600008, -35.810581197999966], [139.28266521700004, -35.81040917299998], [139.28262949400005, -35.81035246999994], [139.28254329000004, -35.81019067099993], [139.28247687300006, -35.81008000899993], [139.28233741600002, -35.809898403999966], [139.2822590090001, -35.80981372399998], [139.28222017100006, -35.80977926999998], [139.28217627700008, -35.80974512399996], [139.28212899400012, -35.80971576099995], [139.28199082100002, -35.80963829899997], [139.2818161350001, -35.80955071899996], [139.2817033980001, -35.80950045399993], [139.28147003200002, -35.80938824699996], [139.28129271900002, -35.809314004999976], [139.2811279340001, -35.80925182599998], [139.28100645400002, -35.80919192899995], [139.28094626200004, -35.80914467699995], [139.28086793300008, -35.80905108999997], [139.28077491800002, -35.808953652999946], [139.2806467160001, -35.80883891299993], [139.28061158800006, -35.80881303799998], [139.2803048820001, -35.808668919999946], [139.28022534800004, -35.80862294299993], [139.2800910310001, -35.808535906999964], [139.28005050600007, -35.80850246399996], [139.2799132240001, -35.80836540699994], [139.27977172600004, -35.80823071599997], [139.2796522310001, -35.80813212299995], [139.2794905930001, -35.807989789999965], [139.27921805200003, -35.80778110899996], [139.27917509000008, -35.80773669299998], [139.27907429200002, -35.807613524999965], [139.27902340700007, -35.80755947599994], [139.27899291000006, -35.80753361999996], [139.2789100440001, -35.80748282199994], [139.27865334700004, -35.80734547999998], [139.27860315700002, -35.807310272999985], [139.27854466400004, -35.80726235199995], [139.27846786800012, -35.80718794699993], [139.27843327200003, -35.80714837499994], [139.27837634000002, -35.80706243099996], [139.27832285700003, -35.80696589199994], [139.27823887400007, -35.80673729199998], [139.2781856480001, -35.80650235999997], [139.2781330680001, -35.80639794199993], [139.27808270900005, -35.80633121799997], [139.27797987700012, -35.806252230999974], [139.27788075700005, -35.80618284999997], [139.27777814500007, -35.80613092999994], [139.277374473, -35.80596573999998], [139.27714427800004, -35.80588059599995], [139.27705710700002, -35.80584280199997], [139.27686400400012, -35.80574518099996], [139.27668790500002, -35.805626407999966], [139.2766440150001, -35.805593631999955], [139.27648400600003, -35.805459533999965], [139.2764342490001, -35.80542432999994], [139.2763513540001, -35.80537696099998], [139.2762493350001, -35.80530277199995], [139.276112516, -35.805215379999936], [139.27606820000005, -35.805182255999966], [139.27592546900007, -35.805097571999966], [139.27571833500008, -35.80496801499993], [139.27550443600012, -35.80484459499996], [139.27528515100005, -35.80470880799993], [139.27518276600006, -35.804627764999964], [139.27514309900005, -35.804592956999954], [139.27506258100004, -35.80451064999994], [139.27501175500004, -35.804451806999964], [139.2749519150001, -35.80436105599995], [139.27490972100009, -35.80427313699994], [139.2748652250001, -35.80415745099998], [139.27479876400002, -35.80394847499997], [139.274735103, -35.803810770999974], [139.2747103700001, -35.80374828899994], [139.27468591800005, -35.80370226399998], [139.2746190800001, -35.80359331599993], [139.27450830100008, -35.80345843899994], [139.274447, -35.80339371799994], [139.27440185000012, -35.80335956499994], [139.27428720000012, -35.80328838099996], [139.2742302690001, -35.803255880999984], [139.27411714900006, -35.80320252699994], [139.27400395400002, -35.80315945199993], [139.27382402500007, -35.803098890999934], [139.2736608040001, -35.80305418199998], [139.2734781690001, -35.80301792999995], [139.27339927800006, -35.802997295999944], [139.27326755600006, -35.802955837999946], [139.27314763700008, -35.802912041999946], [139.2730760170001, -35.80287671999997], [139.27295462200004, -35.80280687199996], [139.272883588, -35.802748949999966], [139.272665081, -35.80251861099998], [139.27254239800004, -35.802400122999984], [139.27236313600008, -35.80225768899993], [139.2721209980001, -35.80208918099993], [139.27196505300003, -35.801975966999976], [139.27173404200005, -35.80179299799994], [139.27161379400002, -35.801679407999984], [139.271482299, -35.80152673799995], [139.2713770360001, -35.8013910499999], [139.27127404400005, -35.801242387999935], [139.271139467, -35.80103804], [139.27110808100008, -35.80099876799994], [139.27082415100006, -35.800691521999966], [139.27073480900003, -35.80059017099995], [139.27070135000008, -35.800548151999976], [139.27060956200012, -35.80040984499993], [139.27056498600007, -35.80035233299998], [139.2705223270001, -35.800308524999934], [139.27040850100002, -35.80021721999998], [139.270291906, -35.80014505799994], [139.2700745510001, -35.80004018999995], [139.26984485700007, -35.79991674599995], [139.26968595800008, -35.799837700999944], [139.2692730430001, -35.79956898699993], [139.26917341, -35.79951542999993], [139.26909702700004, -35.799481585999956], [139.26878072400007, -35.799367975999985], [139.26866217500003, -35.79931665299995], [139.26860170700002, -35.79928601499995], [139.26850837900008, -35.79923183999995], [139.26839570200002, -35.79918055999997], [139.26808968500006, -35.79901984799994], [139.26796310600002, -35.798940399999935], [139.2677785420001, -35.79880229999998], [139.26760674700006, -35.79868243699997], [139.26754548300005, -35.79864838499998], [139.26732646400012, -35.79851202599997], [139.26706068400006, -35.79835610499998], [139.26693758600004, -35.79826848699997], [139.26676967600008, -35.79814079299996], [139.2666261500001, -35.79804136399997], [139.26647701900004, -35.79792204299997], [139.26642480300006, -35.797871305999934], [139.26634407100005, -35.79778610499994], [139.266188176, -35.797607211999946], [139.266117516, -35.79752279599995], [139.26603793900006, -35.797413665999954], [139.26597131300002, -35.797310127999936], [139.26583452800003, -35.79708385899994], [139.26572249800006, -35.79695289499995], [139.26567116900003, -35.79689806199997], [139.26557093100007, -35.796796272999984], [139.26550457300004, -35.796735489999946], [139.26514593000002, -35.79649152299993], [139.2649383590001, -35.79637955599998], [139.26449167500004, -35.796158746999936], [139.26434011100002, -35.79606540299994], [139.26419407600008, -35.79596594399993], [139.26403793500003, -35.79583801199993], [139.26373241500005, -35.795546627999954], [139.26361943200004, -35.79542556999996], [139.26350506000006, -35.79531271399998], [139.263469492, -35.79527272799993], [139.2634215500001, -35.795216204999974], [139.26338898900008, -35.79517111599995], [139.263302618, -35.79503730199997], [139.26326951400006, -35.795001087999935], [139.2632301850001, -35.79496004099997], [139.26310246700007, -35.79484090899996], [139.26301530900002, -35.79476557499993], [139.26284029400006, -35.794636786999945], [139.26272440200012, -35.79454408899994], [139.26255256900004, -35.79439686599994], [139.26242370400007, -35.79430131799995], [139.26215893200003, -35.79413513399993], [139.2620258920001, -35.794038186999956], [139.26194846500005, -35.79398859299994], [139.26182689000007, -35.79391363299993], [139.26158610100003, -35.793774336999945], [139.26148831000012, -35.79370985199995], [139.26116009200007, -35.79348496199998], [139.26078723800003, -35.793207680999956], [139.26072581200003, -35.79315548799997], [139.2606072650001, -35.793041562999974], [139.2603623320001, -35.79283622299994], [139.26019780700005, -35.792645610999955], [139.25990179100006, -35.79233685899993], [139.25980896300007, -35.79224676399997], [139.25953706200005, -35.79201792999993], [139.259420642, -35.79193411199998], [139.25934403200006, -35.79188691799993], [139.25912068900004, -35.79176214199998], [139.25900453500003, -35.79168996399994], [139.25884229100006, -35.79157975199996], [139.25878532800004, -35.79153923399997], [139.25867149900012, -35.79144963299996], [139.2586134180001, -35.79139815199994], [139.25859110500005, -35.79137229899993], [139.258465225, -35.791273701999955], [139.25840881800002, -35.79122292599993], [139.25830817200006, -35.79112112499996], [139.25820813500002, -35.79100531499995], [139.25812498200003, -35.790913932999956], [139.25809183100012, -35.79088217599997], [139.2580352340001, -35.79081394899998], [139.2579202080001, -35.79068910899997], [139.2577619530001, -35.79050060999998], [139.25766839800008, -35.790371164999954], [139.25753791800003, -35.790209939999954], [139.25748952600009, -35.79015614499997], [139.25744145500005, -35.790109204999965], [139.25732694500005, -35.79000865499995], [139.25727955900004, -35.789974024999935], [139.2571737830001, -35.789910488999965], [139.256865005, -35.78974082599996], [139.2566010280001, -35.78961089099994], [139.25639511000008, -35.789502339999956], [139.25628231200005, -35.789430539999955], [139.25616680300004, -35.78934228899993], [139.25610869900004, -35.789292512999964], [139.25605316400004, -35.78923934399995], [139.25562798700003, -35.78879740799994], [139.255331984, -35.78852080099995], [139.25525265300007, -35.78845818199994], [139.25517273100002, -35.788407878999976], [139.2549894440001, -35.788302605999945], [139.25478804400007, -35.78817151399994], [139.25432961400008, -35.787923890999934], [139.254085185, -35.78777737399997], [139.25361001500005, -35.78746494899997], [139.2535096050001, -35.78737717699994], [139.25342683000008, -35.78729024599994], [139.25328376000004, -35.787129240999946], [139.2532269730001, -35.78707571199993], [139.25304175000008, -35.78692732799993], [139.2529296890001, -35.786832611999955], [139.25281408500007, -35.78675187599998], [139.25259089300005, -35.78661785399993], [139.25245775100007, -35.78652978799994], [139.2522619560001, -35.78638848899993], [139.25216314700003, -35.786307223999984], [139.25207023300004, -35.78622464899996], [139.25197574700007, -35.78613384199997], [139.25176273400007, -35.78589969999996], [139.2516716440001, -35.78580653999995], [139.25148239200007, -35.78564613899994], [139.25127792600006, -35.78546303], [139.25117389600007, -35.78536461699997], [139.2509428620001, -35.78515869499995], [139.25079694500005, -35.785022966999975], [139.2507546070001, -35.784987704999935], [139.25028443500003, -35.784648636999975], [139.25010084500002, -35.78450470699994], [139.2499016820001, -35.784333613999934], [139.24979354000004, -35.78422866599993], [139.24957340700007, -35.784025232999966], [139.24926221500004, -35.78375736199996], [139.24918845500008, -35.783686587999966], [139.24909169900002, -35.78360876099998], [139.2489561310001, -35.78351519299997], [139.24890361100006, -35.78348804299998], [139.2486896260001, -35.78335684199993], [139.24833295500002, -35.78316277299996], [139.24811237200004, -35.78302330099996], [139.24787666300006, -35.78288539499994], [139.2473508050001, -35.78263132099994], [139.24716554100007, -35.78254927699993], [139.24688713000012, -35.78240312099996], [139.24678073600012, -35.78232554999994], [139.24662058600006, -35.78221807899996], [139.24641414400003, -35.782089318999965], [139.24636428700012, -35.78205124699997], [139.246334853, -35.78202430399995], [139.24629557600008, -35.781980172999965], [139.24621349400002, -35.781873401999974], [139.24615318100007, -35.781801722999944], [139.24594807800008, -35.78157447399997], [139.245890249, -35.78150520599996], [139.245785962, -35.78139550299994], [139.245572325, -35.78120956499998], [139.2454539480001, -35.781117173999974], [139.24534909300007, -35.78104919799995], [139.2452108650001, -35.78096688699998], [139.24513452500003, -35.78093199099993], [139.24506307500008, -35.78090808899998], [139.24487652400012, -35.78082911499996], [139.2447883970001, -35.78079685199998], [139.2447128970001, -35.780761964999954], [139.24431422200007, -35.78050971399995], [139.24416845000007, -35.78039518299994], [139.24405330700006, -35.78031240399997], [139.24373261800008, -35.78006598099995], [139.24363329100004, -35.77999360299998], [139.24341275000006, -35.77982093799994], [139.24336699200012, -35.779791114999966], [139.2433049130001, -35.77975668999994], [139.24317520400007, -35.77969600299997], [139.24306981900008, -35.779636908999976], [139.2427466800001, -35.77947870699995], [139.242594144, -35.779399], [139.24241927000003, -35.77929480999995], [139.24233606000007, -35.779240707999975], [139.24224483400008, -35.77915882199994], [139.24209514000006, -35.77899431599997], [139.24193652600002, -35.77886769999998], [139.24188432800008, -35.77881729699993], [139.2418347680001, -35.77877634299995], [139.24163575300008, -35.77856636599995], [139.24150555500012, -35.77842083099995], [139.24139285400008, -35.77828201799997], [139.24120659100004, -35.77801888899995], [139.24105588600003, -35.77773911299994], [139.24101557900008, -35.777674685999955], [139.24097701200003, -35.777629773999934], [139.24087487100007, -35.77753107399997], [139.24074789700012, -35.77743650999997], [139.24052962200005, -35.77731378599998], [139.2404334590001, -35.777253446999964], [139.24031683500004, -35.77718664599996], [139.24005941500002, -35.77702651499993], [139.23977947900005, -35.77683773599995], [139.23970957500012, -35.77678626599993], [139.23945341, -35.77658274999993], [139.2391421090001, -35.77630060399997], [139.23900694500003, -35.776196366999955], [139.2389638740001, -35.77616779099998], [139.238839374, -35.77609786399995], [139.23868842900004, -35.77600708699998], [139.23831515000006, -35.77580892299994], [139.23793253100007, -35.77561679399997], [139.23767641900008, -35.77549836899993], [139.23734395400004, -35.775315416999945], [139.23728135700003, -35.77527702599997], [139.23714811000002, -35.77518237899994], [139.23699327300005, -35.775053957999944], [139.23689328500006, -35.774952894999956], [139.23671416900004, -35.77473428099995], [139.23667251400002, -35.774675309999964], [139.23654157900012, -35.77443713799994], [139.2364713620001, -35.774336105999964], [139.23638450500005, -35.77422837299997], [139.2362568840001, -35.77403672], [139.23607363600001, -35.77372713999995], [139.23602918300003, -35.77366061699996], [139.2359454960001, -35.77356283199998], [139.23587387100008, -35.77349185299994], [139.2358009610001, -35.773444111999936], [139.2357150260001, -35.77339824799998], [139.23564941200004, -35.773363581999945], [139.23557286300002, -35.773331508999945], [139.2353634430001, -35.77327280299994], [139.2351939560001, -35.773231350999936], [139.2349692040001, -35.773162541999966], [139.23480678400006, -35.77310272899996], [139.23474860700003, -35.77307464499995], [139.23463781300006, -35.773012405999964], [139.23451980200002, -35.772932641999944], [139.2343709370001, -35.77282138499993], [139.23432511500005, -35.772783206999975], [139.23428510200006, -35.77274818099994], [139.23423787600007, -35.772695296999984], [139.23407159300007, -35.77248640899995], [139.23403340700008, -35.772421667999936], [139.23392137200005, -35.772248667999975], [139.23386823300007, -35.772154343999944], [139.23379076800006, -35.77203784599993], [139.23368664300006, -35.77191211199994], [139.23363673200004, -35.77186807299995], [139.23352342700002, -35.771783926999944], [139.23344675400006, -35.77173613299993], [139.23338312200008, -35.77170832099995], [139.23315952500002, -35.771623114999954], [139.232855104, -35.771532443999945], [139.2327297910001, -35.771484028999964], [139.23267323100004, -35.77145939199994], [139.2325128970001, -35.771377720999965], [139.23231048600007, -35.77125997099995], [139.23220436200006, -35.771173175999934], [139.2320433000001, -35.77102040799997], [139.23196107600006, -35.77093357999996], [139.231868737, -35.77085003499997], [139.23176150000006, -35.77075570699998], [139.2316190130001, -35.770640424999954], [139.23157863400002, -35.770603000999984], [139.23141302700003, -35.77042453799993], [139.2312962100001, -35.77030480199994], [139.23120168800006, -35.77022533099995], [139.23096881900005, -35.77005558199994], [139.2309222030001, -35.770015343999944], [139.23082013400006, -35.76991356899998], [139.23064519500008, -35.76976335299997], [139.23055923000004, -35.76967511], [139.23043767700005, -35.769518054999935], [139.23039732600012, -35.76947891499998], [139.23027366200006, -35.76934473599994], [139.23019745500005, -35.76927267399998], [139.230023769, -35.769144349999976], [139.22930439700008, -35.76866935999993], [139.22918613800005, -35.768581720999975], [139.22895777200006, -35.76839630899997], [139.22878873800005, -35.76822190199994], [139.22867422000002, -35.76809227399997], [139.22860919900006, -35.76802719699998], [139.2285217540001, -35.76795089199993], [139.22842470000012, -35.767872754999985], [139.22832539800004, -35.76780244899993], [139.22814394400007, -35.76766411099993], [139.2280817510001, -35.767604880999954], [139.2279236810001, -35.76747195899998], [139.2276618200001, -35.76723997499994], [139.2275558770001, -35.76716617099993], [139.22748088900005, -35.76711873599993], [139.22730236400002, -35.76702452099994], [139.226940215, -35.76681792099998], [139.2268310500001, -35.76675910599994], [139.226503943, -35.76656251999998], [139.22632329900011, -35.76644743199995], [139.22604347300012, -35.766256571999975], [139.22516832400004, -35.76564114599995], [139.22502174700003, -35.76552170299993], [139.22490926800003, -35.765417051999975], [139.22476265600005, -35.76525557699995], [139.22456389700005, -35.76501481599996], [139.22446423400004, -35.76491955499995], [139.22436073200004, -35.76482800399998], [139.224292944, -35.76477689899997], [139.224237022, -35.76474097899995], [139.22399316400003, -35.764599103999956], [139.22387022600003, -35.76451516499998], [139.22384056200008, -35.764487790999965], [139.22372157400002, -35.76435057799995], [139.22366146900004, -35.76429274099996], [139.22355126600007, -35.76422229099995], [139.22334098600004, -35.76412288499995], [139.22318608400008, -35.76404435099994], [139.2230496080001, -35.76398860399996], [139.22282250000012, -35.76391358899997], [139.22260844400012, -35.76383600999998], [139.2225523630001, -35.76380829599998], [139.2224229750001, -35.76373315799998], [139.2222236450001, -35.76360927799993], [139.22219300300003, -35.76358871799994], [139.22210518100007, -35.76351104099996], [139.22197106600004, -35.76337637299997], [139.22168593900005, -35.76313484999997], [139.22154509900008, -35.763022655999976], [139.22132064000004, -35.76285367699995], [139.22121253600005, -35.76276206599994], [139.22109970300005, -35.76267620599998], [139.22096256700002, -35.762589694999974], [139.22085714500008, -35.76251109699996], [139.220638677, -35.76235826799996], [139.2204871780001, -35.76225550299995], [139.2204108850001, -35.76221044199997], [139.2202651130001, -35.762114922999956], [139.22020656300003, -35.76206290699997], [139.22012769900005, -35.761977136999974], [139.22000481600003, -35.761825870999985], [139.2198698320001, -35.76162727199994], [139.21984058300006, -35.761578707999945], [139.2197622230001, -35.76142287299996], [139.21966159500005, -35.76120455999995], [139.2196133230001, -35.76111986099994], [139.21946611400006, -35.760925216999965], [139.219384815, -35.76083530899996], [139.21934283100006, -35.76079768999995], [139.2192974720001, -35.76075780399998], [139.21905908300005, -35.76057258399993], [139.2189080280001, -35.76046879499995], [139.2188031600001, -35.76040490999998], [139.21852711200006, -35.76025953899995], [139.21847350300004, -35.76023458599997], [139.21834625400004, -35.76017895599995], [139.2181218290001, -35.760096105999935], [139.2180482230001, -35.76006474299993], [139.2179418400001, -35.76001450299998], [139.2178343710001, -35.75995536399995], [139.2176966940001, -35.759875679999936], [139.21758197200006, -35.75980106499998], [139.21742527300012, -35.75968593199997], [139.2173422850001, -35.75961821899995], [139.21722470600002, -35.75953981599997], [139.21690919200012, -35.75935359899995], [139.21681198200008, -35.75930621599997], [139.21670078700004, -35.759245319999934], [139.21656192600005, -35.759183389999976], [139.2165378620001, -35.75916974699993], [139.21638279700005, -35.75905702499995], [139.21630374900008, -35.75898115599995], [139.2162167020001, -35.75888502599997], [139.21612780200007, -35.75877656599994], [139.21609226500004, -35.758727921999935], [139.21592963600006, -35.75848522299998], [139.21581726600004, -35.75828931099994], [139.21570519400007, -35.75812107599995], [139.21562074200006, -35.758021560999964], [139.21554389800008, -35.757939918999966], [139.2154582500001, -35.75785883699996], [139.21540619300004, -35.75781817999996], [139.21526138000002, -35.75771721099994], [139.21511311400002, -35.757621996999944], [139.2150040900001, -35.757556690999934], [139.21485296600008, -35.75747853299998], [139.21467513800008, -35.75739354399997], [139.2144863630001, -35.757289603999936], [139.214379107, -35.75724174499993], [139.21419256100012, -35.757173733999934], [139.2138944180001, -35.757044131999976], [139.21371425100006, -35.756971748999945], [139.2135784620001, -35.75690335799993], [139.21341387500001, -35.75680588499995], [139.21326132000002, -35.75669387199997], [139.21316687600006, -35.75661234699993], [139.2130817100001, -35.75652785699998], [139.21301331600012, -35.756443236999985], [139.21295544300006, -35.756378584999936], [139.21275916000002, -35.75618568999994], [139.2127113670001, -35.75614200899997], [139.2126134990001, -35.75606384899993], [139.2124963650001, -35.755985101999954], [139.21239726300007, -35.75592743499993], [139.21227692500008, -35.755861978999974], [139.21212946100002, -35.755790358999946], [139.2119511100001, -35.755689632999974], [139.21183986900007, -35.755631121999954], [139.21171569700005, -35.755547501999956], [139.21125776700012, -35.75520324799993], [139.21103663100007, -35.75497311999993], [139.21086727500006, -35.75481953399998], [139.21078104000003, -35.75474732699996], [139.21067487000005, -35.75466496299998], [139.21051161600008, -35.75452068199996], [139.21034692600006, -35.754407481999976], [139.21015315800003, -35.75428058099993], [139.20992393400002, -35.75412211999998], [139.20966978900003, -35.753930182999966], [139.2094745810001, -35.753768744999945], [139.2093377960001, -35.753665474999934], [139.2092156230001, -35.75358699299994], [139.20915208700012, -35.75355542199998], [139.20906697200007, -35.75349225699995], [139.20880739900008, -35.75331496199993], [139.20868294800005, -35.75323139999995], [139.2085644340001, -35.75316067899996], [139.2084467400001, -35.753076557999975], [139.20824722300006, -35.752922094999974], [139.20820649200004, -35.75288761599995], [139.2081483080001, -35.752830450999966], [139.2078741790001, -35.752532222999946], [139.20774767500006, -35.75240428199993], [139.20758153200006, -35.75226146899996], [139.20746136200012, -35.752175928999975], [139.20740670700002, -35.75214185699997], [139.20722788000012, -35.752043483999955], [139.2070367670001, -35.75194692599996], [139.20689195300008, -35.751881873999935], [139.20666973200002, -35.751796732999935], [139.20663281600002, -35.75179016399994], [139.2064897350001, -35.75175229499996], [139.2063669260001, -35.751712760999965], [139.20618632600008, -35.75163187399994], [139.20606632300007, -35.75156902799995], [139.20569504600007, -35.751348277999966], [139.20537377200003, -35.75113368099994], [139.20517026400012, -35.75098566299994], [139.20507251200002, -35.75092634099997], [139.20495250300007, -35.75086382999996], [139.20482525700004, -35.75078949199997], [139.20466745300007, -35.750678808999965], [139.2045165070001, -35.75055037799996], [139.20432957700007, -35.75041265999994], [139.20421452800008, -35.750339243999974], [139.20400571300002, -35.75021415699996], [139.20388665000007, -35.75014821899998], [139.2037985620001, -35.750104216999944], [139.20364333800012, -35.75003516999993], [139.20340217900002, -35.74992043699996], [139.2033189860001, -35.74988202499998], [139.20318635900003, -35.74983266899994], [139.20304238900007, -35.74976796399994], [139.20269678700004, -35.74959206199998], [139.20252162300005, -35.74948411999998], [139.20225250700003, -35.74928841199994], [139.2021144890001, -35.74917913799993], [139.2018828030001, -35.74898656399995], [139.20174204900002, -35.74885593899995], [139.20153922100008, -35.74868592499996], [139.20142864800005, -35.748561044999974], [139.20135255200012, -35.74849665099998], [139.20092313800012, -35.74818984399997], [139.20081609600004, -35.748102492999976], [139.200765745, -35.74806575499997], [139.20060568300005, -35.74796086799995], [139.20045247400003, -35.74785232599993], [139.20027352700004, -35.74771578299993], [139.200140045, -35.74759595099994], [139.20006925200005, -35.747509315999935], [139.19996157600008, -35.747315395999976], [139.1999308380001, -35.74727148499994], [139.1998974170001, -35.74723233199995], [139.19985433600004, -35.74719229599998], [139.1998021180001, -35.74714727099996], [139.1997511200001, -35.747118085999944], [139.1994648330001, -35.74697598599994], [139.1993456350001, -35.74690077499997], [139.19928857500008, -35.74684843299997], [139.19917933400006, -35.74669332999997], [139.1991237300001, -35.74663483299997], [139.19905568700005, -35.74658330799997], [139.1989011810001, -35.74647576999996], [139.1986856110001, -35.746337480999955], [139.19852015700008, -35.746243823999976], [139.1984291230001, -35.746200090999935], [139.1983361350001, -35.74616526199998], [139.19814688400004, -35.74610653499997], [139.19800588300006, -35.74606938299996], [139.1978721600001, -35.74602928699994], [139.19760847500004, -35.74596393199994], [139.197480207, -35.745924283999955], [139.19740944400007, -35.74589367799996], [139.19736133800006, -35.74586660099993], [139.1972455560001, -35.74579007999995], [139.1971575560001, -35.745714789999965], [139.19708967000008, -35.74564401499998], [139.1970596860001, -35.745602866999945], [139.1969219120001, -35.74538635799996], [139.1968031130001, -35.74518431499996], [139.1966788950001, -35.74499419899996], [139.19661815200004, -35.74490981799994], [139.1965722220001, -35.74485220399998], [139.19643954200012, -35.74470556499995], [139.1964018850001, -35.74466735599998], [139.19629541400002, -35.744575545999965], [139.196204232, -35.74450843999995], [139.19598098400002, -35.744359335999945], [139.19586372100002, -35.74428999799994], [139.19580633900011, -35.74426307999994], [139.19523253500006, -35.74402112599995], [139.19492955500004, -35.74390206399994], [139.1948267450001, -35.743857068999944], [139.19472625600008, -35.74380525199996], [139.19462191800005, -35.74374097899994], [139.19446879600002, -35.74364412099993], [139.19436476600004, -35.74356954399997], [139.1942118190001, -35.743438312999956], [139.19416394600012, -35.74338959299996], [139.1939497730001, -35.743162291999965], [139.1938543340001, -35.743053852999935], [139.19370644900005, -35.742894545999945], [139.19363012400004, -35.74279541699997], [139.19358486600004, -35.742729561999965], [139.19350556000006, -35.742631753999945], [139.19326592100003, -35.74228261799993], [139.1931369350001, -35.742125743999964], [139.19304745500006, -35.742029457999934], [139.19275881500005, -35.741769053999974], [139.1926667570001, -35.741702965999934], [139.19250825100005, -35.741602901999954], [139.19234683800005, -35.74151584699996], [139.1921510200001, -35.74142329699998], [139.1917638330001, -35.74127232], [139.1916885590001, -35.74123748599993], [139.19138592000002, -35.74107923899993], [139.19128653200005, -35.74101884099997], [139.1912258540001, -35.740975369999944], [139.19093286200007, -35.740733785999964], [139.19080626000004, -35.74063848199995], [139.1905906710001, -35.74045926399998], [139.19035135500008, -35.74026995999998], [139.19002373900003, -35.74003043499994], [139.18954078100012, -35.73965551599997], [139.189438482, -35.73957993399995], [139.18928694200008, -35.73948722199998], [139.18908262600007, -35.73935428999994], [139.1889227150001, -35.739259354999945], [139.1887828980001, -35.739169283999956], [139.18845318500007, -35.73892971399994], [139.18838814000003, -35.73887721199998], [139.18823139100004, -35.73876102699995], [139.1880723370001, -35.738623142999984], [139.18797468600008, -35.73851912699996], [139.1877441700001, -35.73826124999994], [139.18766466500006, -35.73818439499996], [139.187489679, -35.73800117199994], [139.18739958300011, -35.73791242699997], [139.187225731, -35.737761871999965], [139.1868566380001, -35.73747168099993], [139.18674180800008, -35.73737797899997], [139.18668843700004, -35.73732983599996], [139.18656485400004, -35.737232861999985], [139.1860862840001, -35.73691025699998], [139.185991069, -35.73685131099995], [139.18579435700008, -35.73674705099995], [139.1857423130001, -35.73671096399994], [139.1856008530001, -35.73659129599997], [139.18551416900004, -35.736500897999974], [139.1854505220001, -35.736443958999985], [139.1853365920001, -35.736362638999935], [139.18516902200008, -35.736256554999954], [139.1850456630001, -35.736194300999955], [139.18466760100011, -35.736035914999945], [139.18447148600012, -35.73593991599995], [139.1843324130001, -35.73586737599993], [139.184188, -35.735776527999974], [139.1840775490001, -35.735691498999984], [139.18403114300008, -35.735650361999944], [139.18376272400008, -35.735377632999985], [139.18362369200008, -35.735247700999935], [139.18349859600005, -35.73514485499993], [139.18339867400005, -35.73507481299998], [139.18291437300002, -35.734803641999974], [139.18276432000005, -35.734731916999976], [139.182684676, -35.734688751999954], [139.1824788340001, -35.73456539499995], [139.18239749500003, -35.73452219199993], [139.18222277100006, -35.73441560799995], [139.18203382900003, -35.73429156299994], [139.181874439, -35.734179783999934], [139.18160338500002, -35.73398157599996], [139.18156159300008, -35.733955314999946], [139.18140219500003, -35.733829785999944], [139.1811581600001, -35.73361630799997], [139.18098643200005, -35.73345203699995], [139.18082436800012, -35.73331718099996], [139.18066509100004, -35.733173438999984], [139.1806173440001, -35.73313502199994], [139.18051539100009, -35.73306219099993], [139.180457799, -35.73301430499998], [139.18012132100012, -35.73282070399995], [139.1799772930001, -35.73273122899997], [139.17993326600003, -35.732694950999985], [139.17987493700002, -35.73264361499997], [139.17974221800011, -35.732436191999966], [139.17967949100012, -35.73234908599994], [139.1796421900001, -35.732306241999936], [139.17959580000002, -35.73225838099995], [139.17954174200008, -35.73221240399994], [139.17940972400004, -35.73211644], [139.179247744, -35.73202080899995], [139.17899377300012, -35.73189033899996], [139.1787701070001, -35.73178568299994], [139.1787063710001, -35.73175116899995], [139.17859013100008, -35.73167449399995], [139.1784245770001, -35.73151308499996], [139.17838598900005, -35.73148293999998], [139.178342691, -35.73145475599995], [139.17829091800002, -35.73142774399997], [139.17816313100002, -35.731367302999956], [139.17794673800006, -35.731283807999944], [139.177893293, -35.73126844999996], [139.17779837900002, -35.73124454799995], [139.17758665300005, -35.731207928999936], [139.17752017300006, -35.731191585999966], [139.17722353700003, -35.73109862699994], [139.1768398040001, -35.730964073999985], [139.176590045, -35.73085811499993], [139.176514289, -35.73081747699996], [139.17643420800005, -35.73076778099994], [139.176365733, -35.730712179999955], [139.1763217460001, -35.73066780499994], [139.17624733000002, -35.73058935499995], [139.17611991100011, -35.73042299699995], [139.17605346400012, -35.73034576699996], [139.17601718600008, -35.73031017999995], [139.17582435200006, -35.730145025999946], [139.17574225700002, -35.73006914699994], [139.1755112830001, -35.72987318199995], [139.17546037500006, -35.72983380799997], [139.1752984210001, -35.72969001699994], [139.1747831560001, -35.729291314999955], [139.174733768, -35.729256447999944], [139.1745204220001, -35.72908703], [139.1741374510001, -35.72881215299998], [139.1737445340001, -35.72852019499993], [139.17339597600005, -35.72823822299995], [139.17328234900003, -35.72815953799994], [139.17290469500006, -35.72792502799996], [139.17272901500007, -35.72778813699995], [139.17267875800007, -35.72775428099993], [139.17260656700012, -35.72770821199998], [139.17254865400002, -35.72767623999994], [139.1723859010001, -35.72760293699997], [139.1721682440001, -35.72749600399993], [139.1720445420001, -35.727439785999934], [139.17179398700011, -35.72734446299995], [139.17147536800007, -35.72724203599995], [139.1711872940001, -35.72712244099995], [139.17100237700004, -35.72705583499993], [139.17088144600007, -35.72700483299997], [139.17067087500004, -35.72690047999998], [139.170608452, -35.72686461599994], [139.17049811200002, -35.72678841399994], [139.17044635500008, -35.72674901899995], [139.17025261300012, -35.72658623999996], [139.16998381500002, -35.72632780299995], [139.16988297500006, -35.72622156299997], [139.16975297600004, -35.726116693999984], [139.16962321900007, -35.72602903099994], [139.1695797100001, -35.72599533099998], [139.16952984600005, -35.725950128999955], [139.1694436370001, -35.72588344299993], [139.16923728900008, -35.725707641999975], [139.1690833230001, -35.725565062999976], [139.16896261600004, -35.72546007099993], [139.1687693240001, -35.72533238099993], [139.16825230000006, -35.725044700999945], [139.1680593630001, -35.724942477999946], [139.16789565200008, -35.72484919799996], [139.16769207900006, -35.72472607699996], [139.1675959580001, -35.72465330599994], [139.16746850700008, -35.72453646099996], [139.16728482300005, -35.72435190599998], [139.1669653020001, -35.723989777999975], [139.166891673, -35.72391340099995], [139.16678982000008, -35.72382398099995], [139.16658126800007, -35.72366291499998], [139.16637860600008, -35.723526413999934], [139.16609781600005, -35.72334473099994], [139.165982449, -35.723279753999975], [139.16586065700005, -35.72321737899995], [139.1657459390001, -35.72316961499996], [139.16569050600003, -35.72315111299997], [139.1655650780001, -35.72311995299998], [139.1653834440001, -35.72306820199998], [139.165267856, -35.72303313899994], [139.16519246400003, -35.72300625099996], [139.16512940400003, -35.72297690999994], [139.1650190680001, -35.72291273899998], [139.16491278, -35.72282940399998], [139.16482694900003, -35.72274036399995], [139.16471715000011, -35.722613613999954], [139.16459422800006, -35.722464197999955], [139.16449431500007, -35.72233217699994], [139.16415717100006, -35.72196823899998], [139.16406272200004, -35.72187245899994], [139.16397195600007, -35.72179155799995], [139.16381289600008, -35.721674306999944], [139.1636257460001, -35.72152852299996], [139.1633641520001, -35.72135313299998], [139.16324126300003, -35.72126253099998], [139.16312626500007, -35.72118723699998], [139.16296856000008, -35.721091341999966], [139.16277173800006, -35.72095669], [139.16261713500012, -35.72085639399995], [139.16253284100003, -35.72079558899998], [139.16243847500004, -35.72072113399997], [139.16217738700004, -35.72050791199996], [139.16206033900005, -35.72041916399996], [139.1619022420001, -35.720286794999936], [139.16169566200006, -35.720153971999935], [139.1615427170001, -35.72006643499998], [139.16149368600009, -35.720033978999936], [139.1613000430001, -35.71989320599994], [139.16117978300008, -35.719799912999974], [139.16104039700008, -35.71971063199993], [139.16085915100007, -35.71961279299995], [139.16063428100006, -35.719460622999975], [139.160392085, -35.71932110399996], [139.1600218090001, -35.71911871699996], [139.15981193000005, -35.71899578299997], [139.15971586600006, -35.71893401099993], [139.15958798400004, -35.71884156999994], [139.1588269980001, -35.71825264199998], [139.15861526700007, -35.71809905099997], [139.15826237600004, -35.71788227299993], [139.1579007050001, -35.717651882999974], [139.15783653200003, -35.717606339999975], [139.1575042070001, -35.717345343999966], [139.15741239200008, -35.71725890499994], [139.15737216900004, -35.71721565099995], [139.15732649300003, -35.71716022499993], [139.15725367100003, -35.717061512999976], [139.157204932, -35.71698503599998], [139.15716070000008, -35.71688871999993], [139.15713329100004, -35.71684129299996], [139.15707309900006, -35.71675491599996], [139.1570032520001, -35.71666762399997], [139.15692581700011, -35.716580154999974], [139.15686544000005, -35.716522665999946], [139.15677072500011, -35.71644647399995], [139.15667358000007, -35.71637951899993], [139.1566111940001, -35.71634296099995], [139.15647156500006, -35.71627292699998], [139.1563436230001, -35.71621796399995], [139.15604358000007, -35.71611663099998], [139.155741948, -35.71600080299993], [139.15561364100006, -35.715944451999974], [139.15535676000002, -35.71581524599998], [139.1551807510001, -35.715712706999966], [139.15496333200008, -35.715600594999955], [139.1548655350001, -35.715540155999975], [139.1546414820001, -35.715413093999985], [139.15452580700003, -35.71533365399995], [139.15440153600002, -35.71523474999998], [139.15430271000002, -35.71514401799993], [139.15398384200012, -35.71480182099998], [139.15395634900005, -35.714768497999955], [139.15382956400003, -35.71464579899998], [139.15369827300003, -35.71453125499994], [139.15356811800007, -35.71443186699997], [139.15349297500006, -35.71437505399996], [139.1533768920001, -35.714294922999954], [139.15324703200008, -35.71421136099997], [139.15259829600006, -35.71383589299995], [139.152469106, -35.71375716299997], [139.1522604380001, -35.71361292299997], [139.1521208910001, -35.71350505099997], [139.152039628, -35.713430555999935], [139.151787516, -35.71315630999993], [139.15174517800006, -35.71310165299997], [139.15161687600005, -35.71290325699994], [139.151516527, -35.71279631999994], [139.15144602400005, -35.71270384799993], [139.15133291100005, -35.71257631599997], [139.1512475610001, -35.71249794399995], [139.15119505200005, -35.71245679699996], [139.1510502420001, -35.71235499699998], [139.15093835400012, -35.71228768699996], [139.15081872400003, -35.712224653999954], [139.15063628200005, -35.712137439999935], [139.15050802200005, -35.71209175599995], [139.15025986800003, -35.71201398399995], [139.15004652900006, -35.71194185099995], [139.1498114300001, -35.711853048999956], [139.1497212810001, -35.71181479499995], [139.1493976920001, -35.711664724999935], [139.149183106, -35.71154475499998], [139.1490299410001, -35.71146442699995], [139.14887511300003, -35.71139506099996], [139.14874242000008, -35.71134375699995], [139.14863335100006, -35.71127557999995], [139.1484171510001, -35.71112246799993], [139.14832423000007, -35.71104297699998], [139.14819003800005, -35.710914712999966], [139.14809874000002, -35.710838670999976], [139.14792471700002, -35.71070416599997], [139.14780966000012, -35.710641590999955], [139.14763944900005, -35.71055889899998], [139.1472604800001, -35.71038349999998], [139.14714961800007, -35.710323029999984], [139.14693769400003, -35.710192237999934], [139.14685867700007, -35.71013758099997], [139.1466861550001, -35.709987652999985], [139.14651043300012, -35.70982707], [139.1463618470001, -35.709705516999975], [139.1461971640001, -35.70959099199996], [139.14597116200002, -35.70944702099996], [139.14583597500007, -35.709355778999964], [139.14563298100006, -35.70919181599993], [139.14544567500002, -35.70904688], [139.14523541300002, -35.70886433299995], [139.14507609300006, -35.708712951999985], [139.1448693100001, -35.70849684099994], [139.14463849300012, -35.70828459299997], [139.14454203000003, -35.70819032299994], [139.14441185300007, -35.70807478599994], [139.14418705700007, -35.70788110799998], [139.14406959400003, -35.70778559099995], [139.14390058900005, -35.707652844999984], [139.143669057, -35.70748686699994], [139.14345692100005, -35.70731698299994], [139.14332967100006, -35.707229249999955], [139.1432230570001, -35.70716607199995], [139.143162554, -35.707137315999944], [139.1430304700001, -35.70708930799998], [139.1429480480001, -35.70706444099994], [139.14283659300008, -35.70704133099997], [139.14278036200005, -35.70703490699998], [139.14257661400006, -35.707026602999974], [139.1423724020001, -35.70699428599994], [139.14224515800004, -35.70695934399998], [139.14216490700005, -35.70693004999998], [139.14198987600003, -35.70686032399993], [139.14193149000005, -35.70683090499995], [139.1417967010001, -35.70674137799995], [139.14170030000002, -35.70666973099998], [139.1416266640001, -35.70659455799995], [139.14159075700002, -35.706552012999964], [139.14147715800004, -35.70639858299995], [139.14122191900003, -35.70613738099996], [139.1410557060001, -35.70598786099998], [139.14074859100003, -35.705737770999974], [139.14052222700002, -35.70556430099998], [139.14040396500002, -35.705466711999975], [139.14014018400007, -35.70526747899993], [139.14009356300005, -35.70523818699996], [139.13993113700008, -35.70514253899995], [139.139846497, -35.70509845], [139.13967741500005, -35.70502500699996], [139.13939964400004, -35.70491305999997], [139.13925298200002, -35.70485699599993], [139.13899825900012, -35.70477648499997], [139.13872074500011, -35.70467448199997], [139.13848067200001, -35.70459823899995], [139.1383306240001, -35.704543515999944], [139.1379810730001, -35.70439856899998], [139.1376647740001, -35.70425123699994], [139.13739407000003, -35.704118439999945], [139.13717867100002, -35.70399685199993], [139.13693931800003, -35.70387467099994], [139.1368877010001, -35.70384258399997], [139.13651922600002, -35.70356612499995], [139.1364330340001, -35.70348772299997], [139.13635073500006, -35.70340251299996], [139.13617725000006, -35.70320902199995], [139.13603114400007, -35.70301273599995], [139.1359495370001, -35.702910378999945], [139.1358524970001, -35.702800674999935], [139.13553001200012, -35.70240743199997], [139.13542879800002, -35.70229596099995], [139.13524927000003, -35.70211269199996], [139.13508035400002, -35.701949758999945], [139.13485843500007, -35.701789014999974], [139.13461103800012, -35.70164514499993], [139.134442583, -35.70153295899996], [139.13434464500006, -35.70147947199996], [139.1342508020001, -35.701433564999945], [139.13406145300007, -35.70132872599993], [139.1339299980001, -35.70126837399994], [139.13339033900002, -35.70100002999993], [139.13312946500002, -35.700858075999975], [139.132909282, -35.70072099599997], [139.13278215000003, -35.70062707799997], [139.13256281000008, -35.70049001499996], [139.13233466300005, -35.700325084999974], [139.13211338700012, -35.70017805799995], [139.1320581230001, -35.70013770099996], [139.1317844670001, -35.69992737299998], [139.13169122600004, -35.699843071999965], [139.13138083100011, -35.699590859999944], [139.131339281, -35.69956059499998], [139.1312514650001, -35.69950583499997], [139.13118081100004, -35.699455022999985], [139.13085738900008, -35.69920234199998], [139.13067855600002, -35.69908284199994], [139.13054495500012, -35.69899948199998], [139.13041907600007, -35.69893266399998], [139.13000231500007, -35.69873521599993], [139.12984856600008, -35.69865027299994], [139.12973335300012, -35.698573619999934], [139.1296715200001, -35.698523587999944], [139.12958509800012, -35.69843387499998], [139.12942508800006, -35.69821445599996], [139.12926331800008, -35.698026562999985], [139.12912035500005, -35.697844705999955], [139.12892849000002, -35.69764621099995], [139.12878145500008, -35.69750955699993], [139.12872333600012, -35.69746436999998], [139.1286213090001, -35.697404656999936], [139.1279941350001, -35.69706507999996], [139.12782514100002, -35.69696111299993], [139.12777321300007, -35.696923194999954], [139.12765873900003, -35.696827001999964], [139.1275249580001, -35.69670283599993], [139.1274012460001, -35.69657946399997], [139.12712610900007, -35.69633208199997], [139.1269725400001, -35.69620975799995], [139.12684253100008, -35.69611272199995], [139.1266207980001, -35.695969452999975], [139.1264376250001, -35.69585881699993], [139.12620183400009, -35.69570064699997], [139.1260710890001, -35.69562280599996], [139.125873511, -35.69549315699993], [139.12572897400003, -35.69538532799993], [139.12545432700006, -35.69521269599994], [139.12540357800003, -35.695179577999966], [139.12534003300004, -35.69513159], [139.12523227100007, -35.69506290299995], [139.12512102800008, -35.695002055999964], [139.12486870200007, -35.694879027999946], [139.12476957100012, -35.694822432999956], [139.12465514300004, -35.69475024399998], [139.12443882600007, -35.69463650599994], [139.12422286900005, -35.694526209999935], [139.12406724100003, -35.69445426799996], [139.12389966900002, -35.69436744899997], [139.12375508600007, -35.694288763999964], [139.12364520500012, -35.69422107999998], [139.12357702200006, -35.69417441], [139.1234977250001, -35.694112882999946], [139.12322375400004, -35.69384629899997], [139.1228132650001, -35.69346957699997], [139.12265505000005, -35.69334960499998], [139.12230108800009, -35.69311781999994], [139.122095058, -35.69296545599997], [139.121808643, -35.69279439099995], [139.12154789700003, -35.69264692399997], [139.1211975230001, -35.69242787299993], [139.12094547300012, -35.69226266499993], [139.12083332500004, -35.69217952199995], [139.1206167480001, -35.692003718999956], [139.1204812730001, -35.691907982999965], [139.12041011400004, -35.691863342999966], [139.1201898070001, -35.69173687299997], [139.1199401440001, -35.691607003999934], [139.11956394300012, -35.69142607099997], [139.11939238500008, -35.69132617899993], [139.11918155700005, -35.69121146699996], [139.11907538100002, -35.69114930199993], [139.11892848700006, -35.69105858399996], [139.11872684700006, -35.690921344999936], [139.118482, -35.69070014899995], [139.11844364800004, -35.69066050599997], [139.1183459660001, -35.69053913199997], [139.11827481900002, -35.69046039299997], [139.11817801200004, -35.690337900999964], [139.11782243800008, -35.689960853999935], [139.11763082800007, -35.68979886699998], [139.11757630800003, -35.68975757099997], [139.11752940000008, -35.68972439199996], [139.1172116470001, -35.68952486799998], [139.117029042, -35.689392220999935], [139.1167577230001, -35.68924411699993], [139.1165754010001, -35.68916502899998], [139.1164450450001, -35.68911762799996], [139.11637990500003, -35.689098024999964], [139.11625715500008, -35.689069667999945], [139.1160801430001, -35.689022353999974], [139.11594250400003, -35.688975736999964], [139.1157998440001, -35.688939507999976], [139.1157364940001, -35.68891538499997], [139.11562218500012, -35.68886369399996], [139.11545387900003, -35.68877209499993], [139.11540281200007, -35.68873791699997], [139.11536285300008, -35.68870599099995], [139.11528734900003, -35.68863401999994], [139.11514335200002, -35.68846784999994], [139.11506527200004, -35.68838762199994], [139.11497035800005, -35.68829957], [139.1147906230001, -35.68817494299998], [139.11473675500008, -35.68814095099998], [139.11462266500007, -35.68808060799995], [139.1142765190001, -35.68793096299993], [139.11386937800012, -35.68774195299994], [139.113752029, -35.68767858799998], [139.11365690000002, -35.6876197199999], [139.11342249100005, -35.687449683999944], [139.11337926500005, -35.68741473799997], [139.1133039780001, -35.687345264999976], [139.11326346600003, -35.687302845999966], [139.11319564100006, -35.68721505199994], [139.11316167200005, -35.68717867199996], [139.11303398200005, -35.68706224199997], [139.1128803160001, -35.68694512899998], [139.11278869500006, -35.68688062299998], [139.11244583500002, -35.686669939999945], [139.11222389600005, -35.686535909999975], [139.11208173400007, -35.68645979899998], [139.11203204100002, -35.68642656099996], [139.111919327, -35.68632453399994], [139.11187565800003, -35.686295961999974], [139.11168657400003, -35.68615565899995], [139.111617539, -35.686082202999955], [139.11155262600005, -35.68600105699994], [139.11142693700003, -35.685829731999945], [139.1112887800001, -35.685654083999964], [139.1112007270001, -35.685570939999934], [139.11106811700006, -35.68546126599995], [139.1109430260001, -35.68537337199996], [139.11088993200008, -35.68534213299995], [139.11082698200005, -35.685313221999934], [139.11048333100007, -35.68516520399993], [139.11036358800004, -35.68511820599997], [139.11030757600008, -35.68510240599994], [139.1102189280001, -35.68508421799993], [139.11005249000004, -35.68507081699994], [139.11001214500004, -35.68506440999994], [139.10992812400002, -35.68504059999998], [139.1098267850001, -35.684995294999965], [139.10956254000007, -35.68486598499993], [139.1092853980001, -35.68473827499997], [139.109065987, -35.68462525699994], [139.1089552940001, -35.68456359499993], [139.1088876660001, -35.68452206899997], [139.10883809400002, -35.68448404299994], [139.1083525250001, -35.684102406999955], [139.10826291700005, -35.684036110999955], [139.108211277, -35.68399212199995], [139.10801644600008, -35.68385809999995], [139.107914423, -35.68379614199995], [139.1077221800001, -35.683669916999975], [139.10742390300004, -35.68350740799997], [139.10722825000005, -35.683394118999956], [139.1071298930001, -35.68333107999996], [139.10707492400002, -35.683286119999934], [139.10698627600004, -35.68320433699995], [139.1069008720001, -35.68310596999993], [139.10683915800007, -35.68305178099996], [139.1067567650001, -35.68298719099994], [139.10660927100002, -35.682880670999964], [139.1062341810001, -35.68256911499998], [139.1061265190001, -35.682498848999955], [139.1059610950001, -35.68240477499995], [139.1058128840001, -35.68231464399997], [139.10576019100006, -35.68227885199997], [139.10560734800004, -35.68216333899994], [139.105448797, -35.682052287999966], [139.10536008200006, -35.68198417599996], [139.10522281900012, -35.68187099399995], [139.10506175000012, -35.68171795699993], [139.10490589300002, -35.68161060099993], [139.10476019500004, -35.68149977499996], [139.10471681700005, -35.68147097499997], [139.10460401500006, -35.68140494399995], [139.10445273400012, -35.68132570599994], [139.10423204000006, -35.68122997199998], [139.10394469000005, -35.68111939399995], [139.10389011300003, -35.681102255999974], [139.10366915800012, -35.68100299899993], [139.10356336100006, -35.680951069999935], [139.1033619310001, -35.68082414999998], [139.10315367600003, -35.68070097599997], [139.10300301900008, -35.68062538999993], [139.10260920400003, -35.68040659899998], [139.10252920200003, -35.68034170599998], [139.1024862480001, -35.68030031599994], [139.10241772400002, -35.680224934999956], [139.102283316, -35.68009882999996], [139.10217056400006, -35.68001644699996], [139.10206367600006, -35.67996358499994], [139.1019614920001, -35.67992220699995], [139.10181105000004, -35.67983910499993], [139.1015943650001, -35.67972784799997], [139.10154242200008, -35.679697688999966], [139.10134440000002, -35.67956899899997], [139.10123754500012, -35.679505424999945], [139.1011328310001, -35.67944507799996], [139.1009790050001, -35.679362828999956], [139.1008795560001, -35.67930394299998], [139.10082481000006, -35.67926461199994], [139.1006081280001, -35.67908497099995], [139.10048607700003, -35.67897619399997], [139.1003374820001, -35.67886782399995], [139.10029989300006, -35.678834061999964], [139.1002541250001, -35.67878372499996], [139.10003544100005, -35.67849850599998], [139.09997320000002, -35.678437824999946], [139.09991542500006, -35.67839683899996], [139.09981090700012, -35.67833922699998], [139.0996574930001, -35.678262684999936], [139.09933810500002, -35.67811868499996], [139.0991133770001, -35.67802505199995], [139.09876046500005, -35.67792008599997], [139.0985832230001, -35.67787567899995], [139.0984837520001, -35.67784711599995], [139.09836443000006, -35.67780927999996], [139.09823611600007, -35.67776329499998], [139.09818344400003, -35.677739274999965], [139.0980055120001, -35.67763102599997], [139.0978601820001, -35.67752613299996], [139.09772615200006, -35.67741621899995], [139.09768532900011, -35.67737851299995], [139.0976506730001, -35.67734024699996], [139.09755344600012, -35.677213707999954], [139.09746241000005, -35.67708546299997], [139.09728190700002, -35.67684290799997], [139.0972008130001, -35.676757933999966], [139.09706080500007, -35.67663286299995], [139.09686274000012, -35.67647658699997], [139.09681613500004, -35.67643603799996], [139.09669144500003, -35.67631239599996], [139.09655298100006, -35.67620194099993], [139.096466049, -35.67612550999996], [139.096421705, -35.676083862999974], [139.09634867800003, -35.67600018999997], [139.09625180000012, -35.67590055599993], [139.09619688300006, -35.67583795899998], [139.0961533090001, -35.67579883099995], [139.0960813800001, -35.67572566299998], [139.09601769200003, -35.675676574999954], [139.0958566370001, -35.675583924999955], [139.09553969, -35.67542378099995], [139.0954609160001, -35.675374869999985], [139.0953950170001, -35.67532529099998], [139.09537139300005, -35.67531116099997], [139.0952908810001, -35.675274068999954], [139.09523037700012, -35.67526037699997], [139.09516689200007, -35.67525323799998], [139.09498147600004, -35.67522120599995], [139.09486556700006, -35.67521055499998], [139.09464679500002, -35.67518244199994], [139.09458956000003, -35.675171553999974], [139.09448200300005, -35.67514259799998], [139.09433871500005, -35.675093137999966], [139.09426111100004, -35.67505199599998], [139.09410884600004, -35.67491641999993], [139.09406279900008, -35.674885452999945], [139.094002326, -35.674851015999934], [139.09388707100004, -35.67479821699993], [139.09361258600006, -35.67468674999998], [139.09338198600005, -35.674613507999936], [139.09326591700005, -35.674569574999964], [139.09309920600003, -35.67448957499994], [139.09298976900004, -35.674428906999935], [139.09284806000005, -35.67434390999995], [139.09270922300004, -35.67424620199995], [139.09261819900007, -35.674176761999945], [139.0924414110001, -35.67401929599998], [139.09235571300007, -35.673949051999955], [139.0923064200001, -35.67391437699996], [139.09220978500002, -35.673855540999966], [139.09201740100002, -35.673725813999965], [139.09183710000002, -35.67359357599997], [139.0916697450001, -35.67345817499995], [139.091624324, -35.67342516699995], [139.09124671000006, -35.67319889299995], [139.0910961720001, -35.67312011299998], [139.09093714800008, -35.67304480799993], [139.0906223930001, -35.672877176999975], [139.09052305400007, -35.67281487799994], [139.0903896320001, -35.67271408499994], [139.09034030500004, -35.67268077199998], [139.09013014000004, -35.672567337999965], [139.09001115800004, -35.672488699999974], [139.08996070000012, -35.67244648099995], [139.0898905580001, -35.67236922999996], [139.089793202, -35.67223835899995], [139.0896557640001, -35.67207297699997], [139.08948048800005, -35.671902314999954], [139.08933368400005, -35.67177239299997], [139.08923981300006, -35.67169941299994], [139.0890744500001, -35.67158058699994], [139.08870649200003, -35.67133713499993], [139.08863331100008, -35.67129228799996], [139.08825795400003, -35.671090196999955], [139.0880054490001, -35.67094582899995], [139.0877636890001, -35.67082427999998], [139.0875429460001, -35.67070241699997], [139.08736291900004, -35.67061419399994], [139.0872130030001, -35.67052764899995], [139.08694598300008, -35.67035565599997], [139.0868438220001, -35.670285554999964], [139.08665816000007, -35.67013775799995], [139.08655364700007, -35.67006008599998], [139.0864494230001, -35.66998857799996], [139.08631811300006, -35.66990742199994], [139.08622973400009, -35.66985980399994], [139.0860193640001, -35.669764070999975], [139.08567001500012, -35.66962922099998], [139.08553029300003, -35.6695852899999], [139.08543082100005, -35.66956355699995], [139.08531948100006, -35.66952793499996], [139.0851318650001, -35.66944763199996], [139.0850144090001, -35.66938552599993], [139.08489137800007, -35.66930996899998], [139.08475283600012, -35.66923280599997], [139.0846745780001, -35.669183284999974], [139.08462765600007, -35.669159271999945], [139.08455722200006, -35.669116385999985], [139.08412744100008, -35.66880652699996], [139.08394478500009, -35.66869270199993], [139.08382607700003, -35.66861207399995], [139.08377483200002, -35.66857495599993], [139.08368420800002, -35.668496467999944], [139.08350700500011, -35.66832822899994], [139.0833837460001, -35.66818925599995], [139.08326590700005, -35.66803288199998], [139.08316185900003, -35.66788015099996], [139.08308748900004, -35.667789212999935], [139.0829569010001, -35.66765835999996], [139.08290833800004, -35.66761443799993], [139.08269054400012, -35.66745757299998], [139.08262595300005, -35.66741683499998], [139.08246413400002, -35.66732902799998], [139.08235318800007, -35.66727627499995], [139.0820861850001, -35.66715979799994], [139.08174792900002, -35.666981231999955], [139.08169939800007, -35.66695444199996], [139.081083067, -35.66657421899998], [139.08065021200002, -35.666336643999955], [139.08048601000007, -35.66622520499993], [139.08039658400003, -35.66615432699996], [139.0801660850001, -35.665986274999966], [139.08008844500011, -35.66592492199993], [139.0800017900001, -35.66584223799998], [139.07991130900007, -35.665768613999944], [139.0798022780001, -35.66568763899994], [139.0797551720001, -35.665658666999946], [139.07943182200006, -35.66548440799994], [139.0789705960001, -35.66526885199994], [139.07864966900001, -35.66511081099998], [139.07834356800004, -35.66493932099996], [139.07815176100007, -35.66481423799996], [139.07806765700002, -35.66475460799995], [139.07791413500001, -35.66463539299997], [139.07742629900008, -35.66423928299997], [139.07733939500008, -35.664164264999954], [139.0773151840001, -35.66413922399994], [139.07718762100012, -35.663968300999954], [139.07711082900005, -35.66387356299998], [139.07704545100012, -35.663774882999974], [139.07698739400007, -35.66366876799998], [139.07694744100002, -35.66361605999998], [139.07689341100001, -35.66355423099998], [139.07683782000004, -35.66350574099994], [139.07678572200007, -35.66346963899997], [139.07665148500007, -35.66340726699997], [139.07653372100003, -35.66335920399996], [139.07645533700008, -35.663334017999944], [139.0761984940001, -35.663270126999976], [139.07606417700003, -35.66324785499995], [139.07566890500004, -35.66321304899998], [139.0754805580001, -35.663184129999934], [139.0753832040001, -35.6631620799999], [139.0753068560001, -35.66313932099996], [139.0751827570001, -35.66309287699994], [139.0751257830001, -35.663068013999975], [139.07501279300004, -35.66301316199997], [139.0748341090001, -35.66291104099997], [139.0745490380001, -35.662722290999966], [139.07445156500012, -35.66265054799993], [139.07439632400008, -35.66260479699997], [139.07427278800003, -35.66251551199997], [139.07407470300006, -35.66238018799993], [139.0739273590001, -35.66228505699996], [139.07375502800005, -35.66218062799993], [139.0734816050001, -35.66203352799994], [139.0733390270001, -35.66195080999995], [139.0729968170001, -35.661726560999966], [139.0727521110001, -35.66153637599996], [139.07249254900012, -35.661297968999975], [139.07235243700006, -35.66118031999997], [139.0722330860001, -35.66107361599995], [139.0720866900001, -35.66095587099994], [139.07198664500004, -35.660867621999955], [139.07189262600002, -35.66079180799994], [139.07173216700005, -35.66068242599994], [139.0712924070001, -35.660409039999934], [139.07101428300007, -35.66019297399998], [139.070911775, -35.660120795999944], [139.07064274700008, -35.65994771199996], [139.07048940900006, -35.65983945499994], [139.07036939400007, -35.659761868999965], [139.07029276800006, -35.65971477199997], [139.0699595430001, -35.65953933199995], [139.0697621700001, -35.65942869299994], [139.06969258800007, -35.65938615099998], [139.06939451300002, -35.65917937599994], [139.06918417000009, -35.65904830799997], [139.0690245520001, -35.65893926699994], [139.06884887500007, -35.65883513099993], [139.06858556300006, -35.65868748499997], [139.06825656, -35.65847474599997], [139.0679604500001, -35.65823782399997], [139.06790076800007, -35.65818481699995], [139.06769418200008, -35.65796331399997], [139.06761314200003, -35.65788975999993], [139.06729029200005, -35.65764660199994], [139.067073, -35.65748938199994], [139.06672232500011, -35.65726944599993], [139.06659292900008, -35.65718006399993], [139.0664724710001, -35.65710349799997], [139.06615243600004, -35.656939905999934], [139.06586615700007, -35.65680560699997], [139.06565822700009, -35.65671605799997], [139.06555781600002, -35.65666275899997], [139.06545217200005, -35.65659978599996], [139.06529840000007, -35.656492888999935], [139.06509541100002, -35.656334511999944], [139.06497318200002, -35.65622569799996], [139.06477606800001, -35.65606741099998], [139.06469249100007, -35.65599483699998], [139.0645979640001, -35.655923120999944], [139.06442070100002, -35.65579701299998], [139.06435658400005, -35.65575421999995], [139.06423674400003, -35.65568759499996], [139.0639222310001, -35.65553950799995], [139.0637953040001, -35.65547071799995], [139.06366778100005, -35.655409814999985], [139.0634501730001, -35.65528479999995], [139.0632074570001, -35.655137457999956], [139.0630813150001, -35.65505326799996], [139.06278389200008, -35.654837903999976], [139.06258107700012, -35.65467232499998], [139.06232063400012, -35.654474671999935], [139.06209043700005, -35.654313128999945], [139.06173611300005, -35.65405234599996], [139.06148643100005, -35.65387986799993], [139.061396209, -35.65382227499998], [139.06122638300008, -35.65371992599995], [139.061107396, -35.653652973999954], [139.06083280300004, -35.65352262999994], [139.06070788700004, -35.653457979999985], [139.0604751410001, -35.65335260799998], [139.06013192400007, -35.65317527499997], [139.05990557300004, -35.65306588899995], [139.05948197600003, -35.65287772099998], [139.05917020900006, -35.65272074199993], [139.0590515780001, -35.652656880999984], [139.05882412100004, -35.65252245399995], [139.05875335000007, -35.65247715399994], [139.0583907880001, -35.652210397999966], [139.05814813200004, -35.65206133899994], [139.058011157, -35.65195536999994], [139.0578376740001, -35.651811830999975], [139.05761290300006, -35.651670586999956], [139.05746688700003, -35.65154759799998], [139.05724551600008, -35.651398298999936], [139.0571069450001, -35.65129914599993], [139.0570080980001, -35.65124258999998], [139.05689693400006, -35.65118696199994], [139.05668323800012, -35.651088613999946], [139.0559949960001, -35.65079098099994], [139.05588494000006, -35.65073605799995], [139.055269306, -35.650371022999934], [139.0551596370001, -35.650312], [139.05505894300006, -35.65025061699998], [139.0545645620001, -35.64997373399996], [139.05449502800002, -35.649929044999965], [139.05443193300005, -35.649872165999966], [139.05439886500005, -35.64983172899997], [139.05423817700012, -35.649611412999946], [139.05411877300003, -35.64949456299996], [139.05404024300003, -35.64942944999996], [139.05383861100006, -35.64928366399994], [139.05370963000007, -35.64917007599996], [139.05336150100004, -35.64893001199994], [139.05325090400004, -35.648840889999974], [139.0532305270001, -35.648818216999985], [139.05316875200003, -35.64876409499993], [139.05306759600012, -35.64869973799995], [139.05286053700002, -35.648592607999944], [139.05260198500002, -35.648479161999944], [139.05232823200004, -35.648348133999946], [139.0520133330001, -35.648209821999956], [139.05167380400007, -35.64808522699997], [139.0515007150001, -35.64803860099994], [139.05132814600006, -35.64800474499998], [139.05127517900007, -35.64798996299993], [139.05115098200008, -35.64794255199996], [139.05098854100004, -35.647872175999964], [139.05088912600002, -35.647816055999954], [139.0507334360001, -35.64770976899996], [139.0506830380001, -35.647681355999964], [139.05058655000005, -35.64763120999993], [139.05037278500004, -35.64753604899994], [139.05027694700004, -35.64748248999996], [139.05023246000007, -35.64745235299995], [139.04999129100008, -35.64728015299994], [139.04995477600005, -35.64724353699995], [139.04984701700005, -35.64711913399998], [139.0497750180001, -35.64705001999994], [139.0496383080001, -35.646955214999934], [139.04958468000007, -35.64692241599994], [139.049325199, -35.64679048399995], [139.04927024000006, -35.64675492899994], [139.04921326500005, -35.64669882599998], [139.0491588310001, -35.64663114199993], [139.04911503000005, -35.64658438199996], [139.04903193100006, -35.646512575999964], [139.04894439200007, -35.64645072199994], [139.04877320900005, -35.64636127399996], [139.04864835800004, -35.646306780999964], [139.0485418840001, -35.64626513299993], [139.04822949700008, -35.646161038999935], [139.0479221160001, -35.64604699299997], [139.04780990100005, -35.64600069199997], [139.04760231900002, -35.64590380299995], [139.04733035300012, -35.64574657899993], [139.04716784100003, -35.64566821599993], [139.04698658600012, -35.64559091099994], [139.04671000200005, -35.64549583399997], [139.0465967570001, -35.64544632399998], [139.04613444300003, -35.64519591199996], [139.04584539000007, -35.645029517999944], [139.0457867880001, -35.644983415999945], [139.0457088720001, -35.64489437799995], [139.04562782200003, -35.64481872699997], [139.04557801200008, -35.64477801299995], [139.04544839000005, -35.64467967499996], [139.04522591400007, -35.64453103099993], [139.04520058100002, -35.64450576499996], [139.04514676600002, -35.64443557799996], [139.04509886100004, -35.64438578299996], [139.0450521020001, -35.64434579899995], [139.04499997100004, -35.64430915299994], [139.04472310300002, -35.64414729099997], [139.04434787600007, -35.64394344899995], [139.04423595000003, -35.64388574999998], [139.04407499600006, -35.643823131999966], [139.0438626890001, -35.643726381999954], [139.04360967800005, -35.643593403999944], [139.04334999800005, -35.643447778999985], [139.04303689200003, -35.643294881999964], [139.04289248200007, -35.64321863799995], [139.04281154300008, -35.64316145199996], [139.04248509500007, -35.64290531299997], [139.04243518700002, -35.64286869799997], [139.04234094000003, -35.64280764199998], [139.04218919400012, -35.64272329499994], [139.04203759900008, -35.642632796999976], [139.0418330650001, -35.64252682699998], [139.04161931500005, -35.642409544999964], [139.04117312900007, -35.64217465599995], [139.04113599700008, -35.64215192499995], [139.04106390100003, -35.642098310999984], [139.0409412150001, -35.64199074199996], [139.04080543800012, -35.64189320999998], [139.04067921400008, -35.64179332699996], [139.04051678100006, -35.64168988799997], [139.04042474100004, -35.64161883699995], [139.0403146110001, -35.64154543199993], [139.03990428300006, -35.641278270999976], [139.0395421730001, -35.64106082199993], [139.03935457700004, -35.640954042999965], [139.03900562800004, -35.64078061199996], [139.03868852000005, -35.64064053799996], [139.0386264870001, -35.640607692999936], [139.03857162200006, -35.64057256399997], [139.03852021400007, -35.64053373799993], [139.03836107200004, -35.640394931999936], [139.0382097370001, -35.64027951899993], [139.03809690900005, -35.640199293999956], [139.0379328150001, -35.64009154199994], [139.03764450500012, -35.63988968299998], [139.03697413200007, -35.63941428399994], [139.03675971000007, -35.639274556999965], [139.03656484900011, -35.63915670599994], [139.0363395930001, -35.639031157999966], [139.03621050300012, -35.638965034999956], [139.03586701200004, -35.638808101999985], [139.03530078000006, -35.63850923699994], [139.03518949600004, -35.63843485399997], [139.03489221900008, -35.638223263999976], [139.03470814900004, -35.63807685799998], [139.0345229610001, -35.637907506999966], [139.03437005900003, -35.63775477199994], [139.0342726870001, -35.63762691799997], [139.0341655840001, -35.637502308999956], [139.0340819280001, -35.63741231199998], [139.03396019700006, -35.63730354399996], [139.03389313700006, -35.63725350799996], [139.03383786100005, -35.63721871299998], [139.03372406100004, -35.63716105199995], [139.03360929200005, -35.63710850199993], [139.0334415520001, -35.63704618], [139.0333266440001, -35.63701620799998], [139.0331994060001, -35.636992874999976], [139.03285519100007, -35.63691597199994], [139.03261925000004, -35.636849419999976], [139.03255176800008, -35.63681648599993], [139.0324886510001, -35.63677676899994], [139.0323791620001, -35.63668086299998], [139.03228244000002, -35.63661083299996], [139.0322044520001, -35.63656231099998], [139.0320594650001, -35.63649523199996], [139.0319955770001, -35.63645243499997], [139.0318990290001, -35.636375560999966], [139.03181052700006, -35.63629505599994], [139.03174644800004, -35.63624369299998], [139.03165344400009, -35.636175434999984], [139.03145788400002, -35.63605311499998], [139.0311683100001, -35.63590253999996], [139.0310125960001, -35.63582877599998], [139.03089992600007, -35.63577660799996], [139.030676996, -35.63569282999998], [139.0306260100001, -35.63567041799996], [139.03024623300007, -35.63549097199996], [139.03008505000003, -35.63540171899996], [139.02942795, -35.63501818499998], [139.02905617400006, -35.63477112499993], [139.0288945950001, -35.634647315999985], [139.02871567600005, -35.634496196999976], [139.02866207400007, -35.63444500899993], [139.02853191200006, -35.634304621999945], [139.02847064900004, -35.63422457799993], [139.02840263200005, -35.63414646099994], [139.028263841, -35.63403295499995], [139.0280551940001, -35.63391452099995], [139.02787483200007, -35.63383794999993], [139.02779761500005, -35.63380928899994], [139.02760598300006, -35.63374757699995], [139.02752065200002, -35.63372493799994], [139.02748018600005, -35.63371741799995], [139.02734004100012, -35.63370823199995], [139.02710306000006, -35.63368373999998], [139.02693405000002, -35.63363882599998], [139.02685801200005, -35.633613268999966], [139.02680387500004, -35.63359970399995], [139.02665724500002, -35.633547980999936], [139.02655614200012, -35.63350284099994], [139.02644571100006, -35.633444889999964], [139.0263725960001, -35.63340295699993], [139.02626549900003, -35.63332897999993], [139.02621343300007, -35.63328328399996], [139.02608374500005, -35.63315795799997], [139.02592558900005, -35.63301504799995], [139.0257109040001, -35.632803458999945], [139.02550809000002, -35.63262261099993], [139.02543431300012, -35.63255116499994], [139.02525358100002, -35.63240683799995], [139.02520783800003, -35.632372732999954], [139.02515591400004, -35.63233985499994], [139.02490387700004, -35.63219822899998], [139.0247931460001, -35.63214576299998], [139.02446666100002, -35.63200949599997], [139.02441427000008, -35.63199005799993], [139.02419821400008, -35.63192311199998], [139.02408961000003, -35.63188186999997], [139.02403574200002, -35.631856701999936], [139.02393460200005, -35.63180149899995], [139.02388299400002, -35.63176749199994], [139.02362566700003, -35.63156075999996], [139.02339846000007, -35.631411715999945], [139.02334726000004, -35.63138227999997], [139.02318807300003, -35.63130158399997], [139.0227736280001, -35.631100369999956], [139.02256415400007, -35.63098820499994], [139.0225096380001, -35.630957551999984], [139.0224058120001, -35.63089111299996], [139.02226174600003, -35.63078499899996], [139.0221685150001, -35.630727244999946], [139.02197235800008, -35.63062563699998], [139.02181533400005, -35.63055547499994], [139.02159020300007, -35.63046004399996], [139.02143029100012, -35.63040873799997], [139.02136443200004, -35.630383517999974], [139.02125430600006, -35.630337907999944], [139.0210822040001, -35.630259422999984], [139.02064400400002, -35.630034869999974], [139.02053723400002, -35.62997292399996], [139.02038377400004, -35.62987206399998], [139.02009691500007, -35.629720505999956], [139.02000945600003, -35.62965740399994], [139.01989126500007, -35.62956236599996], [139.019866696, -35.629537865999964], [139.01982995700007, -35.62949371399998], [139.0197675710001, -35.62939972999993], [139.019664669, -35.629217506999964], [139.0196061040001, -35.629126122999935], [139.01958756600004, -35.62910494999994], [139.01956231200006, -35.629084079999984], [139.01946888200007, -35.629024037999955], [139.01916224600006, -35.628879548999976], [139.0189599350001, -35.62875408599996], [139.01890544600008, -35.628722969999956], [139.01884606600004, -35.62869562099996], [139.0183408470001, -35.628487983999946], [139.01767552400008, -35.62822652199998], [139.01762185000007, -35.62820408799996], [139.017473547, -35.62813230399996], [139.0171945080001, -35.62798889399994], [139.01703314700012, -35.627890813999954], [139.01685342200005, -35.62775857199995], [139.0167126890001, -35.62762905099993], [139.0166039610001, -35.627534914999956], [139.01652921700008, -35.62748373199997], [139.01637803000006, -35.62736582499997], [139.0162905510001, -35.62731138299995], [139.01542213900007, -35.62690755799997], [139.01514715100006, -35.62678498199995], [139.0145945150001, -35.62651947899997], [139.01419516300007, -35.62633545699998], [139.01402508400008, -35.62624742799994], [139.01397690700003, -35.62621942099997], [139.0137339570001, -35.62605039399995], [139.0136260920001, -35.62597998399997], [139.0135315650001, -35.62591147099994], [139.01344120700003, -35.625851944999965], [139.01339091900002, -35.62581226299994], [139.01331506500003, -35.62574464499994], [139.01322656900004, -35.625639114999956], [139.0131067960001, -35.62553331899994], [139.0129787950001, -35.62540750399995], [139.01293132900003, -35.625374954999984], [139.01287662700008, -35.62534201099993], [139.01276467700006, -35.62528496199997], [139.012598958, -35.625216180999985], [139.0124790970001, -35.62517010899995], [139.0123667690001, -35.62513196499998], [139.01224897800012, -35.62508252899994], [139.01208490600004, -35.625006721999966], [139.01198956100006, -35.624953914999935], [139.0118952150001, -35.62489635899993], [139.01169133200005, -35.62475238099995], [139.01162458200008, -35.62470457099994], [139.01146092600004, -35.62456789999993], [139.01130475200011, -35.624466704999975], [139.01125081500004, -35.62443692199997], [139.01114513900006, -35.62438606999996], [139.01082068200003, -35.62424586499998], [139.01072733400008, -35.624193943999956], [139.01061965700012, -35.62411317699997], [139.01046909900003, -35.62399035599998], [139.01033943700008, -35.62387646299993], [139.01014228200006, -35.62374454199994], [139.00997880500006, -35.62364740099997], [139.0098551960001, -35.623559185999966], [139.00974057200006, -35.62349330199993], [139.00957960200003, -35.62341148799993], [139.00936231700007, -35.623327417999974], [139.00921673300002, -35.623284044999934], [139.00903278400006, -35.62323588099997], [139.00884234700004, -35.62319735899996], [139.00873320800008, -35.62316511599994], [139.00850439700002, -35.623083271999974], [139.00813383500008, -35.62292122499997], [139.00801397200007, -35.62286113599998], [139.00774320300002, -35.62271172599998], [139.00759050800002, -35.62261711799994], [139.00718771200002, -35.62238088], [139.00712687100008, -35.62234136199993], [139.00704333500005, -35.62228054199994], [139.00691235600004, -35.62217231699998], [139.0068264900001, -35.62210643299994], [139.00668927200002, -35.622016523999946], [139.00652619900006, -35.62192348299993], [139.00636534700004, -35.62182343499995], [139.00626614600003, -35.621747884999934], [139.00601146300005, -35.62153890099995], [139.005883164, -35.62144190899994], [139.00582909000002, -35.62139251199994], [139.00571895400003, -35.621271788999934], [139.0056775070001, -35.62123637399998], [139.00560171200004, -35.62117756499998], [139.005459652, -35.62109072499993], [139.00535380300005, -35.62103713099998], [139.00512277000007, -35.62093950499997], [139.00500078000005, -35.62089235399998], [139.00487033500008, -35.620847064999964], [139.00475967500006, -35.620818880999934], [139.00463813800002, -35.620797737999965], [139.00438190300008, -35.62077245399996], [139.00421879200007, -35.62075054], [139.0041347230001, -35.62072025899994], [139.00402679600006, -35.620670254999936], [139.0039235810001, -35.62061352999996], [139.003715918, -35.620479297999964], [139.00355705100003, -35.62039387799996], [139.00330615500002, -35.620266594999975], [139.00297255300006, -35.62008672099995], [139.002855704, -35.6200207699999], [139.0026363290001, -35.619886486999974], [139.00247654200007, -35.61979556999995], [139.00227417100007, -35.619654399999945], [139.00206292100006, -35.61951940199998], [139.00185767900007, -35.61938042999998], [139.00159994800003, -35.619218097999976], [139.001441698, -35.61913885399997], [139.00121439300005, -35.61901554599996], [139.00108112100008, -35.61894828699997], [139.00050842200005, -35.61867080899998], [139.0000918180001, -35.618485505999956], [138.99992654100004, -35.61840768199994], [138.99964265300002, -35.61825885199994], [138.99954025500006, -35.61818710099993], [138.99945908200004, -35.61812314599996], [138.999168, -35.61784807199996], [138.99909347900007, -35.617769684999985], [138.99892109300004, -35.61760232199998], [138.99887387700005, -35.61754898799995], [138.99883744300007, -35.61751414199995], [138.99878479200004, -35.61747208], [138.99871422800004, -35.617423422999934], [138.99854887000004, -35.61734034699998], [138.99790144400004, -35.61705285399995], [138.99765786700004, -35.61693210799996], [138.99711310500004, -35.61668560499993], [138.99690016500006, -35.616582464999965], [138.99678421400006, -35.61651516399996], [138.99672774200008, -35.61647847599994], [138.99649300200008, -35.61631395099994], [138.9964481930001, -35.61628688199994], [138.99633312800006, -35.61619475799995], [138.99628345500003, -35.61616324499994], [138.99617556500004, -35.61610456999995], [138.99585693400002, -35.61594418499993], [138.99574276200008, -35.61588171999995], [138.9952919010001, -35.615594139999985], [138.99485941600005, -35.61533138699997], [138.9947032760001, -35.615232806999984], [138.9942726480001, -35.61499608999998], [138.99421805100008, -35.61496171699997], [138.99404372300012, -35.61486406599994], [138.9938661770001, -35.61475539199995], [138.9936921840001, -35.61465637699996], [138.99342603600007, -35.61451934899998], [138.99319830500008, -35.61441653999998], [138.99303489700003, -35.614356760999954], [138.99288680000006, -35.614310305999936], [138.99276370000007, -35.61428338899998], [138.99267404700004, -35.61425863899996], [138.992573009, -35.61422403699993], [138.9922222040001, -35.61407610799995], [138.9919288650001, -35.61396171599995], [138.99163223100004, -35.613853855999935], [138.99139960900004, -35.61375135499998], [138.99117690600008, -35.61363091399994], [138.9911170260001, -35.61359650199995], [138.99106552900002, -35.613561241999946], [138.99093079800002, -35.61345992599996], [138.99088438, -35.613419233999934], [138.99082571300005, -35.61335223999998], [138.9907953510001, -35.6133237499999], [138.9907024570001, -35.613247608999984], [138.99052176500004, -35.61313933399998], [138.99036914400006, -35.61303993799993], [138.9902529200001, -35.61297933499998], [138.99009627700002, -35.61288994199998], [138.98999960100002, -35.61282812699994], [138.98992436700007, -35.612770112999954], [138.98988514000007, -35.612735176999934], [138.989759971, -35.612579928999935], [138.98968904100002, -35.61248731799998], [138.98957027000006, -35.61230933599995], [138.98950123400004, -35.61222198199994], [138.98919219200002, -35.61196710699994], [138.98912318100008, -35.611926463999964], [138.9890268580001, -35.61188242299994], [138.98896265400003, -35.61185958999994], [138.98889893700004, -35.61184337599997], [138.98877997800003, -35.61182582299995], [138.98866665900005, -35.611804210999935], [138.9884700340001, -35.611794025999984], [138.9881174530001, -35.611756439999965], [138.98793333700007, -35.611726758999964], [138.98788548000005, -35.61171476499993], [138.98781325900006, -35.6116864], [138.98758816600002, -35.611556133999954], [138.9871681950001, -35.611290821999944], [138.98702535500001, -35.611190585999964], [138.9868328350001, -35.61104462199995], [138.98657414500008, -35.610876495999946], [138.98636549600008, -35.61072515999996], [138.98621806900007, -35.61061167099996], [138.98612145900006, -35.61054460899993], [138.9860188990001, -35.61048570299994], [138.98580832300001, -35.610379475999935], [138.98567638200007, -35.61030347199994], [138.98550240600002, -35.610217355999964], [138.9854299110001, -35.61018898899994], [138.98529949900012, -35.61014878699996], [138.98507050600006, -35.610067251999965], [138.98501162600007, -35.61004286799994], [138.9847130500001, -35.60989789599995], [138.98443041400003, -35.609749858999976], [138.98397218700006, -35.609536651999974], [138.98381318500003, -35.60945906899997], [138.983707492, -35.60940561499996], [138.98366343300006, -35.609378609999965], [138.98343241600003, -35.60920840799997], [138.98336115300003, -35.609168659999966], [138.98314043900007, -35.60907214799994], [138.98290628000007, -35.60897916899995], [138.98274053300008, -35.60890632699994], [138.98243252500004, -35.60878110599998], [138.98177861600004, -35.60850255399998], [138.9816405800001, -35.60842281299995], [138.98137014300005, -35.60828412099994], [138.98106840100002, -35.60809690599996], [138.98086307800008, -35.60798267399997], [138.98053281500006, -35.607833238999945], [138.98035156900005, -35.60773837599993], [138.98014275000003, -35.607635751999965], [138.98001487700003, -35.60756595399994], [138.97988666800006, -35.60748894599993], [138.9797103940001, -35.60736365099996], [138.97962718200006, -35.60730925499996], [138.97947670000008, -35.607200929999976], [138.9792207480001, -35.60700722799993], [138.9791708350001, -35.606974313999956], [138.9790804590001, -35.60692396899998], [138.97893791800004, -35.606817759999956], [138.97869595800012, -35.60664538899994], [138.9785623570001, -35.606563895999955], [138.97830363700007, -35.60639104499995], [138.97823826700005, -35.60635321899997], [138.978169943, -35.60631777499998], [138.97765496800002, -35.606085407999956], [138.97732987300003, -35.60592538999998], [138.9771009650001, -35.60582055799995], [138.97693284500008, -35.605751461999944], [138.97671155800003, -35.60567646699997], [138.97643361400003, -35.60557090899994], [138.97625472100003, -35.60549146099993], [138.976122636, -35.60542367099998], [138.97601103700003, -35.60535980399993], [138.97581498300008, -35.605242559999965], [138.9756311420001, -35.605120273999944], [138.97556409600008, -35.605081747999975], [138.97525535500006, -35.60492254099995], [138.97486051200008, -35.60474177399993], [138.97473017900006, -35.604668172999936], [138.97461406200011, -35.604597430999945], [138.97425548800004, -35.604398120999974], [138.97418545900007, -35.60436470099995], [138.9740444580001, -35.60430642699998], [138.97360824300006, -35.60415135399995], [138.97328778000008, -35.60402661799998], [138.97320812200007, -35.603992106999954], [138.97307139600002, -35.60392735099998], [138.97288393500003, -35.60382831499993], [138.9725950300001, -35.60365795699994], [138.9724633720001, -35.60359016999996], [138.97235593200003, -35.60352975699993], [138.972042202, -35.60336845299997], [138.9718473370001, -35.60325703299998], [138.97162722200005, -35.60311973199998], [138.97100142400006, -35.602761519999945], [138.97088779600006, -35.60269318099995], [138.97078180000005, -35.60261840299995], [138.97067506000008, -35.60253471499993], [138.97054825600003, -35.602446079999936], [138.97011632800002, -35.60209951199994], [138.97007549600005, -35.60206252299997], [138.96996150600012, -35.60193260099993], [138.9698906760001, -35.60184473999993], [138.96977954200008, -35.60172059599995], [138.9696839490001, -35.60163829499993], [138.96964068900002, -35.601606722999975], [138.96958832300004, -35.60157241899998], [138.969533575, -35.601542165999945], [138.96942238100007, -35.60149028099994], [138.96936363800012, -35.601470415999984], [138.96923310900002, -35.601444052999966], [138.9689319570001, -35.60141978799993], [138.96867751900004, -35.60138478199997], [138.96853506900004, -35.601348335999944], [138.96839834000002, -35.601307918999964], [138.96829983600003, -35.60126818699996], [138.968140693, -35.60119098699994], [138.96808786100007, -35.601153943999975], [138.9680574900001, -35.60112129799995], [138.9679339370001, -35.60093097199996], [138.9678741360001, -35.60084679199997], [138.96773763500005, -35.60072181099997], [138.96748473800005, -35.60055005399994], [138.9673904760001, -35.60049309499993], [138.96733953600005, -35.60046566799997], [138.9672362440001, -35.60041943799996], [138.96683118800001, -35.600287822999974], [138.9666643820001, -35.600229818999935], [138.96649562200002, -35.600148745999945], [138.9662793130001, -35.600054453999974], [138.96589350200009, -35.59989229399997], [138.96566812100002, -35.599802127999965], [138.9653411820001, -35.59964820599998], [138.96495573700008, -35.59945231199998], [138.9648398380001, -35.599383890999945], [138.9646813810001, -35.5992800399999], [138.96453488400005, -35.59920063399994], [138.96443446800004, -35.59915195899998], [138.96398662900003, -35.59894476899996], [138.9637304910001, -35.59881715299997], [138.9635487050001, -35.59873348899998], [138.9634295740001, -35.59868504999997], [138.9631366750001, -35.59857890099994], [138.9630152320001, -35.59852471199997], [138.96286220500008, -35.59844104199993], [138.9627947560001, -35.59839133299994], [138.9626872890001, -35.598329269999965], [138.96258634700007, -35.598264169999936], [138.96249325700012, -35.59819013699996], [138.96235566400003, -35.59806466899994], [138.9622700010001, -35.59800152799994], [138.9621567470001, -35.59793750099993], [138.96199792800007, -35.59785939099993], [138.96184188900008, -35.59777405999995], [138.96172696000008, -35.59771728199996], [138.96166547200005, -35.59768071299993], [138.96149927600004, -35.59757484399995], [138.9612712710001, -35.597410277999984], [138.96107040000004, -35.59728284199997], [138.96097140000006, -35.597225993999984], [138.9607494070001, -35.59711947399995], [138.96051476900004, -35.59702291599996], [138.96034699000006, -35.59696168399995], [138.96028312200008, -35.596944657999984], [138.96019387, -35.59692725399998], [138.9600147420001, -35.59689425299996], [138.95988134300012, -35.59687829699993], [138.95970289100012, -35.59684189999996], [138.9594014070001, -35.59674168599997], [138.95918653800004, -35.59665493799997], [138.95895689500003, -35.59655165799995], [138.95880182400003, -35.596478195999964], [138.95848215800004, -35.596316903999934], [138.95836908100011, -35.596263369999974], [138.95827058500004, -35.596208127999944], [138.95816474000003, -35.59613971599998], [138.95795616600003, -35.596025073999954], [138.95770982400006, -35.59588149999996], [138.95740734800006, -35.59569768099993], [138.95711276800012, -35.595547797999984], [138.95675912900003, -35.595344918999956], [138.95651951000002, -35.595215379999956], [138.9563433950001, -35.59511224399995], [138.95608114700008, -35.59497181199998], [138.95591026300008, -35.59487395299993], [138.95542790100012, -35.59455792499995], [138.95528512200008, -35.594470429999944], [138.95511518800004, -35.59436986099996], [138.95470045900004, -35.59414337599998], [138.95414623500005, -35.593861679999975], [138.9539431280001, -35.59375198599997], [138.95364942900005, -35.59362461799998], [138.95348538700011, -35.59356791299996], [138.9533226840001, -35.59349915699994], [138.95316287000003, -35.59342113699995], [138.95300424900006, -35.59332764499993], [138.95289667600002, -35.59326906999996], [138.95254295900008, -35.59312075399998], [138.95238250900002, -35.59304454099998], [138.95216983500006, -35.59293520199998], [138.9518992940001, -35.592787113999975], [138.95178479700007, -35.59271353299994], [138.95150738600012, -35.59256296899997], [138.95121236300008, -35.59241945699995], [138.9510524430001, -35.59233732399997], [138.95078766300003, -35.59218506499997], [138.9506950990001, -35.592121419999955], [138.95060690100001, -35.5920533399999], [138.95052768800008, -35.59198368199998], [138.95039395800006, -35.59188243199998], [138.9503358170001, -35.59184368199993], [138.95004030200005, -35.59167848799996], [138.94981648100008, -35.59154854499997], [138.94960628, -35.591433345999974], [138.94951497800002, -35.59137292699995], [138.9493969120001, -35.59128442599996], [138.94930085300007, -35.591196973999956], [138.94924936600012, -35.59115953999998], [138.94919319300004, -35.59112721899993], [138.94909203400005, -35.591082262999976], [138.948913198, -35.59102606599998], [138.94878182000002, -35.59098985399993], [138.94868913100004, -35.59096975899996], [138.94844760900003, -35.59093759499996], [138.94832559000008, -35.59090461399995], [138.94827085200006, -35.590885097999944], [138.9481089420001, -35.59081066299996], [138.94788784900004, -35.590689], [138.94777054000008, -35.59062992599996], [138.94771490800008, -35.5905978399999], [138.94761328000004, -35.59053076299995], [138.9475091690001, -35.590455857999984], [138.9474587510001, -35.59042620599996], [138.947244242, -35.590307457999984], [138.94710896300012, -35.59024401099998], [138.94690785600005, -35.590165990999935], [138.94668575700007, -35.59009605899996], [138.94661140200003, -35.59007828299997], [138.94654560700008, -35.590069410999945], [138.94640506300004, -35.59005939399998], [138.94633553900007, -35.59003947999997], [138.9462223800001, -35.58999487199998], [138.94610069700002, -35.58994023099996], [138.9458088990001, -35.589793605999944], [138.94545506500003, -35.58957413599995], [138.94535451100012, -35.589501376999976], [138.94530588700002, -35.589461970999935], [138.9451651170001, -35.589335207999966], [138.944984384, -35.58919641799997], [138.94489075600006, -35.589138213999945], [138.9447262870001, -35.58905161699994], [138.94460414000002, -35.58899467899994], [138.94447158600008, -35.58893974799997], [138.9442255340001, -35.58885501599997], [138.94405570000004, -35.588783546999935], [138.94342125000003, -35.58847199599995], [138.94284022800002, -35.58823214499995], [138.9424363060001, -35.58809063299998], [138.94232542300006, -35.58804495199996], [138.9418177350001, -35.587827397999945], [138.94158099100002, -35.587733792999984], [138.94090629700008, -35.58743071199996], [138.9406143210001, -35.58728884399994], [138.94039472400004, -35.58717200499996], [138.94014485900004, -35.58703240899996], [138.94000300800008, -35.586938300999975], [138.93992597600004, -35.58688052799994], [138.93984043400008, -35.58679821299995], [138.93979152500003, -35.58676171899998], [138.93973755900004, -35.58672672899996], [138.93966094600012, -35.58668355299994], [138.9395563930001, -35.58663186999996], [138.93949895700007, -35.58661071699993], [138.93930731000012, -35.58655075599995], [138.9391356220001, -35.58650485299995], [138.9389440320001, -35.586461989999975], [138.93881970300004, -35.586438416999954], [138.93876570300006, -35.58642393699995], [138.93859095800008, -35.586367948999964], [138.9384203830001, -35.58630315499994], [138.93820004300005, -35.58621210399997], [138.93798528000002, -35.58611135999996], [138.93771346800008, -35.585966439999936], [138.93765673000007, -35.58593094399998], [138.9375790590001, -35.58587566199998], [138.93755480700008, -35.58586540299996], [138.93747010100003, -35.58580269699996], [138.93741599600003, -35.58577249199993], [138.936984724, -35.58555454799995], [138.93658766900012, -35.58536940299996], [138.93628490000003, -35.58526309999996], [138.93618303900007, -35.58523425399994], [138.93595471300011, -35.58515945499994], [138.9358746680001, -35.585138548999964], [138.9357298750001, -35.58511823499998], [138.93566085500004, -35.58510254999993], [138.93554071800008, -35.585058996999976], [138.93543714400005, -35.58501256999995], [138.93521277000002, -35.58489704699997], [138.93511601900002, -35.58483616899997], [138.93508047000012, -35.584810869999956], [138.93499825600009, -35.584739325999976], [138.93491731100005, -35.58466210399996], [138.93485371600002, -35.58459319199994], [138.93476410800008, -35.584526514999936], [138.9346133040001, -35.58443382199994], [138.93438497300008, -35.58432984799998], [138.93415690200004, -35.58423636899994], [138.9337614320001, -35.58406468499993], [138.93348062100006, -35.583951731999946], [138.93310242000007, -35.58378106599997], [138.93271222300007, -35.583610620999934], [138.932610027, -35.58355464799996], [138.93235819100005, -35.583394829999975], [138.93193631300005, -35.58318115499998], [138.93173988900003, -35.58309351599996], [138.93168221100007, -35.58306163799995], [138.93159098600006, -35.58300268499994], [138.931506785, -35.58294203599996], [138.93141955600004, -35.58287038599997], [138.93127076400003, -35.58273693499996], [138.93107847700003, -35.58261222099998], [138.93092978000004, -35.58253392599994], [138.9308777970001, -35.582507851999935], [138.93071052900007, -35.582434674999945], [138.93065237000008, -35.58240985699996], [138.93057779000003, -35.58238357899995], [138.93051182400006, -35.582368188999965], [138.9304534050001, -35.58236228299995], [138.93027293300008, -35.58236064699997], [138.93019548000007, -35.58235642599993], [138.9301697100001, -35.582350460999976], [138.93010128000003, -35.582323620999944], [138.93000218400005, -35.58226702299993], [138.9298430660001, -35.58216276899998], [138.92957262200002, -35.581951758999935], [138.92938141000002, -35.58181908699993], [138.9292844150001, -35.581757282999945], [138.929191843, -35.581686899999966], [138.92914202300005, -35.58165357799993], [138.928999384, -35.58156833299995], [138.9287514230001, -35.58142977799997], [138.92849855000009, -35.5813064], [138.92832846700003, -35.58124410599993], [138.92815972200003, -35.581193689999964], [138.92788332300006, -35.58109310899994], [138.9276451280001, -35.58102221599995], [138.92735078600003, -35.58094408499994], [138.9271776180001, -35.580882402999976], [138.92702310000004, -35.58081288499994], [138.92661785100006, -35.58061341699994], [138.92647633100012, -35.58052841699998], [138.92625151700008, -35.58037070699993], [138.92615588, -35.58031029399996], [138.9260049510001, -35.58022260399997], [138.92584896000005, -35.58014575499993], [138.92580347500007, -35.580126649999954], [138.9255752250001, -35.580049781999946], [138.92509905400004, -35.57993008899996], [138.92491530000007, -35.579867976999935], [138.92462358300008, -35.57975729699996], [138.92451133300005, -35.57972141499994], [138.92426136100005, -35.57962300999998], [138.92412195500003, -35.57957454199993], [138.9239325320001, -35.579490239999984], [138.92365883500008, -35.579380121999975], [138.92345828700002, -35.57929176199997], [138.92332739100004, -35.57923942399998], [138.9230703830001, -35.579119840999965], [138.9228027590001, -35.57900441499993], [138.92251031900003, -35.578860996999936], [138.92233391900004, -35.57875449599993], [138.92211162400008, -35.57863480999998], [138.922068512, -35.57861487599996], [138.92190820400003, -35.57852450799993], [138.9216687810001, -35.57840436299995], [138.92137613300008, -35.578245229999936], [138.92118337400007, -35.57815058099993], [138.92110434800009, -35.578119096999956], [138.92064586200001, -35.577955532999965], [138.92046826700005, -35.57789989299994], [138.92041033100008, -35.57787443299998], [138.92034272600006, -35.57785008899998], [138.9200617450001, -35.577733955999975], [138.91978369800006, -35.57759706999997], [138.91946915200003, -35.57746296199997], [138.91921664900008, -35.577345881999975], [138.91905817300005, -35.57726205299997], [138.91901014200005, -35.577220876999945], [138.91894736300003, -35.57717862399994], [138.9187442230001, -35.57705236399994], [138.91859613500003, -35.57696611499995], [138.9180738970001, -35.57668247199996], [138.9173689050001, -35.57634219899995], [138.91706866100003, -35.57621385099998], [138.91696124800012, -35.57616035899997], [138.9168562310001, -35.576102823999975], [138.9166856920001, -35.57602087499998], [138.91645781800003, -35.575919960999954], [138.91628779500002, -35.57583938399995], [138.91612680000003, -35.575771119999956], [138.915777358, -35.57561499099995], [138.9150229280001, -35.57526580299998], [138.91484638400004, -35.57518802599998], [138.91429742200012, -35.57495674599994], [138.91389997500005, -35.57477823099998], [138.91382797800009, -35.57474841099997], [138.91344998600005, -35.574609805999955], [138.91317437400005, -35.57449470699993], [138.91275848700002, -35.57433213799993], [138.9122465250001, -35.574112025999966], [138.91202430700002, -35.57400941099996], [138.91189796100002, -35.57395522099995], [138.91166514600002, -35.57386739399993], [138.91128108100008, -35.573712212999965], [138.91094764500008, -35.573561482999935], [138.9107100000001, -35.57343843399997], [138.91052115800005, -35.573346441999945], [138.9099554380001, -35.57310128399996], [138.909086569, -35.572694043999945], [138.90881989000002, -35.57257915699995], [138.90806910800006, -35.57224573899998], [138.90748543400002, -35.57197344499997], [138.90717482600007, -35.571824412999945], [138.90673478300005, -35.57162931399995], [138.90650710400007, -35.57151651799995], [138.9061603670001, -35.571356098999956], [138.90562178100004, -35.57112480999996], [138.90539266500002, -35.571035697999946], [138.90515617300002, -35.570949816999985], [138.9048028410001, -35.570794243999956], [138.90461997300008, -35.57070694999993], [138.90449352200005, -35.57064067299996], [138.9043285350001, -35.57054538699998], [138.9042215500001, -35.57048847899995], [138.90395908000005, -35.570335839999984], [138.90386517000002, -35.57027241999998], [138.90381679300003, -35.57023018399997], [138.90377690100001, -35.570192489999954], [138.903690653, -35.57009551799996], [138.9036547930001, -35.57006955099996], [138.90361699200002, -35.57005015799996], [138.903567231, -35.570030015999976], [138.90351094300001, -35.570012909999946], [138.9034381560001, -35.56999676099997], [138.90337400400006, -35.569988584999976], [138.90318173600008, -35.56997384299996], [138.90311847400005, -35.56996431599998], [138.90298677900012, -35.56993373599994], [138.902913097, -35.5699116399999], [138.9026490860001, -35.56981421399996], [138.90205718200002, -35.56957380099993], [138.90189576400007, -35.569501903999935], [138.90127189200007, -35.56920507899997], [138.90065057300012, -35.568914924999945], [138.90035720700007, -35.56878166399997], [138.9000773260001, -35.568668343999946], [138.89956625900004, -35.568483698999955], [138.89943619300004, -35.56843171799994], [138.89925358400012, -35.56835201499996], [138.8990415080001, -35.56825379899993], [138.89881034200005, -35.568136428999935], [138.89863272700006, -35.56803427099993], [138.89846448600008, -35.56795081499996], [138.89811726800008, -35.567802324999946], [138.89769180200005, -35.567612019999956], [138.89756209100005, -35.56755046999996], [138.89719636300003, -35.56736664699997], [138.89672050600007, -35.56715823299993], [138.8964398390001, -35.56702869399993], [138.8959479350001, -35.56682444099994], [138.89587610400008, -35.56679737699994], [138.895680867, -35.56673467999997], [138.8951951150001, -35.56655268299994], [138.89490793100003, -35.566441226999984], [138.894668571, -35.56634187699996], [138.8945039020001, -35.56626762099995], [138.8942612300001, -35.56616727599993], [138.89401326100005, -35.56605951699993], [138.893606599, -35.56586646799997], [138.8933276990001, -35.56574243699998], [138.89303256100004, -35.565597038999954], [138.8927678550001, -35.56548155799993], [138.8925024880001, -35.56538385399995], [138.89217619700003, -35.56528897299995], [138.8920631840001, -35.56525177699996], [138.8918059340001, -35.56515357899997], [138.89168273000007, -35.56509743699996], [138.89150342200003, -35.56500411899998], [138.8914379050001, -35.56496466699997], [138.89127277600005, -35.56484251499995], [138.8911567870001, -35.564764664999984], [138.89098848600008, -35.56467548899997], [138.8908164930001, -35.564595803999964], [138.89058169800012, -35.564501346999975], [138.8902360510001, -35.56437932099993], [138.8898713420001, -35.564267309999934], [138.8895472800001, -35.56418798499993], [138.88948221600003, -35.564166772999954], [138.8890795740001, -35.56401689599994], [138.8888570160001, -35.56392364599998], [138.8886863340001, -35.563846274999946], [138.8884103470001, -35.56371910799993], [138.88820628500002, -35.56361651499998], [138.8880423050001, -35.56352380599998], [138.88789905400006, -35.56343489799997], [138.88782974600008, -35.563382985999965], [138.88777160200004, -35.56333006799997], [138.8876241690001, -35.563160495999966], [138.88754664100009, -35.56308569999993], [138.88738375900004, -35.56295171099998], [138.8872431000001, -35.56285287199995], [138.8871834910001, -35.562819082999965], [138.88707910300002, -35.562763761999975], [138.88691696900003, -35.562693827999965], [138.8868839480001, -35.56268207699998], [138.88675101700005, -35.56263477799996], [138.88650181800006, -35.56255303499995], [138.8862625600001, -35.562462076999964], [138.88575536300004, -35.56223262799995], [138.88542848400004, -35.56211390699997], [138.88523890700003, -35.56203541799994], [138.88506578200008, -35.56195759199994], [138.8844757290001, -35.56165554399996], [138.88436365100006, -35.56159351699995], [138.88422203800008, -35.561501273999966], [138.8841635230001, -35.56146840599996], [138.8840360920001, -35.56140756199994], [138.8839203990001, -35.56134594799994], [138.8838110580001, -35.56127256199994], [138.88363568900002, -35.56113591199994], [138.8835770400001, -35.56109552399994], [138.88350537400004, -35.56103536799998], [138.88347216700004, -35.56099165999996], [138.88344239000003, -35.56094388099996], [138.88339458200005, -35.56084619899997], [138.8833829570001, -35.56081770399993], [138.8833545880001, -35.560748160999935], [138.88332952400003, -35.560656921999964], [138.88332021700012, -35.560603018999984], [138.8832941820001, -35.56053409599997], [138.88325672300004, -35.560390290999976], [138.88318553500005, -35.56018588899997], [138.8831743280001, -35.56011464399995], [138.88316844200006, -35.55999697999994], [138.8831225030001, -35.55972566899993], [138.88309136500004, -35.55963116099997], [138.88305254600004, -35.55954475599998], [138.88303594800004, -35.559493277999934], [138.88302164100003, -35.55943817699995], [138.88301227700003, -35.55937242599998], [138.88296048300003, -35.55923435599993], [138.8829492650001, -35.55917838999994], [138.88294707300008, -35.55908742399998], [138.88295819000007, -35.55895561699998], [138.88296314500008, -35.55881074299998], [138.88297559300008, -35.55863815699996], [138.88298755000005, -35.55858065099994], [138.8830259350001, -35.55849635399994], [138.88320508900006, -35.55822308399996], [138.883254383, -35.55813801499994], [138.883266326, -35.55808119499994], [138.88326760300004, -35.55802764799995], [138.8832425070001, -35.55780491999997], [138.8832055570001, -35.55764880799995], [138.88318042000003, -35.55742789499993], [138.88316655100004, -35.55737917799996], [138.88311195900008, -35.55722717499998], [138.8830106370001, -35.55699413399998], [138.88295152600006, -35.55684480999997], [138.88290206800002, -35.55674620099995], [138.8828439570001, -35.55660349699997], [138.88282944800005, -35.55655910499996], [138.88279035300002, -35.556368547999966], [138.8827846270001, -35.55630239399994], [138.88278630900004, -35.55625728999996], [138.88279233800006, -35.55621839299994], [138.88280778700005, -35.556183035999936], [138.88286424700004, -35.55608666799998], [138.88290461200006, -35.55603110699997], [138.88294497700008, -35.555990821999956], [138.8829696040001, -35.55597130199993], [138.88299942600008, -35.55595693399994], [138.88305993500012, -35.55592776999998], [138.88313192300006, -35.55592383199996], [138.88313660400001, -35.555924551999965], [138.88318529700007, -35.555932008999946], [138.88325050000003, -35.55595280399996], [138.8832915480001, -35.555968296999936], [138.88330420600005, -35.55597301699993], [138.88330618500004, -35.55597382099995], [138.88337324300005, -35.55600992199993], [138.8833953730001, -35.55602650399993], [138.88346232300012, -35.55609075199993], [138.88355468600002, -35.556163381999966], [138.88364277200003, -35.55624573199998], [138.88375510600008, -35.556330282999966], [138.88389005400006, -35.55646626199996], [138.88391645700005, -35.55648960499997], [138.88399355, -35.55655775099996], [138.88403479700003, -35.55658943699996], [138.8842651120001, -35.556766375999985], [138.88431858900003, -35.55681726699993], [138.88440665000007, -35.556885223999984], [138.8845214690001, -35.55698582699995], [138.88475731800008, -35.557169820999945], [138.8847943620001, -35.55720386199994], [138.88482500500004, -35.55724099399998], [138.88483342900008, -35.55725119599998], [138.8848585170001, -35.55726825199997], [138.88490060300012, -35.55728688499994], [138.88497446300005, -35.55731065599997], [138.8850066880001, -35.557321023999975], [138.88526217800006, -35.55743513999994], [138.88562755500004, -35.557586458999936], [138.88584671500007, -35.55765489899994], [138.88591838900004, -35.557681170999956], [138.8860698530001, -35.55773669599995], [138.88629506300003, -35.55785326199998], [138.886368736, -35.55787198499996], [138.88656582900012, -35.557901965999974], [138.8866548300001, -35.55792197899996], [138.8867764590001, -35.55795147199996], [138.88688733800007, -35.557984585999975], [138.886982224, -35.55801935899996], [138.8882124600001, -35.55798663999997], [138.89406593600006, -35.55641619599993], [138.89939732200003, -35.554880873999934], [138.89945524300003, -35.55490820199998], [138.89997480800002, -35.555153304999976], [138.89999823800008, -35.55516290799994], [138.90069178500005, -35.55544717399994], [138.9014181240001, -35.55556507199998], [138.90240230000006, -35.555687399999954], [138.90353695600004, -35.55574025899995], [138.90360182400002, -35.555743280999934], [138.90553129700004, -35.555812136999975], [138.90651200600007, -35.55603957099993], [138.90770401500004, -35.55641102799996], [138.9086811190001, -35.55677859699995], [138.90974440600007, -35.55714785299995], [138.91072211900007, -35.55751557899998], [138.91191269800004, -35.5579219], [138.91327189900005, -35.558471632999954], [138.91345237500002, -35.55854935599996], [138.9142054030001, -35.55887365199993], [138.9151361380001, -35.55938076999996], [138.91513729700011, -35.559382908999964], [138.91550481100012, -35.56005360299997], [138.91600601300001, -35.56058832399998], [138.9167671020001, -35.561022348999984], [138.91770511900006, -35.56124890199993], [138.91860321900003, -35.56136978999996], [138.9193778140001, -35.56127781799995], [138.92002700000012, -35.561078650999946], [138.92072430200005, -35.56066984499995], [138.92150980600002, -35.56015730799993], [138.92220801000008, -35.559713424999984], [138.9230326170001, -35.559341650999954], [138.9238997220001, -35.55900586499996], [138.92459071100006, -35.55881437599993], [138.92502089900006, -35.55878670199996], [138.92553419800004, -35.55883059599995], [138.92592596500003, -35.55888687899994], [138.92608990100007, -35.55891043099996], [138.9265575070001, -35.55909379299993], [138.92731851500002, -35.55952778499994], [138.9276973110001, -35.559814897999956], [138.92769765700007, -35.55981648299996], [138.92781259700007, -35.56034300599998], [138.92797071200005, -35.56087167099997], [138.9279714490001, -35.560872581999945], [138.9283449090001, -35.56133429399995], [138.92880620200003, -35.561763095999936], [138.92948270800002, -35.56216044799993], [138.93020739400004, -35.56234830999995], [138.930452843, -35.56237940899996], [138.930848598, -35.56242955299996], [138.9315351130001, -35.56244127299993], [138.93218450100005, -35.56220683999993], [138.9326647270001, -35.56189935599997], [138.933019617, -35.56144957399994], [138.93337541300002, -35.56096446899994], [138.93360061400006, -35.560547552999935], [138.9338320180001, -35.55988512799996], [138.9338509160001, -35.55914903399997], [138.93378890500003, -35.55823590299997], [138.9338559140001, -35.55728999299998], [138.93399832000011, -35.55676638099993], [138.934264406, -35.55642023499996], [138.93465841500006, -35.55611142799995], [138.93513861100007, -35.55580387799995], [138.9353036540001, -35.55572667799993], [138.93561068200006, -35.55558305899996], [138.93578971500006, -35.55549931199994], [138.9364360200001, -35.555405174999976], [138.93720879400007, -35.55538339499998], [138.9378516060001, -35.55540126699998], [138.93892130000006, -35.55552486999994], [138.94024710300005, -35.55568788099998], [138.94157450600005, -35.55581579999995], [138.9423873390001, -35.55589976299996], [138.94265041800008, -35.55588326999998], [138.94304861700004, -35.55581399799996], [138.94347273100004, -35.555649535999976], [138.94382941800006, -35.55536971599997], [138.94432699800007, -35.55505420399993], [138.94508601000007, -35.55457158199994], [138.94589150500008, -35.554051579999964], [138.9464779970001, -35.55370948199993], [138.9473531210001, -35.553185774999974], [138.94817522000005, -35.55274396599998], [138.9489948040001, -35.552426510999965], [138.94976049900004, -35.55219093599993], [138.95103582600007, -35.55198198399995], [138.95113481200008, -35.55196576599997], [138.95235572500007, -35.551779247999946], [138.95327621100012, -35.55150482299996], [138.95329091100007, -35.551497162999965], [138.95404611700008, -35.551103618999946], [138.95579771100006, -35.54997332999994], [138.95723872000008, -35.54912749799996], [138.95821402, -35.54864693199994], [138.95980661300007, -35.547803673999965], [138.96083740400002, -35.54711676499994], [138.96187031500006, -35.546346996999944], [138.9630104260001, -35.545371898999974], [138.9630670250001, -35.54530818599994], [138.9635000090001, -35.54482077899996], [138.96407841400003, -35.544002026999976], [138.96475708900005, -35.543226164999965], [138.96542981000005, -35.54265742299998], [138.96546886300007, -35.54260665299995], [138.9659017020001, -35.54204392899993], [138.96626413400008, -35.541365008999946], [138.96627430700005, -35.54134595199997], [138.96627276100003, -35.54132574299996], [138.96612191400004, -35.539354421999974], [138.9661293160001, -35.53880764099995], [138.96618079900009, -35.53500488599997], [138.96620425300011, -35.534327288999975], [138.96625461100007, -35.532872392999934], [138.96627368100008, -35.532455769999956], [138.96633612800008, -35.53109145399998], [138.96636831000012, -35.53038833199997], [138.9659520040001, -35.528806790999965], [138.97371212500002, -35.52330900599998], [138.97795770900007, -35.52030063799998], [138.98100228300007, -35.518170304999956], [138.981091966, -35.518307206999964], [138.9811327000001, -35.518369382999936], [138.98126592800008, -35.51843679199993], [138.98146419400007, -35.51841179999997], [138.98149884100008, -35.51841027599994], [138.9816164010001, -35.51840510999995], [138.98182411000005, -35.51841789399998], [138.98197892100006, -35.51845448199998], [138.98211209500005, -35.518520104999936], [138.98221257900002, -35.51861202799995], [138.98222150900006, -35.51862019699996], [138.98236949500006, -35.51881019299998], [138.9824989980001, -35.51893710799993], [138.98267670600012, -35.51902410699995], [138.98291469800006, -35.51899689499993], [138.9831328150001, -35.51896448999997], [138.98337120700012, -35.518971600999976], [138.98344270600012, -35.51904310899994], [138.9835518000001, -35.519121602999974], [138.98374141800002, -35.51910199399998], [138.98395981300007, -35.51910021599997], [138.98416980800005, -35.519120201999954], [138.9845185040001, -35.51911911499997], [138.98478841400004, -35.51917469199998], [138.98505800100008, -35.519210285999975], [138.98530870800005, -35.51931830299998], [138.98556678900002, -35.51948390299998], [138.98577191100003, -35.51964989299995], [138.985952407, -35.51979450599998], [138.9861796, -35.51996938999997], [138.98633970600008, -35.52006540199994], [138.98656729300012, -35.520267402999934], [138.98675419500012, -35.52039209099996], [138.9869376040001, -35.520410409999954], [138.98704051200002, -35.520339097999965], [138.98727581000003, -35.52027230999994], [138.98754271500002, -35.520262901999956], [138.98785161700005, -35.520256804999974], [138.98806389300012, -35.520112610999945], [138.98830610800007, -35.52005839199995], [138.98864801600007, -35.52004479899995], [138.98896979800008, -35.52000790099993], [138.98916629500002, -35.520009905999984], [138.98945190200004, -35.519910212999946], [138.9896714040001, -35.51980921499995], [138.98982129700005, -35.51961149899995], [138.98997761500004, -35.51940640599997], [138.99003910500005, -35.51926283999995], [138.99004191100005, -35.51925628899994], [138.9900958920001, -35.51896729999993], [138.99005110000007, -35.518742302999954], [138.98993631200005, -35.51855031499997], [138.9899561100001, -35.518366200999935], [138.99004799800002, -35.518122001999984], [138.99010470200005, -35.51788711599994], [138.99019091600007, -35.51771149699994], [138.99042261700004, -35.51753480399998], [138.99059930500005, -35.517365595999934], [138.9906975990001, -35.517099694999956], [138.99087648500006, -35.516930600999956], [138.991093212, -35.51678279299995], [138.99133639000001, -35.51663831099995], [138.99157149600012, -35.51654990999998], [138.99187480900002, -35.516446395999935], [138.9922507990001, -35.51633700799994], [138.99264518600012, -35.51627959399997], [138.9930166910001, -35.51616840699995], [138.99331681400008, -35.516164189999984], [138.993465011, -35.51618999699997], [138.99378260100002, -35.51617659699997], [138.99398939700006, -35.51612430199998], [138.99405590600009, -35.51614901099998], [138.99420171200006, -35.516153204999966], [138.9943754100001, -35.516108516999964], [138.99465659800012, -35.516003411999975], [138.99482631500007, -35.51598400199998], [138.99504821300002, -35.515900993999935], [138.99534380900002, -35.51584981199994], [138.99535430800006, -35.515847993999955], [138.99561421600004, -35.51580440199996], [138.99579561400003, -35.51583361399997], [138.99607421400003, -35.51570691499995], [138.99634920100004, -35.51563610299996], [138.9965497930001, -35.51561280899995], [138.99671101700005, -35.515622307999934], [138.99699001300007, -35.51551550499994], [138.99725569400005, -35.51540689099994], [138.99750460500002, -35.515367003999984], [138.9977693950001, -35.5153702], [138.99793820500008, -35.51527509699997], [138.99818800600008, -35.515125197999964], [138.99843379300012, -35.51500948699993], [138.99867160500003, -35.51496971299997], [138.998932211, -35.51498559399994], [138.99911361600005, -35.51483989299993], [138.9994144100001, -35.51471658299994], [138.99975070100004, -35.51461819899998], [139.00002721300007, -35.51448429199996], [139.000374598, -35.51438409799994], [139.0006496960001, -35.51432770599996], [139.00098421200005, -35.51424200499997], [139.001140716, -35.51423169999998], [139.00137810600006, -35.51415578999996], [139.0016004900001, -35.51408710099997], [139.0018628050001, -35.514030315999946], [139.00234310000008, -35.51385940199998], [139.00279290800006, -35.51374988899994], [139.00320531300008, -35.513680094999984], [139.00358028200003, -35.51366998699996], [139.0038031910001, -35.51365669299997], [139.003977501, -35.513650809999945], [139.00444979100007, -35.51364580499995], [139.00483158400004, -35.51365], [139.00509861600005, -35.51366729999995], [139.005416716, -35.51371139999998], [139.00584278500003, -35.513751610999975], [139.00613650000003, -35.51379760399993], [139.00642359900007, -35.51385800399993], [139.0066024040001, -35.51387190199995], [139.00709249800002, -35.51392808999998], [139.00747690900005, -35.51400271199998], [139.00808620500004, -35.51405859899995], [139.0084459950001, -35.514088106999964], [139.0087132010001, -35.51411979599993], [139.0089560130001, -35.514128110999934], [139.00920790600003, -35.51420119499994], [139.00944469900003, -35.51433029799995], [139.00965501000007, -35.51447758699993], [139.0099378110001, -35.51455599199994], [139.010238113, -35.51458939999998], [139.01058920700007, -35.514635201999965], [139.01079710300007, -35.51473551], [139.01096539800005, -35.51485040299997], [139.0112082930001, -35.514887606999935], [139.01144012400005, -35.51491199499998], [139.01165430900005, -35.51492939999997], [139.01177351700005, -35.51494701499996], [139.01220619800006, -35.51496740199997], [139.01241800100001, -35.514955906999944], [139.01266770000007, -35.51502540799993], [139.0129814060001, -35.51509660599993], [139.01322409400007, -35.51507779499997], [139.01360348700007, -35.51504060099995], [139.0139078940001, -35.51501799699997], [139.01421239500007, -35.51499549799996], [139.01456338900005, -35.515019603999974], [139.01484820200005, -35.515053010999964], [139.01510229000007, -35.51512440099998], [139.01533220700003, -35.51520479599998], [139.01556208800002, -35.51529240799994], [139.01576118800006, -35.51537841299995], [139.0160507070001, -35.51546941], [139.01633541600006, -35.51548660199995], [139.01661559100012, -35.51545869599994], [139.01685801300005, -35.51539300799993], [139.0170211310001, -35.515338413999984], [139.01719511400006, -35.51528018799996], [139.01752991400008, -35.515147497999976], [139.01782470500007, -35.51493561399997], [139.01801369100008, -35.51476920799996], [139.01824250900006, -35.51461879699997], [139.01856411800009, -35.51447529999996], [139.01874040300004, -35.51443690499997], [139.0190321020001, -35.51452259799993], [139.01925058300003, -35.51452190499998], [139.0194178900001, -35.514418588999945], [139.01958491400012, -35.51427560099995], [139.01980539900012, -35.51422799699998], [139.02006569700006, -35.51420741099997], [139.02035701300008, -35.51420280299993], [139.0206416110001, -35.514180203999956], [139.02090371000008, -35.51408569899996], [139.02096111600008, -35.51408982299995], [139.021047199, -35.51409601199998], [139.02119949400003, -35.51409379699993], [139.02128939500005, -35.51397271099995], [139.02118709400008, -35.51381249199994], [139.02114921700002, -35.51371159699994], [139.02125679000005, -35.51361570199998], [139.02139251900007, -35.51354281299996], [139.02155921500002, -35.51346211499998], [139.02167819500005, -35.513457511999945], [139.0218925050001, -35.51331509899995], [139.0220778150001, -35.51330640499998], [139.02224910200005, -35.51324361199994], [139.02244280900004, -35.51320961099998], [139.02259210800003, -35.51316141399997], [139.02275959300005, -35.51314560399993], [139.02291791200003, -35.51310100099994], [139.02309901500007, -35.513110291999965], [139.02324439900008, -35.51309109699997], [139.0234253120001, -35.513100401999964], [139.0236195970001, -35.51311319599995], [139.02377839400003, -35.51310459499996], [139.02391529500005, -35.513110697999934], [139.02408301600008, -35.513109303999954], [139.02421110500006, -35.513126202999956], [139.02444531100002, -35.513156685999945], [139.02460090700004, -35.513183063999975], [139.02468850000002, -35.51319791199995], [139.024838713, -35.51321469499993], [139.025055091, -35.51322729699996], [139.02518760500004, -35.51323699399995], [139.02535551900007, -35.51326439199994], [139.02556341700006, -35.513302290999945], [139.02572279000003, -35.51334070699994], [139.0258642970001, -35.51336109799996], [139.02602799800002, -35.51339219099998], [139.02616050200004, -35.51340908399993], [139.02639420700007, -35.513403496999956], [139.02656181100008, -35.51339490999993], [139.02663678400006, -35.51338701099996], [139.02675180000006, -35.51341129699995], [139.02695050600005, -35.51342409999995], [139.0271009050001, -35.51344799399993], [139.02723319900008, -35.51345409499993], [139.02735289100008, -35.51349640199993], [139.02752471400004, -35.513473303999945], [139.02764431600008, -35.51350840599997], [139.0279300950001, -35.513560403999975], [139.02820190800003, -35.51364430799998], [139.0285271150001, -35.51381449099995], [139.02871310600005, -35.51393839999997], [139.029051492, -35.514090496999984], [139.02945340200006, -35.514159509999956], [139.0297361060001, -35.51418560399998], [139.03010248900011, -35.51420430999997], [139.0304882920001, -35.51412009999996], [139.0307637100001, -35.51402729499995], [139.03106280500003, -35.513837009999975], [139.03106580300005, -35.513836426999944], [139.03115761200002, -35.51381859199995], [139.03138941600002, -35.51382871299995], [139.03161891700006, -35.513826189999975], [139.03190778900012, -35.513789187999976], [139.03216549600006, -35.513678298999935], [139.03250460800007, -35.51352398699993], [139.03269191900006, -35.51346029899997], [139.03295428900003, -35.513407100999984], [139.03328511300003, -35.51335560399997], [139.03352961300004, -35.51327899499995], [139.0338912850001, -35.51321660399998], [139.03410241000006, -35.51307340899996], [139.03426691000004, -35.51285288899993], [139.03450630200007, -35.51262490099998], [139.0346798060001, -35.512454901999945], [139.03477610200002, -35.51227059399997], [139.03491639800006, -35.51208809199994], [139.03500410700008, -35.511965190999945], [139.035120881, -35.51179879799997], [139.03529509700002, -35.511593706999975], [139.03550479400008, -35.51141901099993], [139.0356550150001, -35.511230388999934], [139.03583350200006, -35.51101989699998], [139.03602518800005, -35.51079660499994], [139.0362391970001, -35.510603903999936], [139.03644489700002, -35.510454412999934], [139.03669494500002, -35.510307101999956], [139.0366991960001, -35.51030459699996], [139.03691328800005, -35.510122697999975], [139.03704811500006, -35.50994141199993], [139.0372400010001, -35.50973800199995], [139.0374368040001, -35.50958139699998], [139.03763359800007, -35.50942669699998], [139.03788319400007, -35.50925710399997], [139.0381079130001, -35.50903181499996], [139.03827051300004, -35.508911216999934], [139.03834859000006, -35.50885330899996], [139.0385429040001, -35.508669691999955], [139.0386783880001, -35.508494206999956], [139.03876310200008, -35.50842819199994], [139.03888760300003, -35.50832089399995], [139.03901369200003, -35.50815031399998], [139.03903099500008, -35.50812690499998], [139.039214011, -35.507925400999966], [139.03937321400008, -35.507760099999985], [139.03946669100003, -35.50764040699994], [139.0396897060001, -35.50746558999998], [139.03980080100007, -35.50732970099995], [139.0399645110001, -35.50718059199994], [139.04012759400007, -35.507016703999966], [139.04032159200005, -35.50685800999997], [139.04051690100005, -35.50664329999995], [139.04069710700003, -35.506441493999944], [139.04085559100008, -35.50626679699997], [139.0410776970001, -35.506077104999974], [139.04129648200012, -35.50590200899995], [139.0415061970001, -35.50566188899995], [139.04173789300012, -35.50551540199996], [139.04198679700005, -35.50533620699997], [139.0422267020001, -35.50515179399997], [139.04245160400012, -35.50499809599995], [139.0427158010001, -35.504813309999975], [139.04292780900005, -35.50468501399996], [139.04315291600005, -35.504538614999944], [139.0433889100001, -35.504388397999946], [139.043625001, -35.504241897999975], [139.0438714930001, -35.50405189799994], [139.04405190700004, -35.50386990599998], [139.04417599800001, -35.50364739999998], [139.044298421, -35.50338969799998], [139.04448939300005, -35.50317330799993], [139.0446499960001, -35.50299860399997], [139.04485310200005, -35.502861406999955], [139.04505910800003, -35.50276560899994], [139.0452345110001, -35.50269539499993], [139.0455490920001, -35.50263459499996], [139.04584579800007, -35.50255949799998], [139.04617539700007, -35.50246968299996], [139.04642949700008, -35.50235539299996], [139.04667309400008, -35.50226469099994], [139.0470081100001, -35.50210090099995], [139.04726200900006, -35.50197040299997], [139.04755778800006, -35.50183580199996], [139.0477012020001, -35.50168109599997], [139.04784949600003, -35.50142010899998], [139.04784520400005, -35.50113529199996], [139.04784821600003, -35.50089009799996], [139.0478083260001, -35.50063839099994], [139.14471721400002, -35.471712484999955], [139.3056858110001, -35.41947099599997], [139.3060254280001, -35.41956435299994], [139.30709260700007, -35.41985769799993], [139.30755181000006, -35.41992420199995], [139.31066171100008, -35.41984770199997], [139.3125580100001, -35.41975429699994], [139.3138266090001, -35.41965209399996], [139.31549520900012, -35.41943540099993], [139.3173299020001, -35.41928109999998], [139.31957651100004, -35.41895239799993], [139.32239970700005, -35.41857179099998], [139.32436420600004, -35.41821349999998], [139.32626780300006, -35.41776860099998], [139.32783741000003, -35.41727619499994], [139.3292341130001, -35.41628939699996], [139.32984610500012, -35.415341902999955], [139.33045071200002, -35.41356870299995], [139.33056170800012, -35.413015893999955], [139.33095800500007, -35.41002051099997], [139.33107231000008, -35.409123102999956], [139.3312682070001, -35.408267396999975], [139.33129110700008, -35.407159401999934], [139.33133650800005, -35.40609929999994], [139.33162270800005, -35.40480809799993], [139.33193450200008, -35.404081], [139.33272670300005, -35.403168309999955], [139.3333292110001, -35.402706001999945], [139.33463550700003, -35.40180549699994], [139.33620211200002, -35.40114230299997], [139.33724740700006, -35.40065129699997], [139.33835420200012, -35.40007950099994], [139.33933950900007, -35.39960389799995], [139.3399374070001, -35.39914969599994], [139.3406148040001, -35.398578], [139.34174840900005, -35.39766410799996], [139.34355320300006, -35.39605850399994], [139.34453141000006, -35.39472850299995], [139.3455278990001, -35.39326440299993], [139.34644610600003, -35.39193160199994], [139.34715840900003, -35.39072719899997], [139.3480715060001, -35.38929669799995], [139.3489895140001, -35.387823185999935], [139.35002670400002, -35.38627410399994], [139.35102130600012, -35.38455250199996], [139.35163051200004, -35.383109495999975], [139.3520395060001, -35.38200679999994], [139.35250520600005, -35.38090849399998], [139.35305450700002, -35.379619401999946], [139.3534104050001, -35.37896849699996], [139.35356429700005, -35.378687000999946], [139.35409350200007, -35.37762810299995], [139.35454709500004, -35.37667459499994], [139.35499899900003, -35.375716301999944], [139.35550970100007, -35.37450729799997], [139.35600840400002, -35.373336698999935], [139.35640460900004, -35.37227529799998], [139.35693330000004, -35.37101700499994], [139.35757029500007, -35.36978550099997], [139.35829029600006, -35.368617796999956], [139.35889149600007, -35.36763789699995], [139.35940430200003, -35.36669669899993], [139.35999880200006, -35.365965898999946], [139.36078649900003, -35.365237702999934], [139.36176369800012, -35.36469680099998], [139.36260890100004, -35.36438320199994], [139.36327789400002, -35.36408919799993], [139.36379309400002, -35.36394638499996], [139.36429369400003, -35.36380760099996], [139.3653019950001, -35.36354569899993], [139.36643, -35.36328239599993], [139.367604206, -35.36302580299997], [139.36875930200006, -35.362759695999955], [139.3695080970001, -35.36255929599997], [139.36956700200005, -35.36252610099996], [139.370672398, -35.361903], [139.37152330000004, -35.361397901999965], [139.3723819050001, -35.36101160199996], [139.3731441970001, -35.360681598999975], [139.37393210100004, -35.360319011999934], [139.37469560400007, -35.35992749999997], [139.37534410400008, -35.359534295999936], [139.3758602040001, -35.35925419999995], [139.37634800500007, -35.35888770099996], [139.37699279600008, -35.35842630199994], [139.37781649800002, -35.35777710299993], [139.37873139400006, -35.35707179599996], [139.37989382600006, -35.35581570699998], [139.38356158600004, -35.35275310199995], [139.38501709600007, -35.35144751499996], [139.38563870400003, -35.350978098999974], [139.38650079600006, -35.34989890199995], [139.38721160000011, -35.34887509699996], [139.38783420200002, -35.347763903999976], [139.38827269500007, -35.34685120199998], [139.3884363950001, -35.34616449599997], [139.38848179500008, -35.34565000099997], [139.38860069700002, -35.344195801999945], [139.38866316600001, -35.343523252999944], [139.38871520200007, -35.342963098999974], [139.38876450100008, -35.34199199799997], [139.38885920100006, -35.341430196999966], [139.3886492030001, -35.33999489699994], [139.3885547010001, -35.338706101999946], [139.38842740200005, -35.33756029899996], [139.3882443980001, -35.336442602999966], [139.3879945960001, -35.335418198999946], [139.38785650500006, -35.33481360099995], [139.38762949600005, -35.33415449399996], [139.38740260400004, -35.33349120299994], [139.3871143980001, -35.332888802999946], [139.38665100700007, -35.332037801999945], [139.38626500400005, -35.33137199599997], [139.385841797, -35.33059150299994], [139.38527199700002, -35.32978349799998], [139.38437229600004, -35.32873100399996], [139.38330599900007, -35.32763620099996], [139.38256420400012, -35.32671149799995], [139.3815453960001, -35.32533720099997], [139.3808958950001, -35.32433380499998], [139.38053460100002, -35.32356849299998], [139.38027551000005, -35.32291689799996], [139.380075905, -35.322434001999966], [139.37984130300003, -35.32160760099998], [139.37960630100008, -35.320803997999974], [139.37953768500006, -35.32004849699996], [139.37947149700005, -35.31916710399997], [139.37940550200005, -35.31828580299998], [139.37950569600002, -35.31745240299995], [139.3796496000001, -35.31653389799993], [139.3798465960001, -35.31574550199997], [139.38015780000012, -35.31482920399998], [139.38052490100006, -35.31345180399995], [139.38190589700002, -35.31109070399998], [139.38246880300005, -35.31013779899996], [139.38285570300002, -35.309499597999945], [139.38344639900004, -35.30866809899993], [139.38400519900006, -35.307915098999956], [139.38460509900005, -35.30720269599993], [139.3852452980001, -35.30657100199994], [139.385842, -35.306018698999935], [139.38648119700008, -35.30542689999993], [139.387119696, -35.30487520199995], [139.38796820400012, -35.30428619899993], [139.38877310100008, -35.30377669599994], [139.38962149600002, -35.30318760299997], [139.39029859700008, -35.30279649899995], [139.3911422980001, -35.30244750299994], [139.39202889400008, -35.302068894999934], [139.39311149800005, -35.301612], [139.39429249500006, -35.30129370199995], [139.3962560980001, -35.30074259899993], [139.39833359500005, -35.30031460099997], [139.40025540400006, -35.29999560299996], [139.4018148990001, -35.29980360299993], [139.4024431160001, -35.29971559899997], [139.4030034960001, -35.29963711099998], [139.40477350300011, -35.29950860099996], [139.40716710000004, -35.299418602999936], [139.40989000500008, -35.29926199899995], [139.41215720500009, -35.29913990499995], [139.4140453000001, -35.29892170099998], [139.41624138400005, -35.29864670199993], [139.4166831010001, -35.298595767999984], [139.4184158050001, -35.298395899999946], [139.41948610200006, -35.29831880299997], [139.42047369800002, -35.29814939899995], [139.4237377940001, -35.29764530199998], [139.42502359800005, -35.29737410299998], [139.42604519400004, -35.29708360199993], [139.427451796, -35.29658559599994], [139.42844339500004, -35.296203600999945], [139.4314200020001, -35.29485719999997], [139.4328229040001, -35.294102297999984], [139.43547360500008, -35.29273950199996], [139.4366778960001, -35.29202600399998], [139.43774279800004, -35.291401909999934], [139.43945119900002, -35.290130903999966], [139.442739006, -35.28801080299996], [139.4440906950001, -35.28732959599995], [139.44591489000004, -35.28656340099997], [139.44721260400001, -35.285927596999954], [139.4486552950001, -35.285186702999965], [139.4497698990001, -35.284446], [139.4506523010001, -35.28367190399996], [139.45134279800004, -35.282973399999946], [139.4521326030001, -35.28206370099997], [139.45295949800004, -35.28113980399996], [139.45383598800004, -35.280118295999955], [139.45435650100012, -35.279456695999954], [139.454721005, -35.27892330099996], [139.4551536040001, -35.27810989599993], [139.45529460300008, -35.277693900999964], [139.45550050400004, -35.27716279999993], [139.45590320000008, -35.276291501999935], [139.4561240050001, -35.27579810199995], [139.45642580100002, -35.27495139599995], [139.4567581980001, -35.27416590399997], [139.45686029700005, -35.27380279199997], [139.45690280300005, -35.273230600999966], [139.45688479600005, -35.27251000199993], [139.45683840200002, -35.27160690399995], [139.45677170300007, -35.270380804999945], [139.4566972010001, -35.26928640299997], [139.45647050000002, -35.26785591199996], [139.45623559700005, -35.26685049599996], [139.45612250300007, -35.26612019799995], [139.4559141950001, -35.26538849999997], [139.45567949700012, -35.26465490499993], [139.45553190500004, -35.264075899999966], [139.45544820400005, -35.26346730199998], [139.4553955990001, -35.26289390199997], [139.45524730300008, -35.26234959599998], [139.4549455030001, -35.26152999599998], [139.45464080400006, -35.26085790099995], [139.45439909700008, -35.260221297999976], [139.45382810500007, -35.258815195999944], [139.45351180400007, -35.25820360199998], [139.4532306010001, -35.25769230199995], [139.45284820100005, -35.257218886999965], [139.45231141400006, -35.25651769899997], [139.45178540300003, -35.25581239899998], [139.45131999800003, -35.25525959699996], [139.45088619800003, -35.25470739699995], [139.45028929700004, -35.254108], [139.44882010100002, -35.25266160399997], [139.4484092990001, -35.25229609699994], [139.44784329800007, -35.251750898999944], [139.44725739900002, -35.25113590299998], [139.44700820000003, -35.250889695999945], [139.44663669700003, -35.25040319799996], [139.44616960400003, -35.249941596999975], [139.44583610300003, -35.24967109599993], [139.44533729500006, -35.24920900099994], [139.44492069900002, -35.24887389699995], [139.44416859700004, -35.24837830399997], [139.4426472010001, -35.247448900999984], [139.44034479900006, -35.24618110199998], [139.43767370000012, -35.244830295999975], [139.43556350200004, -35.24373989199995], [139.4322396970001, -35.241926801999966], [139.4309088990001, -35.24123080099997], [139.42916720000005, -35.24033160199997], [139.42858169900012, -35.24002460199995], [139.42700799500005, -35.23905820099998], [139.4258424950001, -35.238344498999936], [139.42496930200002, -35.23773479299996], [139.42366899400008, -35.236991097999976], [139.42233629600003, -35.23618400299995], [139.42144430200005, -35.23558009599998], [139.41993879500012, -35.23466439999993], [139.41853560000004, -35.23367249599994], [139.41728589500008, -35.232684200999984], [139.4159864170001, -35.23157081099998], [139.41589210100005, -35.23148999899996], [139.4143927010001, -35.230290097999955], [139.4126613950001, -35.22878350299993], [139.41034349900008, -35.22672069199996], [139.409155, -35.22558559899994], [139.40833879600007, -35.22487619799995], [139.40765240300004, -35.22429010299993], [139.406360897, -35.22328220099996], [139.40488360100005, -35.22204779899994], [139.40412850500002, -35.221195998999974], [139.40365930100006, -35.220591000999946], [139.403165295, -35.21989729999996], [139.40254770100012, -35.21903869499994], [139.40199009600008, -35.218363099999976], [139.40077789600002, -35.21763549699995], [139.3997216040001, -35.21716470399997], [139.39655978700011, -35.215643900999964], [139.39495170500004, -35.21479670499997], [139.393218595, -35.21414250099997], [139.39083219500003, -35.21318059899994], [139.38887439600012, -35.212482302999945], [139.38714120200007, -35.211832698999956], [139.38684221500012, -35.21170554899993], [139.38589709500002, -35.211303603999966], [139.38520980300007, -35.21097640299996], [139.38466010000002, -35.21070329999998], [139.3835288030001, -35.21002370399998], [139.3822309940001, -35.20928970199998], [139.38111199900004, -35.20857709799998], [139.38048929900003, -35.208200302999956], [139.37973490700006, -35.207758302999935], [139.37742720100005, -35.20606630399993], [139.37574009700006, -35.20485240399995], [139.37408990400002, -35.20381929699994], [139.37309690100005, -35.203174701999956], [139.37218290400006, -35.20262309799995], [139.3709361970001, -35.20194190299998], [139.36965619500006, -35.20119849899993], [139.36833500400007, -35.20048779999996], [139.36684190000005, -35.19970350199998], [139.36560620400007, -35.19905559599994], [139.3642208970001, -35.19837239999998], [139.36242220500003, -35.19755079799995], [139.36144020000006, -35.197040896999965], [139.3618673850001, -35.19605280199994], [139.36221406800007, -35.195250923999936], [139.362346999, -35.194943502999934], [139.36296257100003, -35.19351946299997], [139.3651902050001, -35.18836602999994], [139.36510400200007, -35.188296340999955], [139.36501749600006, -35.18822640399998], [139.36380030600003, -35.18744529899993], [139.36244219500009, -35.18657370099993], [139.36086000400007, -35.18555829999997], [139.3591708990001, -35.18447410199997], [139.3577400050001, -35.18355559599996], [139.35757369600003, -35.18340859899996], [139.35741007600006, -35.18319242499996], [139.3581587860001, -35.18319401999997], [139.3594657000001, -35.18319679899997], [139.36266799800012, -35.183203369999944], [139.36962247300005, -35.18321760599997], [139.37647728700006, -35.18323113899993]], [[139.18489383200006, -35.51249849399994], [139.18834192500003, -35.515643016999945], [139.1917618000001, -35.518761472999984], [139.19588391000002, -35.520571840999935], [139.19842800100002, -35.520993344999965], [139.20131485100012, -35.52122112799998], [139.20174429400004, -35.521712553999976], [139.20183611800007, -35.522166649999974], [139.2016925060001, -35.52252004799993], [139.20131479100007, -35.52322854799996], [139.20092759700003, -35.52390174399994], [139.20020182200005, -35.52427443099998], [139.1998770250001, -35.524652800999945], [139.20007170200006, -35.525038998999946], [139.20058282200011, -35.52517602399996], [139.2008937280001, -35.52489435399997], [139.2011055060001, -35.52451405199997], [139.20171789900007, -35.52468487999994], [139.20186831, -35.52424832799994], [139.20214758500003, -35.52390159], [139.20252656800005, -35.523818768999945], [139.20295929600002, -35.523724227999935], [139.20371570600003, -35.52374015299995], [139.20442173100002, -35.52397693699993], [139.2046919920001, -35.52453069999996], [139.20485011900007, -35.52504092099997], [139.20490470100003, -35.52562380399996], [139.20568701700006, -35.52525209899994], [139.20599873100002, -35.52496569699997], [139.20644455000001, -35.52497232899998], [139.20697090700003, -35.52569149599998], [139.207396796, -35.526344379999955], [139.2078694070001, -35.52644854299996], [139.20989873200006, -35.525605638999934], [139.21010400000011, -35.52526989599994], [139.21058230200003, -35.52508305099997], [139.21097580200012, -35.525181250999935], [139.21123810000006, -35.52556849299998], [139.2116796030001, -35.52579665199994], [139.21216540600005, -35.52580384], [139.21263583200005, -35.52597244799995], [139.21272359700004, -35.526615936999974], [139.21278120400007, -35.52706471899995], [139.21290799300004, -35.52746848099997], [139.21313662900002, -35.52785054699996], [139.21374709500003, -35.52782732899993], [139.21422662500004, -35.52758954999996], [139.21447218800006, -35.527209899999946], [139.21481953300008, -35.527085607999936], [139.2152660590001, -35.52709221599997], [139.215468084, -35.52739997799995], [139.21593610200011, -35.527679475999946], [139.216624399, -35.52772214999993], [139.21710060100008, -35.527664422999976], [139.21781732300008, -35.52742099899996], [139.21846852400006, -35.52736594499993], [139.21887782900012, -35.527496620999955], [139.2191802000001, -35.52763048399993], [139.22002770300003, -35.52786291999996], [139.22071882700004, -35.52777622999997], [139.2213878970001, -35.527661475999935], [139.22213559700003, -35.52782495399998], [139.2226832980001, -35.528086953999946], [139.22321959600004, -35.52836739399993], [139.22380939800007, -35.52825145399993], [139.22433592800007, -35.52794037899997], [139.22519801900012, -35.527542152999956], [139.2257989960001, -35.527421577999974], [139.22647871900006, -35.526821893999966], [139.22708512100007, -35.52648437999994], [139.22802229800004, -35.52599001599998], [139.22914393200006, -35.52560304799994], [139.2301122020001, -35.52523400399997], [139.23080069700006, -35.525017753999975], [139.23175639900012, -35.52496714799997], [139.23294972500003, -35.525146194999934], [139.23384952900005, -35.52531644499993], [139.23468778500012, -35.52574897699998], [139.2351189300001, -35.5261756699999], [139.2357498230001, -35.526762248999944], [139.23629210700005, -35.52702425099994], [139.23700032700003, -35.527196121999964], [139.23755919600012, -35.52745208299996], [139.23799100700012, -35.52784645299994], [139.23845658800008, -35.52827355299996], [139.2390628930001, -35.528443926999955], [139.23967949500002, -35.52864702599993], [139.24012390000007, -35.528750499999944], [139.24066602100004, -35.52901709199995], [139.2412131970001, -35.52930679599996], [139.24174772300012, -35.52967017599997], [139.24211420000006, -35.52996657199998], [139.24251299700006, -35.53032802799993], [139.2430502950001, -35.53081614499996], [139.2434462970001, -35.53130690599994], [139.24353771100004, -35.53176084499995], [139.24363409800003, -35.53202084199995], [139.243984102, -35.53202595099998], [139.24439829800008, -35.53218909799995], [139.24470271300004, -35.532484591999946], [139.24479561200008, -35.53290612699993], [139.2449882960001, -35.533393976999946], [139.24542602600002, -35.534567194999966], [139.24604710500012, -35.53561077699993], [139.2464493230001, -35.53632332899997], [139.2468767370001, -35.537461150999945], [139.24719962300003, -35.53820941599997], [139.2475718280001, -35.53875057199997], [139.2477722970001, -35.539391052999974], [139.2476596900001, -35.53990664199995], [139.24723713000003, -35.54038077399997], [139.2468118050001, -35.54069793399998], [139.24267526000006, -35.54516692699997], [139.24316972400004, -35.54578839299995], [139.24400052300007, -35.54683042499994], [139.24510018600006, -35.547936498999945], [139.2459448190001, -35.54859842099995], [139.24686482700008, -35.54890273899997], [139.2481607210001, -35.54907409899994], [139.2490849200001, -35.549184486999934], [139.25016693100008, -35.549329419999935], [139.25098849500012, -35.54947079599998], [139.25192261000007, -35.54991835299995], [139.2527725970001, -35.55033723199995], [139.253890199, -35.55091234499997], [139.25508280100007, -35.55114032499995], [139.25586998900008, -35.551054748999945], [139.25712172300007, -35.55091123599993], [139.25835072000007, -35.55079957899994], [139.25967669200008, -35.55088805599996], [139.26066780200006, -35.55103175399995], [139.2616975210001, -35.551494625999965], [139.2624253890001, -35.55179139799998], [139.26300580500003, -35.55215087999994], [139.26380952300008, -35.55286279999996], [139.26437470300004, -35.55364229899993], [139.264704, -35.55435825099994], [139.26479522400007, -35.55511715399996], [139.26460592500007, -35.55602884799998], [139.2642225290001, -35.55650824799994], [139.26325662300007, -35.557270450999965], [139.26136429500002, -35.55830539799996], [139.25689633600007, -35.56131982799997], [139.254013922, -35.55925507599994], [139.2508490040001, -35.56239447799993], [139.2487544050001, -35.56412373999996], [139.24816540200004, -35.56469717999994], [139.24781349800003, -35.56530632199997], [139.24718093, -35.56629937899993], [139.2467833190001, -35.56745759299997], [139.2465308940001, -35.56840825099994], [139.246208528, -35.56917953399994], [139.24578640100003, -35.56962599299993], [139.2452547030001, -35.57041728299998], [139.24474413200005, -35.57153674299997], [139.2445920250001, -35.57231043699994], [139.2446084920001, -35.573105150999936], [139.2446663300001, -35.57355400899996], [139.24490611300007, -35.57368689899994], [139.24530369400009, -35.57439926699993], [139.24556158400003, -35.57525584799998], [139.2456115970001, -35.576092553999956], [139.24538583000003, -35.57683287599997], [139.244824622, -35.57717119399996], [139.24413159800008, -35.57732272499993], [139.24297252700012, -35.57733808199998], [139.2425614970001, -35.57752604099994], [139.24220549500012, -35.578038248999974], [139.2421224840001, -35.578743721999956], [139.2420696040001, -35.579615899999965], [139.2415916970001, -35.58131779499996], [139.24160301900008, -35.58209219599996], [139.24186197400002, -35.58264564999996], [139.24269622600002, -35.58275485299998], [139.24305822500003, -35.58222432599996], [139.24409269900002, -35.58172669399994], [139.24508482700003, -35.58158404999995], [139.24603289300012, -35.581662595999944], [139.24669075500003, -35.58154278799998], [139.247200904, -35.58095439699997], [139.24977120800008, -35.57738459799998], [139.2506438250001, -35.576522627999964], [139.25153903900002, -35.57588898299997], [139.25236860200005, -35.575448423999944], [139.2533319910001, -35.57507434199994], [139.2542572970001, -35.57489379899994], [139.25507230000005, -35.574840939999945], [139.25588582700004, -35.57485273899994], [139.2564987190001, -35.57499101899998], [139.256769587, -35.575285796999935], [139.2567964320001, -35.57560494799998], [139.2566868030001, -35.57595434899997], [139.25640152300002, -35.57661069699998], [139.25583769600007, -35.577073594999945], [139.25522349900007, -35.577249491999964], [139.25475249200008, -35.57759369699994], [139.25439522800002, -35.578419820999954], [139.254094333, -35.57951014099996], [139.25379769000006, -35.58068832699996], [139.25353520300007, -35.58184831999995], [139.25331520200007, -35.58261187499994], [139.25299361700002, -35.58334627399995], [139.2523044290001, -35.584369153999944], [139.24851570500005, -35.58990744799996], [139.24789409900006, -35.590383275999955], [139.2471656250001, -35.59089298999993], [139.24678129900008, -35.59140472799993], [139.24642998900003, -35.59194917399998], [139.24628360300005, -35.59243202499994], [139.2461344950001, -35.59306720099994], [139.24588079800003, -35.59353457399993], [139.2454806300001, -35.59426312399995], [139.2451635330001, -35.594821914999955], [139.24464212600003, -35.59513308099997], [139.24443443200005, -35.59532403199995], [139.24431925600004, -35.59567331899996], [139.24437792000003, -35.59608072699996], [139.2443342260001, -35.59653260699997], [139.24402243800012, -35.59684684699994], [139.24360652300004, -35.59697005099997], [139.24315680000007, -35.59712517999998], [139.2429456000001, -35.597477638999976], [139.24204572000008, -35.59906565199998], [139.24120349800012, -35.60051101999994], [139.23946813300006, -35.60023964599998], [139.23873360700009, -35.60139687599997], [139.23788551400003, -35.60181482499996], [139.236758602, -35.60321203199993], [139.235817719, -35.60442772399995], [139.23443192900004, -35.60539084199996], [139.2326329980001, -35.60653245199995], [139.23099120300003, -35.607363229999976], [139.22733963100006, -35.608661824999956], [139.22326771100006, -35.60952390799997], [139.221193308, -35.610476750999965], [139.22021739500008, -35.61083119299997], [139.21920391800006, -35.61241431099995], [139.21834679000006, -35.61326232699997], [139.2133584180001, -35.613741725999944], [139.212392001, -35.613665727999944], [139.21206329300003, -35.613959448999935], [139.21282629900008, -35.61446257599994], [139.21339288900003, -35.61507683599996], [139.21331392000002, -35.615743099999975], [139.21284980000007, -35.61628942799996], [139.21256192900012, -35.61666594899998], [139.21656802300004, -35.61832349699995], [139.21687652000003, -35.61894271899996], [139.21585502400012, -35.62137753999997], [139.2153335170001, -35.621615652999935], [139.214911002, -35.62320759399995], [139.21443660500006, -35.62424562699994], [139.21674623, -35.62577258199997], [139.21843983200006, -35.625551848999976], [139.22153309700002, -35.625228679999964], [139.22237829200003, -35.625425449999966], [139.2255893990001, -35.62657929599993], [139.22763502300006, -35.62451073999995], [139.2284810850001, -35.624166396999954], [139.2335302990001, -35.62583865499994], [139.23703870200006, -35.62521388299996], [139.23849421900002, -35.62357562999995], [139.23982410600001, -35.62225144399997], [139.2409155050001, -35.622012670999936], [139.24234122300004, -35.62172622199995], [139.24449321800012, -35.621142996999936], [139.24688432300002, -35.62146187299993], [139.24864149500002, -35.621733449999965], [139.24894422400007, -35.62265979799997], [139.25045120200002, -35.622066994999955], [139.253180315, -35.621184649999975], [139.2542110390001, -35.62126104599997], [139.2593022860001, -35.622985624999956], [139.2616915960001, -35.62338887399994], [139.26273533000006, -35.62334247599995], [139.26472339800011, -35.6238892699999], [139.2667875310001, -35.62391901899997], [139.2670964230001, -35.624538144999974], [139.26720251900008, -35.62512232299997], [139.26630271300007, -35.62792811299994], [139.26544062400012, -35.629022178999946], [139.26293631600004, -35.633921191999946], [139.2628588990001, -35.634534723999934], [139.26240029300004, -35.63483544799993], [139.26116290000004, -35.63537079699995], [139.26015830200004, -35.63707752499994], [139.25930722600003, -35.637618447999955], [139.25652009600003, -35.63819275199995], [139.2551913220001, -35.64045104199994], [139.25377192000008, -35.640430452999965], [139.25003763900008, -35.64154403099997], [139.24899592000008, -35.64195918099995], [139.24582519900002, -35.64185159899995], [139.2437207700001, -35.64218977599995], [139.24300073000006, -35.64267093899997], [139.24221980200002, -35.64296692199997], [139.2350132030001, -35.643953532999944], [139.21971869800007, -35.64931644699993], [139.2108349880001, -35.65312737499994], [139.20889982500012, -35.65260682799993], [139.2070179210001, -35.65307059999998], [139.2062560280001, -35.65250604899995], [139.20607583000003, -35.65188864999993], [139.20457149900005, -35.652788321999935], [139.20309187700002, -35.652581709999936], [139.20175213000005, -35.65140264699994], [139.20166993500004, -35.64931148499994], [139.20169472400005, -35.64820544599996], [139.20090395900002, -35.64893121899996], [139.19960730100001, -35.64872747499993], [139.19869229200003, -35.64877525199995], [139.19764329600002, -35.64949711699995], [139.19653852600004, -35.64984949299998], [139.19575182100004, -35.649899096999945], [139.19579202500006, -35.650505547999956], [139.19623369700003, -35.65094258199997], [139.19656489400006, -35.65057878399995], [139.197535226, -35.65047025299998], [139.1981859010001, -35.65023409199995], [139.1990313010001, -35.650431149999974], [139.19947330200011, -35.65085059399996], [139.1997765310001, -35.652198544999976], [139.2000802010001, -35.65306374599993], [139.20085171800008, -35.65319822499998], [139.20258739300004, -35.65349943299998], [139.2045183020001, -35.653712724999934], [139.20528713200008, -35.65396998199998], [139.2056004950001, -35.65440502499996], [139.2054590890001, -35.65495615499998], [139.2054481240001, -35.655447599999945], [139.20641310200006, -35.65606793899997], [139.2071019980001, -35.65700017199998], [139.20778262200008, -35.65830117699994], [139.20816152600003, -35.658675648999974], [139.20874402000004, -35.65862284999997], [139.20926709600008, -35.65832328299996], [139.2094713990001, -35.65783453999995], [139.21018020200006, -35.657906442999945], [139.21127132100003, -35.658168692999936], [139.21196298900009, -35.65897797699995], [139.21253039500004, -35.659601092999935], [139.21329589700008, -35.65998134999995], [139.21381899300002, -35.65968166599998], [139.21447524300004, -35.65919965399996], [139.21525781900004, -35.65884251899996], [139.2158464260001, -35.65848237599994], [139.21592502800002, -35.65786885499995], [139.21613870200008, -35.65695002799998], [139.21686798200005, -35.65610023499994], [139.21777689400005, -35.655867874999956], [139.2186803300001, -35.65588128], [139.21892133000006, -35.65662237599997], [139.218773821, -35.65748085299998], [139.21900532300003, -35.658652047999965], [139.21913170000005, -35.65877700699997], [139.21903879800004, -35.66006644799995], [139.21854963600003, -35.66176269399995], [139.2181258160001, -35.662409398999955], [139.2171997050001, -35.662948926999945], [139.2162169940001, -35.66361049499994], [139.21516381900005, -35.664025040999945], [139.21501312300006, -35.66499753399995], [139.21518920200003, -35.66579920099997], [139.21601829400004, -35.66624185099994], [139.21678592400008, -35.66656063499994], [139.21727882200003, -35.667121151999936], [139.2177022180001, -35.668418094999936], [139.21787779200008, -35.66921992399995], [139.21825679300002, -35.66959425299996], [139.21878401900005, -35.669110230999934], [139.21943898400002, -35.66868979999998], [139.22008302100005, -35.66876077399996], [139.2214871210001, -35.66945767899995], [139.2227536270001, -35.67057397499997], [139.22454580200008, -35.67127657399993], [139.22508860400012, -35.672022255999934], [139.22494590100007, -35.672634777999974], [139.2244132400001, -35.67336454499997], [139.22495589300001, -35.674768952999955], [139.22535389300003, -35.67553714699994], [139.22598262600002, -35.675489838999965], [139.22660410700007, -35.675555574999976], [139.22701210000002, -35.67587219699993], [139.22712201500008, -35.67626917999996], [139.22698114800005, -35.67736099899997], [139.22694280300004, -35.677658246999954], [139.22598760900007, -35.67885413799996], [139.22449419300006, -35.680429551999964], [139.22234302000004, -35.68158378199996], [139.221823319, -35.68228206699996], [139.2218950250001, -35.68306569799995], [139.22231752900007, -35.68406825399995], [139.2230958010001, -35.685096388999966], [139.22305739500007, -35.685491000999946], [139.22333072800006, -35.68568364699996], [139.224716026, -35.68578185399997], [139.22507988200005, -35.68594254399994], [139.2251119970001, -35.68633152199993], [139.224841093, -35.68749278299998], [139.22508099200002, -35.687729495999974], [139.226695295, -35.68884087799995], [139.2273773070001, -35.68935606699995], [139.22863472100005, -35.69061752499994], [139.22994681700004, -35.69097184499998], [139.23093400400012, -35.69246247499996], [139.23246842600008, -35.69472687799998], [139.234509999, -35.69561152099993], [139.2360696190001, -35.69548459999993], [139.23950042500007, -35.69476349599995], [139.2401937180001, -35.69477012699997], [139.2423879040001, -35.695185022999965], [139.24434709500008, -35.695485599999984], [139.24580720500012, -35.695584620999966], [139.248585509, -35.69604675499994], [139.25003822200006, -35.69648409499996], [139.25334809900005, -35.69784389499995], [139.2545976980001, -35.69825597999994], [139.25620990200002, -35.69917289799997], [139.25676462, -35.70180585399993], [139.25890272200002, -35.705129634999935], [139.25732180700004, -35.70619427699995], [139.2586134080001, -35.70811081499994], [139.2608957000001, -35.710152800999936], [139.2595985270001, -35.71474757699997], [139.25810842500005, -35.717567334999956], [139.258162996, -35.718805645999964], [139.25692702900005, -35.71934266799997], [139.2554924950001, -35.72178782399993], [139.2547694000001, -35.723736248999955], [139.25597430400012, -35.72463053799993], [139.25651239, -35.72428867799994], [139.25748679700007, -35.72453592699998], [139.25792751200004, -35.72492515299996], [139.25701830200012, -35.72545594899998], [139.25763484200002, -35.727129539999964], [139.2573184260001, -35.72852347699995], [139.25766559600004, -35.72946083099998], [139.25827089900008, -35.72978024199995], [139.26133620200005, -35.72869817399993], [139.26134550000006, -35.72827094799993], [139.25903842900004, -35.727344175999974], [139.26000169200006, -35.72623164999993], [139.2613146230001, -35.72593979099997], [139.26181709600007, -35.72536439299995], [139.2632964390001, -35.72491951099994], [139.263856389, -35.72356819199996], [139.2668364210001, -35.72481522399994], [139.26658592100011, -35.72697027999993], [139.26315249700008, -35.72839699399998], [139.2634076280001, -35.728866746999984], [139.26347309200003, -35.72960577099997], [139.26500040200006, -35.730715550999946], [139.26564162300008, -35.73109764199995], [139.26587600400012, -35.73153697599997], [139.26575340500005, -35.731999239999936], [139.265242918, -35.732784727999956], [139.2647930380001, -35.73364740699998], [139.2647005450001, -35.73415081699994], [139.26482531600004, -35.734450995999964], [139.2652199270001, -35.734545880999974], [139.26584822600012, -35.734412230999965], [139.2666633230001, -35.73388865399994], [139.26736962000007, -35.73343742099996], [139.26808800700007, -35.73319784299997], [139.2690320920001, -35.733063254999934], [139.26942781900004, -35.732913732999975], [139.26980268900002, -35.73277202699995], [139.2699944100001, -35.73266167999998], [139.27026389200012, -35.73250231099996], [139.27055332100008, -35.732379580999975], [139.2709065250001, -35.73202449799993], [139.27120222200006, -35.73170781099998], [139.27155023000012, -35.73120854199993], [139.27189512300004, -35.730853380999974], [139.27224252500002, -35.73076661799996], [139.27248889700002, -35.730495152999936], [139.27264799700004, -35.730198694999956], [139.27290660300002, -35.72974388099993], [139.2731555470001, -35.729380730999935], [139.27215800300007, -35.72873127099996], [139.27170330600006, -35.72895393199997], [139.2713563100001, -35.729407253999966], [139.27050128500002, -35.729578498999956], [139.269824125, -35.729706197999974], [139.26900352000007, -35.72978612399993], [139.2684273210001, -35.72968609499998], [139.26809320400002, -35.72954379399994], [139.26810412100008, -35.72903969599997], [139.26825942000005, -35.72853767599997], [139.26862119700002, -35.728136810999956], [139.26872450300004, -35.727830498999936], [139.26863559900005, -35.72746909999995], [139.26840512900003, -35.727007337999964], [139.26822430100003, -35.72645469699995], [139.26814859700005, -35.72551709499993], [139.268163027, -35.72484924499997], [139.26857874100006, -35.72419383899995], [139.2691488060001, -35.72380918199997], [139.26964912300002, -35.72367887599995], [139.27024311700006, -35.723687394999956], [139.2706256240001, -35.72383039399995], [139.270909318, -35.72406379399996], [139.27124252900012, -35.72425185299994], [139.27190083000005, -35.72426132199996], [139.2725773080001, -35.72454602499994], [139.27319728700002, -35.724823500999946], [139.27371889800008, -35.72521077799996], [139.27455304800003, -35.725268521999965], [139.27490803000012, -35.72482834599998], [139.2744841640001, -35.72436380499994], [139.27420119400006, -35.72409129299996], [139.27400610200004, -35.72381349999995], [139.27420942900005, -35.723325246999934], [139.274462222, -35.72278521099997], [139.2745671230001, -35.72237424699995], [139.274109951, -35.721981220999965], [139.27371242200002, -35.72179882499995], [139.2730905960001, -35.721606442999985], [139.27252731300007, -35.72164432599993], [139.27207552200002, -35.72176879199998], [139.27162649500008, -35.72211602099998], [139.27083640600006, -35.72226178099993], [139.2701148320001, -35.72220555299998], [139.2695403900001, -35.72202707499997], [139.26930598500007, -35.721748600999945], [139.26941372700003, -35.72120657599993], [139.2696469980001, -35.72080402599994], [139.2699178250001, -35.720166150999944], [139.27002630200002, -35.71962409799994], [139.2699872190001, -35.71919370799998], [139.26979402100005, -35.71883079799994], [139.26959952900006, -35.71855937399994], [139.26925240000003, -35.718285951999974], [139.2688225930001, -35.71809628099993], [139.2684345240001, -35.717861503999984], [139.26809752000008, -35.71747041899994], [139.267864421, -35.7171003], [139.26759133000007, -35.716375942999946], [139.26736612000002, -35.715639350999936], [139.2671816950001, -35.71490319999998], [139.26724339800012, -35.71428837899998], [139.26760193000007, -35.71365178099995], [139.26785179800004, -35.71324952699996], [139.2684878020001, -35.71316687299998], [139.26906390400006, -35.713266920999956], [139.2694528930001, -35.713455850999935], [139.26954092100004, -35.713823797999964], [139.26996649500006, -35.714209697999934], [139.2702492310001, -35.71448885099994], [139.270626815, -35.71485440399994], [139.27072861300007, -35.71458748099997], [139.270686919, -35.714311823999935], [139.2708, -35.71390735299997], [139.27114099900007, -35.71372893299997], [139.27153399700012, -35.713734633999934], [139.27196972800004, -35.71364917699998], [139.2721261250001, -35.71347454499994], [139.27213832300004, -35.71291162799997], [139.27214710500004, -35.71250567499993], [139.27181709800004, -35.71214079999993], [139.2716309100001, -35.71186954099994], [139.27178612300008, -35.71136747999998], [139.272005, -35.71089269699996], [139.27191609700003, -35.71053124699995], [139.27139588500006, -35.710117699999955], [139.27080772500005, -35.709840723999946], [139.27023062900003, -35.70978657899997], [139.2693679030001, -35.70959085199996], [139.26865248900003, -35.70925553], [139.26812778900012, -35.70901869599993], [139.26760899900012, -35.70850700099993], [139.26718592400005, -35.70804243099997], [139.26651580600003, -35.70784947299995], [139.2655059230001, -35.70774979299995], [139.26468102400008, -35.70769214899997], [139.2638212070001, -35.70735880199993], [139.2627635240001, -35.70688505099997], [139.2623841300001, -35.706604553999966], [139.2621527240001, -35.70618859399997], [139.2621180960001, -35.705559455999946], [139.26212800200005, -35.70510124899994], [139.26239109800008, -35.70443699799995], [139.26270061200012, -35.70386515399997], [139.26300629500008, -35.70346362199996], [139.2631135050001, -35.70298062599994], [139.26316897000004, -35.70262113299998], [139.26297555000008, -35.70230393999998], [139.26253229600002, -35.70238925399997], [139.262183004, -35.70256765099998], [139.26149312100006, -35.70255767599997], [139.2612775120001, -35.70248685699994], [139.2610548, -35.70241371199995], [139.2606716040001, -35.70193019699997], [139.26029312200012, -35.70161037699995], [139.2598050900001, -35.70156394999998], [139.2594732240001, -35.70129072199995], [139.25948460100005, -35.700766993999935], [139.2597394280001, -35.70013544899996], [139.260334026, -35.699377923999975], [139.26088953300007, -35.69892745399994], [139.26178233100006, -35.698848607999935], [139.26258529900008, -35.69882995399996], [139.26365619800004, -35.69866197899995], [139.26505640200003, -35.69849892099995], [139.2655006220001, -35.69836774899994], [139.26612723200003, -35.69833084399994], [139.26657115700004, -35.69824567999996], [139.26691409300008, -35.697975446999976], [139.2673086200001, -35.69752281999996], [139.2682777980001, -35.69726175399995], [139.2707679240001, -35.695692967999946], [139.2721286310001, -35.69511654199994], [139.2733953180001, -35.694447192999974], [139.27420760000007, -35.69400035199993], [139.27506793200007, -35.69391694099994], [139.27579019900008, -35.69392723999994], [139.27680402600004, -35.69380424599996], [139.27715520200002, -35.69350149599995], [139.2776490220001, -35.69295852299996], [139.27824510000005, -35.692475800999944], [139.2788038980001, -35.69186172199994], [139.27930791900008, -35.69119444199998], [139.28006811800003, -35.69056354899993], [139.28128533100005, -35.68993902699998], [139.28256662500007, -35.68932207499995], [139.28345060100003, -35.68887642599998], [139.28473479600007, -35.68812187899994], [139.28614799700006, -35.68772942099997], [139.28749160600012, -35.68719854799997], [139.28806719400006, -35.686927492999985], [139.28864632400007, -35.68684397699997], [139.28919469100003, -35.68671428199997], [139.28934670900003, -35.68664878299995], [139.2895920300001, -35.68654304699993], [139.2900892340001, -35.686189974999934], [139.29058363100012, -35.68596782099996], [139.29155192200005, -35.68570647699994], [139.29251659600004, -35.68526184499996], [139.29305199400005, -35.68499432599998], [139.29358740200007, -35.68472684099993], [139.294261333, -35.684536537999975], [139.2945156290001, -35.684464968999976], [139.294820135, -35.68414537199993], [139.29486040300003, -35.684103153999956], [139.2956881990001, -35.68365645999995], [139.29651032900006, -35.68348467699997], [139.29752660100007, -35.68326982399998], [139.29859910800008, -35.683009949999985], [139.29937820200007, -35.68297519499998], [139.29984471300008, -35.68299257799998], [139.30090183000004, -35.68303177599995], [139.30186429000003, -35.683045377999974], [139.30258353200009, -35.68319305299997], [139.3035408190001, -35.68348175199998], [139.3045736250001, -35.68395459799996], [139.30519302200003, -35.68428424899997], [139.30576252800006, -35.684659084999964], [139.30592118100003, -35.684752721999985], [139.306253383, -35.685124049999956], [139.3064763750001, -35.68543274499996], [139.30662132200007, -35.685601402999964], [139.30665743800012, -35.68561402599994], [139.30676745200003, -35.68567001499997], [139.30694946200003, -35.68547356399995], [139.30698249600005, -35.68547158299998], [139.30777553400003, -35.68542403499998], [139.30786725200005, -35.685456959999954], [139.307980508, -35.68557396699998], [139.3081746470001, -35.68555412699993], [139.30872543600003, -35.685880391999945], [139.30877328000008, -35.68601187099995], [139.30894680400002, -35.68596155599994], [139.3095475770001, -35.68597002699994], [139.3099650150001, -35.68638240499996], [139.31005571800006, -35.686634409999954], [139.310366917, -35.68671560699994], [139.3111944960001, -35.68688372699995], [139.31129099800012, -35.68690332899996], [139.31292209800006, -35.68712043599993], [139.31356492700002, -35.687205683999935], [139.3146061960001, -35.68732948899998], [139.31548546400006, -35.68743032699996], [139.31636834200003, -35.687542708999956], [139.31696384000008, -35.687620651999964], [139.31713329800004, -35.68764283099995], [139.31804661800004, -35.68778020599996], [139.31884801900003, -35.687927222999974], [139.31913241000007, -35.68831612099996], [139.31888467400006, -35.689035703999934], [139.31924241500008, -35.689087160999975], [139.31936851900002, -35.68910229099998], [139.3209423190001, -35.68944505299993], [139.32182559800003, -35.68941159199994], [139.32288673000005, -35.68933475299997], [139.32339212600004, -35.68934174299994], [139.3248999010001, -35.68940872099995], [139.32519039500005, -35.689320995999935], [139.3254969190001, -35.68926219799994], [139.3260170200001, -35.689721299999974], [139.32625640000003, -35.68977044799993], [139.32675152700006, -35.68950885499993], [139.32790072400007, -35.68984559699993], [139.32806272200003, -35.68982267699994], [139.3293578030001, -35.689639203999945], [139.329381473, -35.689635848999956], [139.33084680500008, -35.689428231999955], [139.33142335500008, -35.68913915099995], [139.33178943000007, -35.68895560899995], [139.33216872700007, -35.68876542499993], [139.33194020300004, -35.688166269999954], [139.3366484940001, -35.686764522999965], [139.3373299960001, -35.68640719599995], [139.33832341900006, -35.685327229999984], [139.33883866100007, -35.684459112999946], [139.3393142000001, -35.68460248899993], [139.33931710700006, -35.684603349999975], [139.3393247040001, -35.684587832999966], [139.34078389400008, -35.68160441899994], [139.34055712600002, -35.68092032299995], [139.34003133300007, -35.680729647999954], [139.34012454300012, -35.680292992999966], [139.3409384150001, -35.67647889799997], [139.34113101800006, -35.67648149499996], [139.34180971500007, -35.67338269399994], [139.3418157330001, -35.673351595999975], [139.34190331700006, -35.67289929599997], [139.34257712400006, -35.67290849699998], [139.3427962180001, -35.67162790499998], [139.34271282400005, -35.66864709299995], [139.34251782400008, -35.666456997999944], [139.34234553400006, -35.663902991999976], [139.34252652200007, -35.66216339799996], [139.34269352700005, -35.66106550199993], [139.34259272500003, -35.658962], [139.3426059200001, -35.65832039199995], [139.3443592220001, -35.65305529899996], [139.34486671700006, -35.65177870399998], [139.34525031900012, -35.64991759299994], [139.34521332100007, -35.64936699699996], [139.3453659260001, -35.64896299299994], [139.34532681500002, -35.648517099999935], [139.3455288250001, -35.64806149699996], [139.34564241900011, -35.64723789799996], [139.3454129260001, -35.6466847], [139.34528001900003, -35.64613269599994], [139.3454591210001, -35.64444549199993], [139.34497252200003, -35.644307897999965], [139.34459412600006, -35.643981792999966], [139.34427911800003, -35.64292309899997], [139.34457052100004, -35.64241209399995], [139.3445345230001, -35.64181569999994], [139.34478562100003, -35.64132139399993], [139.3452789260001, -35.640732293999974], [139.3457682180001, -35.640332995999984], [139.3454826210001, -35.64019149799998], [139.34539321700004, -35.63987589699997], [139.34531362300004, -35.63904959499996], [139.34497782200003, -35.63863249999997], [139.34448482300002, -35.63840299699996], [139.34419652600002, -35.637992993999944], [139.3441695460001, -35.63697949999994], [139.34416932600004, -35.63697099799998], [139.34409892600002, -35.63573229699995], [139.34429122200004, -35.63380299199997], [139.34449972100003, -35.63303309499997], [139.34500411400006, -35.63226729099995], [139.34599522100007, -35.631294399999945], [139.34641262000002, -35.63050119899998], [139.34647251800004, -35.629905994999945], [139.346084624, -35.62967149799994], [139.34561032400006, -35.629344094999965], [139.34537331900003, -35.62915749499996], [139.34620642400012, -35.623759492999966], [139.34569633500007, -35.62359529399998], [139.3455271140001, -35.62286599699996], [139.34588381900005, -35.62230119999998], [139.34587202300008, -35.62183589399996], [139.34561571900008, -35.621411199999955], [139.34544611900003, -35.62107189499994], [139.34545471800004, -35.62065079499996], [139.3450175260001, -35.620404098999984], [139.3447610190001, -35.619991493999976], [139.34503812000003, -35.61940559699997], [139.34516602500003, -35.617482], [139.34552172400004, -35.61740259399994], [139.3455301240001, -35.616993598999954], [139.34563382300007, -35.61624899199995], [139.34589801700008, -35.615578694999954], [139.34661882000012, -35.614926794999974], [139.34717761900004, -35.61426050799997], [139.3476472200001, -35.61360510199995], [139.3476608200001, -35.61294339699998], [139.3477604090001, -35.612427396999976], [139.34840902400003, -35.611690195999984], [139.348850523, -35.61169619599997], [139.34886581700005, -35.61095029099994], [139.349242623, -35.61054639399998], [139.3497236190001, -35.61007159299993], [139.35001062700007, -35.60973859199993], [139.34982371600006, -35.60949539799998], [139.35000772, -35.60917299499994], [139.35029322700007, -35.60887599499995], [139.35012531900009, -35.608452599999964], [139.35093271800008, -35.60787399499998], [139.35093962100007, -35.60753709399995], [139.35245922100012, -35.60671560099996], [139.35327181700006, -35.60588429499995], [139.35400361900008, -35.605388895999965], [139.35480932300004, -35.604894496999975], [139.35556031800002, -35.60460629999994], [139.3564658240001, -35.60435329099994], [139.3580242260001, -35.60426399299996], [139.3588315170001, -35.604158893999966], [139.35931772000004, -35.604204193999976], [139.35977092500002, -35.60390078299997], [139.3602210240001, -35.60405619499994], [139.36059602300008, -35.603906492999954], [139.36124872000005, -35.604108896999946], [139.36222342100007, -35.60408339899993], [139.36255302000006, -35.60385569399995], [139.36433312400004, -35.60351509999998], [139.36527932500007, -35.60356669799995], [139.36597730500011, -35.60384699799994], [139.36665552300008, -35.6037788], [139.3678958150001, -35.60402779499998], [139.3685448210001, -35.604075198999965], [139.36960222300002, -35.60463129599998], [139.37033402600002, -35.60495079699996], [139.37116112, -35.60485139399998], [139.37291992500002, -35.60488070599996], [139.373651117, -35.60489059699995], [139.373825419, -35.60462759699993], [139.3733025250001, -35.60438840099994], [139.3725111230001, -35.60404599699996], [139.37176902600004, -35.603250996999975], [139.37116852300005, -35.60247999799998], [139.3706533200001, -35.60185939499996], [139.37005931800002, -35.60111059299993], [139.36912402500002, -35.600523099999975], [139.3684536170001, -35.60020439799996], [139.36792212300008, -35.59974389399997], [139.36751122500004, -35.59932369599994], [139.36718231800012, -35.59883829199998], [139.36707422400002, -35.59818459699994], [139.3670534590001, -35.597416290999945], [139.3670533180001, -35.597410998999976], [139.3654893160001, -35.59639429999993], [139.36376011900006, -35.59529799799998], [139.36223962400004, -35.593844496999964], [139.36061512300012, -35.59329509899993], [139.359274324, -35.591799600999934], [139.35773472200003, -35.59061249499996], [139.3559702230001, -35.589090993999946], [139.35415831700004, -35.58806799799993], [139.3531826200001, -35.58710629799998], [139.3510489250001, -35.586478187999944], [139.3487612240001, -35.584849694999946], [139.3479254140001, -35.58473839199996], [139.34311492200004, -35.581860390999964], [139.3412520270001, -35.580387291999955], [139.33896861900007, -35.57856609899994], [139.33587331700005, -35.5763272], [139.33405372000004, -35.575703198999975], [139.33256073300004, -35.57489558899994], [139.3300727200001, -35.57371319199996], [139.32482602000005, -35.57214298899993], [139.3236177240001, -35.57151289999996], [139.3225354210001, -35.57069929599993], [139.31999052600008, -35.56971549799994], [139.31843831900005, -35.56884539299995], [139.31758882500003, -35.56814639899994], [139.31447532200002, -35.56685509899995], [139.31193331800011, -35.56492279999998], [139.30862971600004, -35.56268029399996], [139.30616912100004, -35.561048494999966], [139.3047449190001, -35.56034139399998], [139.30039482400002, -35.556864804999975], [139.295250419, -35.554289292999954], [139.29339511900002, -35.55291549399993], [139.29199371700008, -35.55234659599995], [139.28938993200006, -35.55051019299998], [139.28802851800003, -35.55014149699997], [139.2868320230001, -35.549375795999936], [139.28388532200006, -35.547237596999935], [139.2835653190001, -35.54753249999993], [139.28282842600004, -35.54772159899994], [139.28194250400009, -35.54755929299995], [139.28121062600007, -35.54709249399997], [139.27881242400008, -35.54382109599993], [139.27715002200011, -35.54324839399993], [139.27514602200006, -35.54273219399994], [139.27391162100002, -35.541716392999945], [139.27106512500006, -35.54107659699997], [139.26747101800004, -35.540675593999936], [139.2658590220001, -35.54020319399996], [139.26397231900012, -35.54032579799997], [139.25979902000006, -35.538530392999974], [139.25913281500004, -35.53787189499997], [139.25880071900008, -35.53626989999998], [139.25825771000007, -35.53476479599993], [139.25769841800002, -35.534007997999936], [139.25660651900012, -35.533692696999935], [139.25483901500002, -35.53356729199993], [139.25483041500001, -35.53396649699994], [139.2552838250001, -35.53477169599995], [139.255059823, -35.53546719499997], [139.25426631800008, -35.53585499299993], [139.25362871900006, -35.536294992999956], [139.2527358210001, -35.53643170599997], [139.25195701400003, -35.53617089499994], [139.25060941800007, -35.53515309199997], [139.24989612500008, -35.53415969599996], [139.24938981900004, -35.53354209299994], [139.24900091900008, -35.533040598999946], [139.24869862200012, -35.53223509399993], [139.2484347200001, -35.53146839699997], [139.24803832300006, -35.53130999699994], [139.24743651900008, -35.530805397999984], [139.24716671800002, -35.53034369599993], [139.2466898240001, -35.53018419699998], [139.24601282300011, -35.53005999199996], [139.2443940180001, -35.52973120299998], [139.2438003200001, -35.52945559699998], [139.2431709230001, -35.52898319999997], [139.24245702300004, -35.52868939299998], [139.24167442100008, -35.52791509799994], [139.24107911800002, -35.52771569199996], [139.2407635190001, -35.52752050099997], [139.24066102400002, -35.52700669799998], [139.2403921230001, -35.52650689199993], [139.23992081900008, -35.52611849899995], [139.23969272600004, -35.52558119199995], [139.23941151600002, -35.525329892999935], [139.238946918, -35.52555199899996], [139.23838242400006, -35.525772598999936], [139.23759371900007, -35.525875499999984], [139.23699841600012, -35.52567609499994], [139.23656472100004, -35.52540269799994], [139.2362117250001, -35.52509239799997], [139.23481151900012, -35.52296849399994], [139.23430032600004, -35.52257959999997], [139.23342871800003, -35.52222349899995], [139.23214011900006, -35.52170879499994], [139.23118102, -35.52169469699993], [139.23054582100008, -35.52149459999998], [139.22975661600003, -35.52102539899994], [139.22916661800002, -35.520558893999976], [139.22675482600005, -35.51934989499995], [139.22518671700004, -35.519136198999945], [139.22345802600012, -35.51895809599995], [139.22206802000005, -35.51851809699997], [139.22138951700003, -35.51846989499995], [139.2198576180001, -35.519057585999974], [139.2191317160001, -35.51931389199996], [139.21749472600004, -35.51891719399998], [139.21654971700002, -35.51826569499997], [139.21564051500002, -35.51749480099994], [139.210638119, -35.51589489199995], [139.20911402800004, -35.51610110599995], [139.20846932200004, -35.51605339499997], [139.2073819210001, -35.51580099399996], [139.20561791900002, -35.516003599999976], [139.20434272500006, -35.51583199799995], [139.2015469170001, -35.51628629199996], [139.20082172500008, -35.516542492999974], [139.2006143220001, -35.51688259699995], [139.20000472000004, -35.517331198999955], [139.19875332000004, -35.517846593999934], [139.19823302100008, -35.517876995999984], [139.19718382200006, -35.51832250199993], [139.19617362200006, -35.518498087999944], [139.19500541700006, -35.518595096999945], [139.19413502700002, -35.51816239899995], [139.19318361700005, -35.51780489999993], [139.19238001700012, -35.51737869699997], [139.191414419, -35.51676480399993], [139.19097712000007, -35.51607709599995], [139.19031032200007, -35.51489549599995], [139.1897762200001, -35.513759499999935], [139.18934702100012, -35.51329539899996], [139.18907701600006, -35.51254979699996], [139.1890322060001, -35.512153000999945], [139.1894374210001, -35.511921797999946], [139.1805818260001, -35.50440928099994], [139.1810876300001, -35.50517077799998], [139.1811633330001, -35.50532809799995], [139.18131079800003, -35.50563455599996], [139.1812994180001, -35.50613725599993], [139.18124072400008, -35.50690662499994], [139.18122160000007, -35.50754274199994], [139.181622209, -35.50780742099994], [139.18219150400012, -35.50810702499996], [139.18258832800007, -35.50853793599998], [139.18281519900006, -35.508989378999956], [139.1832916830001, -35.50940293599996], [139.18357369900002, -35.50991527399998], [139.18393899500006, -35.51077061899997], [139.18430840100007, -35.51140884599994], [139.18432852600006, -35.51201885299997], [139.18489383200006, -35.51249849399994]]]]}}, {"type": "Feature", "properties": {"name": "Mid Murray", "lga": "Mid Murray Council"}, "geometry": {"type": "MultiPolygon", "coordinates": [[[[139.85762069600003, -34.12062079799995], [139.85765099900004, -34.13604160199998], [139.85765180200008, -34.13629289599993], [139.8576537990001, -34.137320699999975], [139.85765699700005, -34.138949698999966], [139.85766030000002, -34.14058909999994], [139.8576623990001, -34.14167159799996], [139.85766440300006, -34.14267179799998], [139.85766509600012, -34.14303800099998], [139.85766929800002, -34.14513259599994], [139.8576714950001, -34.146240596999974], [139.85767469600012, -34.14785820399993], [139.85767680100003, -34.148981600999946], [139.85767800200006, -34.149516096999946], [139.85768799700008, -34.15054800199994], [139.85768049600006, -34.15078429799996], [139.8576898970001, -34.156590396999945], [139.8576933160001, -34.15871296599994], [139.8574740030001, -34.15871390199993], [139.85170519700011, -34.15873389799998], [139.8395097030001, -34.158772296999985], [139.81671370000004, -34.158840699999985], [139.806561503, -34.158870201999946], [139.8059068970001, -34.1588721], [139.74465469900008, -34.15903219599994], [139.7440001010001, -34.159033799999975], [139.72609789700005, -34.15907469599995], [139.711033702, -34.15910749999995], [139.66396830500003, -34.159196400999974], [139.66328889500005, -34.15919849699998], [139.6629425980001, -34.15919289799996], [139.6627703050001, -34.159192195999935], [139.6625262990001, -34.159190903999956], [139.6622092990001, -34.159192702999974], [139.66051680200007, -34.15920229699998], [139.6601528000001, -34.15920290099996], [139.6592516830001, -34.159204434999936], [139.65929999900004, -34.16006535199995], [139.65939816800005, -34.16064267499996], [139.65956477100008, -34.16129017299994], [139.659627472, -34.161655733999964], [139.65968608100002, -34.16191731099997], [139.65972776600006, -34.162103169999966], [139.65976807200002, -34.162236107999945], [139.65987578400006, -34.162592151999945], [139.65994799700002, -34.16298993199996], [139.66001930400012, -34.16342126899997], [139.6600530080001, -34.163762073999976], [139.65998038500004, -34.164114635999965], [139.65979830000003, -34.16451844699998], [139.65964553300012, -34.164922296999976], [139.65942450300008, -34.16531753499993], [139.6591545860001, -34.16571238599994], [139.6591504800001, -34.16571819699993], [139.65914625800008, -34.16572392799998], [139.65888620500004, -34.16607810399995], [139.65858757900003, -34.16644857999995], [139.65840574600008, -34.16671521799998], [139.65831817100002, -34.16684356799993], [139.65801977900003, -34.16719707599998], [139.6576241020001, -34.167525834999935], [139.65718090300004, -34.167780239999956], [139.6566695030001, -34.16801807], [139.65611080300005, -34.16824363899997], [139.6555703140001, -34.168472736999945], [139.6553635240001, -34.16854386499995], [139.65508940000007, -34.16863824099994], [139.65460805200007, -34.16880316099997], [139.6544511290001, -34.168846748999954], [139.65396140100006, -34.16898263599995], [139.6533338800001, -34.16916219899997], [139.6528427720001, -34.16935187699994], [139.6524290750001, -34.16959076399996], [139.65206400800002, -34.16983027699996], [139.65174779900008, -34.17007819599996], [139.65168811500007, -34.17013710899994], [139.651430408, -34.17039186499994], [139.65124978200004, -34.170705631999965], [139.6512325230001, -34.17079100899997], [139.65116489800005, -34.17112683499994], [139.65110999800004, -34.171507797999936], [139.651089597, -34.171811], [139.65107559800003, -34.17201803399996], [139.65094943200006, -34.17279585699998], [139.65087897, -34.173668401999976], [139.6507477020001, -34.174776700999985], [139.65056122900012, -34.17578941099998], [139.65054430300006, -34.17685190199995], [139.65052850400002, -34.17784310199994], [139.6504128030001, -34.17898710199995], [139.65039817500008, -34.17990730499997], [139.65041006800004, -34.180946166999945], [139.65024859800008, -34.18219558699997], [139.65023239100003, -34.18321047099994], [139.65009886200005, -34.18446019899994], [139.64997830400011, -34.185934448999944], [139.64976508300003, -34.186853001999964], [139.64951764900002, -34.18810150099995], [139.64935678100005, -34.18927990299994], [139.64902937700003, -34.190244596999946], [139.6488727960001, -34.190838603999964], [139.6488152810001, -34.19120999799998], [139.648600084, -34.192199], [139.64831950100006, -34.19303396999993], [139.6479936180001, -34.19385637399995], [139.6479931890001, -34.193857252999976], [139.64755578000006, -34.19460760099997], [139.64729989800003, -34.195296896999935], [139.6470575740001, -34.19561545199997], [139.64705713600006, -34.19561626199993], [139.64705680400004, -34.19561713899998], [139.6469466110001, -34.19598011299996], [139.64675697100006, -34.19660520499997], [139.646573675, -34.19740577399995], [139.64607687400007, -34.198273900999936], [139.64552559800006, -34.199023602999944], [139.64509123800008, -34.199790631999974], [139.64495840400002, -34.20011297399998], [139.64495742000008, -34.20011536299995], [139.64495643700002, -34.20011775199998], [139.6449053990001, -34.20024173799993], [139.6445414760001, -34.20079990499994], [139.6442069840001, -34.201284043999976], [139.6439117980001, -34.20178002499995], [139.643525102, -34.20229690299993], [139.64319008500001, -34.20281397799994], [139.64274497000008, -34.203400200999965], [139.64230368300002, -34.204014204999964], [139.64185127300004, -34.204562675999966], [139.64145067700008, -34.205133064999984], [139.64104966900004, -34.20566067899995], [139.64064300300004, -34.20630149599998], [139.64033432000008, -34.206786008999984], [139.63996001700002, -34.20734638199997], [139.6396243040001, -34.20790720799994], [139.63925010100002, -34.20846719999997], [139.63888829600012, -34.20902740099996], [139.63835045100006, -34.20965620299995], [139.6379375350001, -34.210139727999945], [139.63748590300008, -34.210601003999955], [139.6369958040001, -34.21087160199994], [139.6364270910001, -34.21149058699996], [139.63588518200004, -34.21192926899994], [139.63518647700005, -34.21234477799993], [139.6345931080001, -34.212707275999946], [139.6341817020001, -34.21308190099995], [139.63387487800003, -34.21349120199994], [139.63383070700002, -34.213876194999955], [139.6341083960001, -34.21453761199996], [139.634240298, -34.21527740299996], [139.63447277800003, -34.216048142999966], [139.63475040100002, -34.21670953199998], [139.63485080300006, -34.21700130599993], [139.63495699200007, -34.21731008499995], [139.63516799600006, -34.21784590599998], [139.63525697500006, -34.21807179799998], [139.63565147500003, -34.218893897999976], [139.63597370000002, -34.21975514899998], [139.63608118500008, -34.22006647599994], [139.63608177300011, -34.22006816499993], [139.636082406, -34.22006983399996], [139.6361991020001, -34.220321299999966], [139.6362524750001, -34.220561895999936], [139.63625314500007, -34.220564303999936], [139.63625382700002, -34.22056670899997], [139.6364150830001, -34.22122860799993], [139.63643407100005, -34.221306606999974], [139.6365294840001, -34.22175961199997], [139.63658988500003, -34.222046501999955], [139.63660829100002, -34.222172900999965], [139.6367414020001, -34.22308571299993], [139.63690103500005, -34.2237833], [139.63696581600004, -34.224065690999964], [139.6370907260001, -34.22463619999996], [139.63716740300003, -34.224985896999954], [139.6374174760001, -34.22584650199997], [139.63764600700006, -34.22661995799996], [139.637764607, -34.22687438199995], [139.63808487000006, -34.22752630799994], [139.63808576500003, -34.227528108999934], [139.63808667600006, -34.22752990299995], [139.63823390000005, -34.22781360799996], [139.638482704, -34.22829250399997], [139.63883208000004, -34.228974403999985], [139.63915729100006, -34.22963630299995], [139.63950066300004, -34.23044660099998], [139.6400043000001, -34.23143849799993], [139.6402530040001, -34.23158869899993], [139.64037170200004, -34.23184349699994], [139.64052930600008, -34.23247894299993], [139.64052970000012, -34.232480221999936], [139.6405301740001, -34.23248148199997], [139.6408133970001, -34.23332649599996], [139.64114489500002, -34.23421303899994], [139.6413281030001, -34.235118901999954], [139.64128818200004, -34.236083905999976], [139.64102699700004, -34.23696409699994], [139.64074170800006, -34.237782168999956], [139.64030868500004, -34.23850660399995], [139.64005250800005, -34.238810899999976], [139.6398804050001, -34.239015336999955], [139.63963690100002, -34.23947840099993], [139.63915049000002, -34.23988866999997], [139.639149717, -34.23988951299998], [139.63914894000004, -34.239890353999954], [139.63842060700006, -34.24062172899994], [139.63763768500007, -34.241619097999944], [139.6369090710001, -34.24233015599998], [139.6362547000001, -34.243082596999955], [139.6352980910001, -34.244119671999954], [139.6348250950001, -34.24470580099995], [139.63468940300004, -34.245077771999945], [139.633855594, -34.246156595999935], [139.633319206, -34.24721859899995], [139.63293410200004, -34.24811812799993], [139.6327464850001, -34.24926850199995], [139.63267779500006, -34.24973550399994], [139.63263160200006, -34.250325102999966], [139.63265857500005, -34.25092502999996], [139.63266308200002, -34.251402997999946], [139.63272226900006, -34.25197860299994], [139.63275935100012, -34.25248679599997], [139.63276085100006, -34.25250724699998], [139.63276235400008, -34.252527689999965], [139.63278655200008, -34.25262459499993], [139.63289999800008, -34.253078398999946], [139.633050399, -34.25363919999995], [139.6330990340001, -34.254054794999945], [139.6331147960001, -34.25418940199995], [139.6331264480001, -34.25430259799998], [139.63316716000008, -34.25469839999994], [139.63313388900008, -34.25510940099997], [139.6330772020001, -34.25580090099993], [139.63306629900012, -34.25586669799998], [139.63297799400004, -34.256397799999945], [139.63282002500011, -34.25692201099997], [139.63278718800007, -34.257031395999945], [139.63270301500006, -34.25728190899997], [139.63257416400006, -34.25766481499994], [139.63229453600002, -34.25827876699998], [139.63229251100006, -34.258283078999966], [139.63229045800006, -34.25828737799998], [139.63199730200006, -34.258945403999974], [139.6313882720001, -34.25956085599995], [139.6313804880001, -34.25956878499994], [139.63064299600012, -34.26016699799993], [139.6300261880001, -34.26073948299995], [139.62940702600008, -34.26138690299996], [139.62872279400005, -34.26183579699995], [139.62759256800007, -34.26229671599998], [139.62655699200002, -34.26282259799996], [139.62546220100012, -34.263457751999965], [139.62457524, -34.26414346599995], [139.62405439300005, -34.26464310099993], [139.623873752, -34.26520950499997], [139.624073801, -34.265764703999935], [139.62416059800012, -34.26628722499993], [139.62439748600002, -34.26692182499994], [139.62460631500005, -34.26731750199997], [139.6247668000001, -34.26762129799994], [139.6250197050001, -34.26806500799995], [139.62539908600002, -34.26881889999993], [139.6258208490001, -34.269557952999946], [139.62605200200005, -34.26985820999994], [139.6262771170001, -34.27015076299995], [139.62678097700007, -34.270837203999974], [139.62709428200003, -34.27136149699993], [139.62754977300006, -34.27200722699996], [139.62799947400003, -34.27261975399995], [139.62848909000002, -34.273172768999984], [139.62902510300012, -34.273819594999964], [139.62951447500006, -34.27437287399994], [139.6300370470001, -34.27487220299997], [139.63067304600008, -34.27531976299997], [139.6306746780001, -34.27532077799998], [139.63067636900007, -34.27532171299998], [139.6309940960001, -34.27552800099994], [139.63143688200012, -34.27568852699994], [139.63143885300008, -34.27568946499997], [139.63143986400007, -34.275689942999975], [139.63214767700003, -34.276024898999935], [139.6328526950001, -34.27630240299993], [139.63362568600007, -34.27658337999998], [139.6336346800001, -34.27658574199995], [139.63444899600006, -34.276799], [139.63503410200008, -34.27688560399997], [139.6357115950001, -34.27701710399998], [139.63648395100006, -34.277149891999954], [139.63659361200007, -34.277156737999974], [139.63718959100004, -34.27719120099994], [139.63800370500007, -34.2772679], [139.63866651000012, -34.277327911999976], [139.638722604, -34.27733283999993], [139.63874375500006, -34.277334561999965], [139.638764916, -34.277336153999954], [139.63886040300008, -34.27734336299994], [139.63886666000008, -34.277343832999975], [139.63887291800006, -34.27734430199996], [139.6394153990001, -34.27738531799997], [139.64007834900008, -34.277550804999976], [139.64022390000002, -34.277686195999934], [139.64032530500003, -34.27796790399998], [139.64061464400004, -34.278593041999954], [139.64072565800006, -34.27884089699995], [139.6409042990001, -34.27923961299996], [139.64114040100003, -34.28007159699996], [139.6412764590001, -34.28057820699996], [139.6413527950001, -34.28086230899993], [139.6413920130001, -34.281053294999936], [139.64149277900003, -34.28154370599998], [139.64151520200005, -34.28165290199996], [139.64147706300002, -34.28246130399998], [139.6413538700001, -34.28311450299998], [139.6413404960001, -34.28318570399995], [139.64105389700012, -34.28390849699997], [139.64084890100003, -34.284413395999934], [139.64056827900004, -34.28462827599998], [139.64056743300011, -34.28462927399994], [139.6405660250001, -34.284631410999964], [139.64018289800003, -34.28522644999998], [139.63964828200005, -34.28582212099997], [139.63886439700002, -34.28641529599997], [139.63835219800012, -34.28677360199998], [139.637906401, -34.28687300099995], [139.63721316600004, -34.287038303999964], [139.63711521400012, -34.287052062999976], [139.6365730880001, -34.28712867199994], [139.635816072, -34.28727187499993], [139.63504570100008, -34.28738217199998], [139.63404069600006, -34.28751129699998], [139.633242676, -34.28758054799994], [139.63264287800007, -34.28766369699997], [139.63256660500008, -34.28792603199997], [139.63266287700003, -34.28835599799993], [139.6327476030001, -34.28876435099994], [139.63282387000004, -34.28920436899995], [139.63292967600012, -34.289575198999955], [139.63304516900007, -34.28994571299995], [139.63311589700004, -34.29023219599998], [139.63319247100003, -34.29070420099998], [139.63327657500008, -34.29125353799998], [139.63340757600008, -34.29176450199998], [139.63364328500006, -34.29223381099996], [139.63389161100008, -34.29277650199998], [139.63454320300002, -34.29372044099995], [139.63511109600006, -34.294522005999966], [139.63525378100007, -34.29470676699998], [139.63537129700012, -34.29496239599996], [139.63563100400006, -34.295195097999965], [139.6361361170001, -34.295711799999935], [139.63613851500008, -34.29571410099993], [139.63614101400003, -34.29571630299995], [139.63665847700008, -34.29617203099997], [139.6375226980001, -34.29667869999997], [139.63821520400006, -34.297069703999966], [139.6386095370001, -34.29713059699998], [139.63972385500006, -34.29747743399997], [139.63992019800003, -34.297531111999945], [139.64081958500003, -34.29777710399998], [139.64201250600001, -34.29792057099996], [139.64307784400012, -34.298115579999944], [139.64427040300006, -34.29831132499993], [139.645208, -34.29841249999998], [139.64530411400006, -34.298557796999944], [139.6453268030001, -34.29866730599997], [139.64532433600004, -34.29919196299994], [139.6453243300001, -34.299201333999974], [139.64532437200012, -34.29921070499995], [139.6453020780001, -34.29925910099996], [139.64500898100005, -34.29989189999998], [139.6445014420001, -34.300594658999955], [139.64393796700006, -34.30134320099995], [139.64332360100002, -34.30190787099997], [139.64281831000005, -34.30249687899993], [139.64211715800002, -34.303243744999975], [139.6416109050001, -34.303924001999974], [139.64118731700012, -34.30455947199994], [139.64084420200004, -34.30535609699996], [139.64061060500012, -34.30615379599993], [139.6402512730001, -34.30691573099995], [139.63965869600008, -34.30777819699995], [139.63901108700009, -34.308640099999934], [139.6383492770001, -34.309264465999945], [139.63833025500003, -34.30927883199996], [139.63750329900006, -34.30990329699995], [139.6366115190001, -34.310533577999934], [139.63583039700006, -34.311142348999965], [139.63488306500005, -34.31179489599998], [139.63368670800003, -34.312513603999946], [139.6326004870001, -34.313278700999945], [139.63145849800003, -34.314020348999975], [139.6302875870001, -34.31487650399998], [139.6293394810001, -34.31555185299993], [139.6288916000001, -34.315972202999944], [139.62859120500002, -34.31639670399994], [139.62828596100007, -34.316676807999954], [139.62796448500012, -34.31697079099996], [139.62765979100004, -34.31724431199996], [139.62737108500005, -34.31753870099993], [139.6271059930001, -34.31796489799996], [139.62674016100004, -34.318376102999935], [139.62658949600007, -34.318551216999936], [139.62637456100003, -34.31880109999997], [139.62611765600002, -34.31911610499998], [139.62569399900008, -34.31960279699996], [139.62526850000006, -34.32009470199995], [139.6248219050001, -34.32061167499995], [139.62439820100008, -34.3211843], [139.6238258740001, -34.32179210199996], [139.62343137900007, -34.32236507799996], [139.622931407, -34.32307196099998], [139.62244849600006, -34.32360703299997], [139.62195290300008, -34.324043796999945], [139.62138829900005, -34.32454709599995], [139.62086247600007, -34.32500809299995], [139.62030657900004, -34.32551780399996], [139.6197804740001, -34.32599089699994], [139.61938670000006, -34.326563902999965], [139.61903639900004, -34.327125071999944], [139.61868770800004, -34.32763706099996], [139.6184187990001, -34.328168296999934], [139.61809700100002, -34.32881579899998], [139.6179109950001, -34.32930510199998], [139.61775337500012, -34.32992980299997], [139.61765548000005, -34.330469274999984], [139.61755707600003, -34.33104557499996], [139.6174344090001, -34.33168907099997], [139.61735119700006, -34.33220406999993], [139.6172237730001, -34.332767795999985], [139.61712437100005, -34.33344233299994], [139.61705490000008, -34.334031195999955], [139.61698830300008, -34.334859698999935], [139.6170072760001, -34.33548640099997], [139.6170258830001, -34.33617449899998], [139.61701497100012, -34.33683780399997], [139.61710659400012, -34.33758820299994], [139.61724890400012, -34.33827161299996], [139.6173715980001, -34.338911795999934], [139.61746440700006, -34.33958850399995], [139.61751220400004, -34.340277], [139.61753187800002, -34.340903699999956], [139.6174908700001, -34.341578899999945], [139.61740630200006, -34.34221669999994], [139.61725497700002, -34.34278630199998], [139.61704647300007, -34.343729801999984], [139.61680589800005, -34.34489417499998], [139.61664188200007, -34.345862772999965], [139.61653529800003, -34.34693039899997], [139.6164356820001, -34.34778337199998], [139.6164695980001, -34.34840409599997], [139.6164859800001, -34.34898096799998], [139.6165390640001, -34.34951436899996], [139.6166134030001, -34.35007433699997], [139.6167018960001, -34.35056430399993], [139.61678960000006, -34.35114189999996], [139.61694819600007, -34.35166190499996], [139.61717727500002, -34.35215359899996], [139.61739430700004, -34.35263484799998], [139.61767678500007, -34.353097832999936], [139.61804797900004, -34.35354730499995], [139.6183935790001, -34.35393803399995], [139.6187738000001, -34.35432914599994], [139.6191983020001, -34.35475727299996], [139.61956966800005, -34.35519207599998], [139.6199230630001, -34.35560481099998], [139.62020817100006, -34.355956968999976], [139.62089340300008, -34.35652210199993], [139.62164527900006, -34.357088071999954], [139.62246570500008, -34.357617595999955], [139.62318950500003, -34.357988070999966], [139.62407896900004, -34.35836960199998], [139.62501327300004, -34.358751766999944], [139.62608126600003, -34.35922839799997], [139.62703710900007, -34.35966640299995], [139.6279475020001, -34.3601412], [139.62881399700007, -34.36059679299996], [139.62937999700011, -34.36102130299997], [139.62981908100005, -34.361565], [139.63010090000012, -34.36216280299993], [139.63006539700007, -34.362961396999935], [139.62996240400003, -34.36377789799997], [139.62977158, -34.364481904999934], [139.6294485730001, -34.3650728], [139.62909178200005, -34.36578419899996], [139.62871720200008, -34.36674626499996], [139.6283230990001, -34.36757797399997], [139.62799580700005, -34.368391875999976], [139.627645582, -34.36927990499993], [139.62740618300006, -34.37020629699998], [139.62716047100002, -34.37097460499996], [139.62692177600002, -34.37190110499995], [139.62661597500005, -34.37277100099993], [139.62637619800012, -34.373716], [139.6259613730001, -34.37443600499995], [139.6256316670001, -34.37543569999997], [139.62523676900003, -34.37626739899997], [139.62474319700004, -34.37710730099997], [139.62434770000004, -34.378013375999956], [139.62395037700003, -34.37903089099996], [139.62371180200012, -34.37990150299993], [139.6234483730001, -34.38092050399996], [139.6232096020001, -34.38184697199995], [139.62304479400007, -34.382529200999954], [139.62289428300005, -34.382920344999945], [139.62273216500012, -34.38335420599998], [139.62257076800006, -34.38378790399997], [139.62249186400004, -34.38420553299994], [139.622388977, -34.38463559999997], [139.62228950400004, -34.385061495999935], [139.6221590780001, -34.38547], [139.6220483730001, -34.38592139899998], [139.62195867800006, -34.386373101999936], [139.6218275970001, -34.38682430399996], [139.62170378100006, -34.387288302999934], [139.62156287900007, -34.387713797999936], [139.62143216900006, -34.38813930099997], [139.6212806000001, -34.38859029699995], [139.6211809, -34.38903329599998], [139.62103987500006, -34.38946729699995], [139.62090900300007, -34.38990139899994], [139.62080957600006, -34.390327370999955], [139.62064917600003, -34.39069886999994], [139.62037227200005, -34.39133290299998], [139.62004970400005, -34.39188847499997], [139.61966270000005, -34.392521295999984], [139.61932509500002, -34.39303769999998], [139.61891638200007, -34.39358699799993], [139.6185149800001, -34.394141601999934], [139.61806667100007, -34.394695697999964], [139.61760329800006, -34.39521069899996], [139.61729680100007, -34.395740298999954], [139.6170995970001, -34.39628430399995], [139.6170584770001, -34.396881994999944], [139.61720580400004, -34.39742980199998], [139.61726806500008, -34.397945395999955], [139.61727298000005, -34.39859559799993], [139.61731089600005, -34.39918129599994], [139.6173158780001, -34.39983150499995], [139.6173212770001, -34.40045576899996], [139.61732877600002, -34.40095000599996], [139.61732237700005, -34.40134010199995], [139.61725057600006, -34.40185939899993], [139.61711030200001, -34.40228165899998], [139.61707199800003, -34.40271040099998], [139.61701529800007, -34.40330789999996], [139.61689530500007, -34.403943701999935], [139.616790572, -34.40456677099996], [139.61668559800012, -34.40524179199997], [139.616597382, -34.40585197699994], [139.6164621790001, -34.40642259699996], [139.6163197840001, -34.406974900999955], [139.6161989960001, -34.40766269899996], [139.6161245840001, -34.408338098999934], [139.6160517950001, -34.40896149799994], [139.61601030400004, -34.409585196999956], [139.61596890700002, -34.410195948999956], [139.61597470000004, -34.410794203999956], [139.61596460200008, -34.41140524699995], [139.61591559800002, -34.41198460299995], [139.61585949800008, -34.41254309999994], [139.61581970500004, -34.41306280099997], [139.61576350100006, -34.413621399999954], [139.61569240300003, -34.41414069899997], [139.61565319500005, -34.41458239899998], [139.6156151020001, -34.41499810399995], [139.61548220200007, -34.41546470199995], [139.61541089800005, -34.415958100999944], [139.61537009500012, -34.41652979799994], [139.615299412, -34.41702319899997], [139.6151496980001, -34.41752859999997], [139.61497790300007, -34.417961745999946], [139.61477400500007, -34.418409303999965], [139.614604406, -34.41892420099998], [139.61430700100004, -34.419428134999976], [139.61406770200006, -34.419961403999935], [139.6139016950001, -34.420538499999964], [139.61360680400003, -34.420937196999944], [139.6133921070001, -34.42133674899998], [139.61327039700006, -34.42174689899997], [139.61312388500005, -34.42221429699998], [139.61285010500012, -34.42268970099997], [139.61255750600003, -34.423274997999954], [139.61231800200005, -34.42381784], [139.61201939900002, -34.424398303999965], [139.6117322990001, -34.42501710199997], [139.61145140300005, -34.425592997999956], [139.61120190000008, -34.42604], [139.61099607100005, -34.42660234899995], [139.61088200300003, -34.427204048999954], [139.61079209000002, -34.42774860199995], [139.61067770300008, -34.42836939799997], [139.6105933980001, -34.42894749699997], [139.61056030100008, -34.42954999899996], [139.61050440500003, -34.43013320199998], [139.61047199900008, -34.43068800799995], [139.61045640400005, -34.431305134999945], [139.61046998300003, -34.431879496999954], [139.610482498, -34.432521003999966], [139.61048429800007, -34.43311439799993], [139.61038740300012, -34.433749698999975], [139.6104578060001, -34.43434393699994], [139.6105033980001, -34.43508143699995], [139.6105503010001, -34.43574240099997], [139.61057470100002, -34.43636479699995], [139.61047739800006, -34.43701929699995], [139.61054790000003, -34.43765180099996], [139.61068770100007, -34.43824673499995], [139.61090910100006, -34.43884270299998], [139.61099119800008, -34.43947534599994], [139.611064198, -34.44011809799997], [139.61116760200002, -34.440941202999966], [139.61123900200005, -34.44188490099998], [139.61119659700012, -34.44268220399994], [139.61118539900008, -34.44335893899995], [139.61108510500003, -34.44415563399997], [139.61104389700006, -34.44488039999993], [139.6108273970001, -34.44562740099997], [139.61069439900007, -34.44659283699997], [139.61053560300002, -34.447388832999934], [139.61028630500005, -34.44835299499994], [139.61012210700005, -34.449439032999976], [139.60985880300007, -34.450589039999954], [139.60970779800004, -34.45124269899998], [139.60959469400007, -34.45190729799998], [139.60948090500005, -34.452614248999964], [139.60937100400008, -34.453337001999955], [139.6093346030001, -34.45401313799994], [139.6093306020001, -34.45425429799997], [139.60932369800003, -34.454668337999976], [139.6093512980001, -34.45530290099998], [139.6093657990001, -34.455947900999945], [139.6094336960001, -34.456736097999965], [139.60955120000006, -34.45736109999996], [139.60973359600007, -34.45789169699998], [139.609811497, -34.458569101999956], [139.60983170200006, -34.45915600199993], [139.60984690300006, -34.45975864899998], [139.6097847000001, -34.46043450899998], [139.6097136950001, -34.460898800999985], [139.6095514970001, -34.46144659699996], [139.60940060400003, -34.46205793699994], [139.60925479800005, -34.462642932999984], [139.60907980000002, -34.46322230399994], [139.60886729600008, -34.463727296999934], [139.6086543020001, -34.46426390199997], [139.608415, -34.46482143299994], [139.60819010400007, -34.46529460399995], [139.60797919900006, -34.46570440299996], [139.60766830400007, -34.465986244999954], [139.60735600100008, -34.46635260099998], [139.60700489700002, -34.46676090099993], [139.60668200300006, -34.467152631999966], [139.606367803, -34.46742450299996], [139.6059768980001, -34.467732996999985], [139.6055335960001, -34.468034700999965], [139.6051283050001, -34.46834933799994], [139.6050613220001, -34.468401], [139.6047643060001, -34.46863000399998], [139.60447339900009, -34.468895902999975], [139.60409590400002, -34.46929219499998], [139.60361989500007, -34.46976250199998], [139.603167406, -34.47017053899998], [139.6028720060001, -34.470464436999976], [139.60257859900003, -34.47083673299994], [139.60225510100008, -34.471177299999965], [139.60209040200004, -34.47154479899996], [139.6018745990001, -34.472039998999946], [139.6017776000001, -34.47242700299995], [139.60166410500005, -34.47287019999993], [139.6015495040001, -34.473375895999936], [139.60145470100008, -34.47387874299994], [139.60140650000005, -34.47452299899993], [139.6013361030001, -34.47511063899998], [139.60117080300006, -34.47551563999997], [139.60096839800008, -34.47585760299995], [139.6007806760001, -34.47621859999998], [139.60062720700012, -34.47644667399993], [139.6013010800001, -34.476446504999956], [139.6015341320001, -34.476447107999945], [139.6019549010001, -34.47644688599996], [139.60237558100005, -34.47644660399993], [139.62024072400004, -34.476439900999935], [139.62092930400001, -34.47643959699997], [139.62510329500003, -34.47643779799995], [139.6254297810001, -34.47643760099993], [139.6335725460001, -34.4764336], [139.63490652200005, -34.476432811999985], [139.65454569400003, -34.47642059899994], [139.65513759600003, -34.476420195999935], [139.68150950200004, -34.476398597999946], [139.68401400400012, -34.47639629599996], [139.68428130300003, -34.476396], [139.69513649700002, -34.47638530199998], [139.71832850300007, -34.47635900299997], [139.7189856000001, -34.476358199999936], [139.7582838930001, -34.47631881799998], [139.75828469700002, -34.47682740099998], [139.75834789600003, -34.514492203999964], [139.7583631010001, -34.52359580099994], [139.75837970100008, -34.53360989999993], [139.7583804940001, -34.53415379899997], [139.7584521990001, -34.577506900999936], [139.75845260000006, -34.577689300999964], [139.75847599600002, -34.591953699999976], [139.758500399, -34.60681479999994], [139.75850129600008, -34.60735809799996], [139.7585246000001, -34.621641602999944], [139.75855169500005, -34.63822709599998], [139.7585517870001, -34.6383192399999], [139.758551903, -34.638411], [139.75857100100006, -34.65010700299996], [139.75859500500007, -34.66489460299994], [139.758590829, -34.664983365999944], [139.75858650200007, -34.66507529599994], [139.75864019300002, -34.69292009399993], [139.75864400400008, -34.693619996999985], [139.75907611700006, -34.77403522499998], [139.75925257000006, -34.80680972299996], [139.75925298200002, -34.80688103499995], [139.75957902100004, -34.86742926499994], [139.75957950800012, -34.86751958699995], [139.75957999900004, -34.86761059699995], [139.75935999600006, -34.86760990099998], [139.7497600050001, -34.86761070399996], [139.7455935050001, -34.86761070199998], [139.741529699, -34.86761070899996], [139.73716720000004, -34.86761049699993], [139.73633700400012, -34.86761039999993], [139.7263987030001, -34.86760930299994], [139.70384615500006, -34.86760382199998], [139.67718069700004, -34.86759179799998], [139.65754399600007, -34.86757929999993], [139.65679860400007, -34.86757879999993], [139.65591041000005, -34.86757813], [139.6558727790001, -34.867578100999935], [139.64628129900007, -34.867570702999956], [139.63524810100012, -34.867559376999964], [139.63508419900006, -34.867559196999935], [139.63472750000005, -34.86756069799998], [139.63358058200004, -34.86755964799994], [139.6342680040001, -34.86837634799997], [139.63478253800008, -34.86966069799996], [139.63513404600008, -34.870571233999954], [139.6352539300001, -34.87072393899996], [139.63607313300008, -34.87176740499996], [139.63810184200008, -34.87358024599996], [139.64119420300005, -34.876165767999964], [139.6423251330001, -34.877416799999935], [139.64316709600007, -34.878584101999934], [139.64375409500008, -34.87969679799994], [139.6442852030001, -34.881004100999974], [139.64434086900008, -34.88151684299993], [139.64442193500008, -34.88226354999995], [139.64427329900002, -34.88332470399996], [139.64368099700005, -34.88414229799997], [139.64285424500008, -34.88480540699993], [139.6418694990001, -34.885488547999955], [139.6407024990001, -34.88603944499994], [139.63908940400006, -34.88652019699998], [139.63748044600004, -34.88674080099997], [139.6358731030001, -34.88687453399996], [139.63363960200002, -34.88688109499998], [139.6331214160001, -34.88683415699995], [139.6333370870001, -34.88747780399996], [139.63344050600006, -34.88778680299998], [139.63356533500007, -34.88817278899995], [139.63444320100007, -34.89088669699993], [139.63460509900005, -34.89140639999994], [139.6347823970001, -34.89194950399997], [139.63476407000007, -34.89195015399997], [139.63409969500003, -34.89197370299996], [139.6339379950001, -34.89143139799995], [139.63363820200004, -34.891442695999956], [139.63110400200003, -34.89289520099993], [139.62969671300004, -34.89262134599994], [139.62969798400002, -34.892237646999945], [139.62842310400003, -34.89236165099993], [139.623934372, -34.893295611999974], [139.62311788500006, -34.893923315999984], [139.62283549300003, -34.894141429999934], [139.6225720010001, -34.89434433499997], [139.62197730000003, -34.89480230099997], [139.62141170000007, -34.89523849899996], [139.62023169600002, -34.89614719299993], [139.61956067500012, -34.89668150899996], [139.6195607960001, -34.896950699999934], [139.61956149700006, -34.90089990399997], [139.61956159800002, -34.901256504999935], [139.6195649980001, -34.91956389799998], [139.61956670200004, -34.92951751299995], [139.61956828300004, -34.93854340099995], [139.619568296, -34.93872489699993], [139.61957078600005, -34.953125195999974], [139.61957300500012, -34.966648702999976], [139.61957300300003, -34.96683169199997], [139.57553055900007, -34.96695543399994], [139.5754677970001, -34.96695558099998], [139.4838984710001, -34.967160098999955], [139.4655597100001, -34.967193502999976], [139.46554068600005, -34.96755392099993], [139.46554695100008, -34.97023406999995], [139.4655817690001, -34.98514453799993], [139.46562552300009, -35.00396928899994], [139.46540510500006, -35.003969704999975], [139.46532091300003, -35.02392400399998], [139.45168330400008, -35.02393480199993], [139.4471236070001, -35.02393810499996], [139.43646424000008, -35.02394506699994], [139.4282473280001, -35.023949810999966], [139.424178105, -35.02395197399994], [139.39583370600008, -35.02396309899996], [139.39516110500006, -35.02385070899993], [139.39143340100009, -35.023853299999985], [139.39141970600008, -35.02989800299997], [139.39141870700007, -35.02998120299998], [139.39141630100005, -35.02998121799993], [139.38160930300012, -35.03001770199995], [139.38126411000007, -35.03002334599995], [139.38094740500003, -35.03002854799996], [139.37515660600002, -35.03002540799997], [139.3739673120001, -35.02983180899997], [139.37215791000006, -35.029638002999945], [139.3669697040001, -35.03013520099995], [139.3665522980001, -35.028730104999966], [139.36600770400003, -35.02696199799993], [139.36561461000008, -35.02575690799995], [139.36511230700012, -35.02470500199996], [139.3646099990001, -35.023654903999955], [139.364294007, -35.023075312999936], [139.3638737000001, -35.02217179699994], [139.3634100060001, -35.02131229399998], [139.36290420600005, -35.02043680399993], [139.36258520700005, -35.01989590399995], [139.36205010600008, -35.01895789799994], [139.36148760700007, -35.018091211999945], [139.36094530800005, -35.017279092999956], [139.36047710000003, -35.01654679899997], [139.36000509100006, -35.015832588999956], [139.35957909800004, -35.01533790399998], [139.359182, -35.01478010799997], [139.3586707060001, -35.01419190399997], [139.35808140500012, -35.013379698999984], [139.3574614050001, -35.012608703999945], [139.35680740500004, -35.01193610599995], [139.35634450100008, -35.011457905999976], [139.35565630000008, -35.01065960899996], [139.35484460100008, -35.00984259299997], [139.354540207, -35.009510499999976], [139.3541689980001, -35.00910549699995], [139.35352909800008, -35.00853230299998], [139.35276151800008, -35.00768950099996], [139.3518434010001, -35.00680490599996], [139.35120170400012, -35.00632880399996], [139.35069989700003, -35.005848198999956], [139.349884, -35.00513300499995], [139.3488949990001, -35.00435320199995], [139.348044608, -35.00376279999995], [139.34724730100004, -35.00303460199996], [139.3462860090001, -35.00225509899997], [139.3454463050001, -35.001583101999984], [139.3448658090001, -35.00114169799997], [139.3442132980001, -35.00063249799996], [139.34332700800007, -34.99999939899993], [139.34235191800008, -34.99922160699998], [139.34169240800009, -34.99872059799998], [139.3412586060001, -34.99839760399993], [139.34051370100008, -34.99780600099996], [139.33974130600006, -34.99721401199997], [139.3389131030001, -34.99654580099997], [139.33831020500008, -34.99608140399994], [139.33756410600006, -34.99544071199995], [139.33685310200008, -34.99487599899993], [139.33621520000008, -34.994444500999975], [139.33550150300005, -34.99399159799998], [139.33486630400012, -34.99343099899994], [139.33408821000012, -34.99283399799998], [139.33334320500012, -34.99237540099995], [139.3322407060001, -34.991833001999964], [139.33110220700007, -34.991299900999934], [139.3301467000001, -34.99059700399994], [139.32930380800008, -34.989654], [139.32912812200004, -34.98939770399994], [139.32839690800006, -34.98833079899998], [139.32763849900005, -34.98676820399993], [139.3271681010001, -34.98517509799996], [139.32699390100004, -34.98373549899998], [139.32698399900005, -34.98245920399995], [139.32702513900006, -34.981311095999956], [139.32595417900006, -34.98131338899998], [139.32561202400007, -34.98131398299995], [139.32535532200006, -34.981314183999984], [139.3207979870001, -34.98131564399995], [139.32074142600004, -34.98131567399997], [139.32061197400003, -34.98131571099998], [139.31901096800004, -34.98131620299995], [139.31889392800008, -34.98131626399993], [139.31817511500003, -34.981302410999945], [139.31034137100005, -34.98130621699994], [139.3037885970001, -34.98130690299996], [139.30353293100006, -34.98129088699994], [139.29592417800006, -34.98124785099998], [139.29558489700003, -34.981233473999964], [139.29524417200003, -34.98121902599996], [139.2871670830001, -34.98119693199993], [139.27392396800008, -34.98115954999997], [139.26901127300005, -34.98114604099993], [139.2688127770001, -34.98114783199998], [139.26443000900008, -34.98114309099998], [139.26376296400008, -34.98113640199995], [139.25277837400006, -34.981108726999935], [139.24624331600012, -34.98109052099994], [139.23372517300004, -34.981054710999956], [139.2334987900001, -34.98106194999997], [139.2332724050001, -34.981069186999946], [139.22527720100004, -34.981051280999964], [139.22502430100008, -34.98107920299998], [139.21250235800005, -34.98101350299993], [139.20230840800002, -34.98095900499993], [139.19105545000002, -34.98089780799995], [139.18473310100012, -34.98086301199993], [139.18449168100005, -34.98085058299995], [139.17947202300002, -34.98083189799996], [139.1806064750001, -34.98392639799994], [139.18060631800006, -34.98393210199998], [139.18059118500003, -34.98452378999997], [139.1803719940001, -34.99222100399993], [139.17977698800007, -34.994127385999946], [139.17756190000011, -34.99569508299993], [139.1770018740001, -34.995806752999954], [139.17637407300003, -34.995919371999946], [139.17633143900002, -34.99592033799996], [139.17436040100006, -34.99596510699996], [139.1737541000001, -34.99597890299998], [139.17331370700003, -34.99598889999993], [139.17176768100012, -35.00593283699993], [139.1717672860001, -35.00593538099997], [139.16673182400007, -35.00308589799994], [139.15713230200004, -34.997652597999945], [139.1568479010001, -34.997492903999955], [139.15126130500005, -34.99432189899994], [139.14680719500006, -34.99179339799997], [139.14554730400005, -34.99107819699998], [139.1404317240001, -34.988173684999936], [139.13809170900004, -34.98684515699995], [139.13475250500005, -34.9849490899999], [139.1308421870001, -34.98272838199995], [139.1285890690001, -34.98144876599997], [139.1283818060001, -34.98134539899996], [139.12229849300002, -34.97789137299998], [139.1180781820001, -34.97549480099997], [139.11447368100005, -34.97344743499997], [139.11361768900008, -34.97296130099994], [139.10972538800002, -34.97075078599994], [139.10485770000003, -34.96798570599998], [139.1017223020001, -34.966204405999974], [139.1008626030001, -34.96571620299994], [139.09884715500004, -34.96457144499993], [139.09450910100009, -34.962106689999985], [139.09425280200003, -34.961977686999944], [139.09262221100005, -34.961047108999935], [139.0898133070001, -34.95944400199994], [139.08923148700012, -34.95912990399995], [139.0882964970001, -34.95859819499998], [139.08379018100004, -34.95603511099995], [139.0834564280001, -34.95584527099993], [139.0810755130001, -34.954490988999964], [139.08016491800004, -34.953973005999956], [139.07934022200004, -34.953503884999975], [139.07601760600005, -34.951613598999984], [139.06428029800009, -34.944934804999946], [139.06409158400004, -34.94482160399997], [139.05694868600006, -34.94088168099995], [139.05676236700003, -34.94077927099994], [139.048283684, -34.936073576999945], [139.04818581300003, -34.93602174999995], [139.0480880880001, -34.935970001999976], [139.03549110300003, -34.928983512999935], [139.0354344010001, -34.92895206099996], [139.03495707800005, -34.92868728199994], [139.03495280000004, -34.928684922999935], [139.03494593400012, -34.92868109699998], [139.03458470500004, -34.928480702999934], [139.0311087870001, -34.92655231699996], [139.0309061910001, -34.92642291499993], [139.03055287400002, -34.92623407599996], [139.03054787100007, -34.92623066799996], [139.030335798, -34.92608620599998], [139.030326026, -34.92608068099997], [139.03032495700006, -34.92608007399997], [139.0213414000001, -34.921000585999934], [139.021142187, -34.92089650599996], [139.02113099100006, -34.92089001299996], [139.01913828400006, -34.919734475999974], [139.01900409300004, -34.91965662399997], [139.01891378800008, -34.91962313299996], [139.01879819300007, -34.91958028999994], [139.00878600300007, -34.913878], [139.0086064420001, -34.913774358999945], [139.00372501900006, -34.91100307499994], [138.99745510500009, -34.90744290999993], [138.99737026600008, -34.90739500199993], [138.9900986350001, -34.90328775299997], [138.9838318420001, -34.89975823499998], [138.9831081860001, -34.89935061699998], [138.9793447400001, -34.89723066199997], [138.97520835300008, -34.894900432999975], [138.9751219750001, -34.89482434699994], [138.97594117500012, -34.892699248999975], [138.97766473700005, -34.89162976299997], [138.97813362700003, -34.88827602499998], [138.9800123000001, -34.88574888699998], [138.9807610150001, -34.88297293299996], [138.97982645700006, -34.882028710999975], [138.97844909800006, -34.88063709399995], [138.9771318600001, -34.87837017399994], [138.9755369400001, -34.87792085199993], [138.97516003500004, -34.87757740199993], [138.9838702520001, -34.878538849999984], [138.98941724200006, -34.879002371999945], [138.98942493800007, -34.87900300899997], [138.9905190920001, -34.877417692999984], [138.99180093200005, -34.876143249999984], [138.99158393300002, -34.87478184799994], [138.9933239390001, -34.87355769299995], [138.99669618400003, -34.873563856999965], [138.99790925000002, -34.873113656999976], [138.99892573800003, -34.87273638599993], [138.99841717100003, -34.87135508699998], [138.999042862, -34.87012128199996], [139.00089233800009, -34.86982782899997], [139.00175822500012, -34.86878736099993], [139.00196725500007, -34.86878685399995], [139.00293993200012, -34.86794972299998], [139.00382682200006, -34.86690866299995], [139.0041892580001, -34.866914848999954], [139.00576090900006, -34.86654090299993], [139.00662687600004, -34.86633486599993], [139.0067660090001, -34.86628868099996], [139.007589864, -34.86601523099995], [139.0081809930001, -34.86573987099996], [139.0085227610001, -34.865580697999974], [139.00907480600006, -34.86368064399994], [139.00794065500008, -34.86188621799994], [139.00710810300006, -34.86056909799993], [139.0054125910001, -34.858220048999954], [139.00540991700007, -34.85821867799996], [139.00306125200007, -34.85686966199995], [139.00309582400007, -34.856781930999944], [139.00391671400007, -34.854697192999936], [139.00288627800012, -34.852732637999964], [139.001910306, -34.850871936999965], [139.00314401700007, -34.849266925999984], [139.00498209300008, -34.84785625099994], [139.00568978700005, -34.84693166599993], [139.00691601500012, -34.84127284999994], [139.00297617800004, -34.83852484999994], [139.00287622300004, -34.83634881399996], [139.0026376940001, -34.83587493699997], [139.00155702300003, -34.834622252999964], [139.0014397330001, -34.83462031899995], [139.00146147600003, -34.83451150899998], [139.00147727500007, -34.83443242599998], [139.00159627800008, -34.833836797999936], [139.00188581500004, -34.83238761399997], [139.00268490500002, -34.83178487499998], [139.0034216990001, -34.83122911399994], [139.00500573700003, -34.83117978699994], [139.00703093700008, -34.83155372099998], [139.0079537790001, -34.83200616899995], [139.00842977700006, -34.83230709299994], [139.01019933200007, -34.83234293299995], [139.01287718900005, -34.83137193299996], [139.01418878700008, -34.83158138099998], [139.0150049330001, -34.83110934499996], [139.01628269200012, -34.83097103099993], [139.0171280200001, -34.830489032999935], [139.01718987700008, -34.83045378399993], [139.0188640890001, -34.82949915499995], [139.01913036200006, -34.8293472899999], [139.018972178, -34.82827692999996], [139.0196577790001, -34.826976172999935], [139.02084225900012, -34.82577885499995], [139.02210301600007, -34.825483246999966], [139.022116868, -34.82545334499997], [139.02280482900005, -34.825220713999954], [139.02421161900008, -34.824411521999934], [139.02435060800008, -34.82422540799996], [139.02510753400009, -34.82321184399996], [139.02744401600012, -34.82369421699997], [139.02741512900002, -34.82471400299994], [139.02740709500006, -34.82499777099997], [139.02854422100006, -34.82496020999997], [139.03068725700007, -34.825193257999956], [139.03278910400002, -34.82418185599994], [139.03430170700005, -34.824135009999964], [139.03498129600007, -34.82336840499994], [139.03514483700008, -34.82318391599995], [139.03591758100004, -34.822855053999945], [139.0373260870001, -34.823293373999945], [139.03888564400006, -34.822443146999944], [139.03900818900001, -34.82151718399996], [139.04003800700002, -34.820135092999976], [139.04059194900003, -34.82010955599998], [139.04093700700003, -34.819119360999935], [139.04127688000005, -34.81869390399993], [139.04152860700003, -34.8183787899999], [139.04307067700006, -34.81748487799996], [139.04357430100004, -34.81719292099996], [139.04400377500008, -34.81582110499994], [139.0439244260001, -34.81580257799993], [139.04189658500002, -34.815328747999956], [139.041773755, -34.81533773199993], [139.04281977300002, -34.81435559099998], [139.04320109800005, -34.81399755399997], [139.0438956060001, -34.81334545699997], [139.043920264, -34.81332229599997], [139.0443233520001, -34.81142341999998], [139.04432362500006, -34.81142213199996], [139.04440792700007, -34.81102500099996], [139.04431926900008, -34.810402445999955], [139.04428068800007, -34.81013153999993], [139.04428008000002, -34.810127773999966], [139.04458461000002, -34.809713398999975], [139.04458785300005, -34.80970898199996], [139.04458841400003, -34.80970821799997], [139.0445889870001, -34.809707438999965], [139.04548951200002, -34.808482106999975], [139.04531486100007, -34.80785932499998], [139.05592100900003, -34.79819516099997], [139.0586486950001, -34.80019508099997], [139.06054288300004, -34.79845987199997], [139.06292579, -34.79627693799995], [139.06717980700012, -34.792379669999946], [139.06549732700012, -34.79116507799995], [139.0798105440001, -34.77752373499993], [139.08053151500008, -34.77683660699995], [139.08053056800009, -34.77683580299998], [139.0804479090001, -34.77676572299998], [139.07593909900004, -34.77335318599995], [139.07605980900007, -34.77323837299997], [139.07623447600008, -34.773046001999944], [139.07904754600008, -34.77039070999996], [139.07906069400008, -34.77037829899996], [139.08141771300006, -34.76835729499993], [139.0827885120001, -34.76863974599996], [139.08389045800004, -34.768866800999945], [139.08415980600012, -34.76753590699997], [139.084146034, -34.76752823199996], [139.08413219700003, -34.76752050899995], [139.0847506240001, -34.765378], [139.08477900600008, -34.765273107999974], [139.0862376020001, -34.766331683999965], [139.08625086900008, -34.766209199999935], [139.0863126380001, -34.76563896099998], [139.08634664600004, -34.765324961999966], [139.08700517400007, -34.75924477799998], [139.09547279800006, -34.75989990199997], [139.10240472400005, -34.760436219999974], [139.1025487270001, -34.76044697499998], [139.11146702700012, -34.76111264599996], [139.1205715110001, -34.76179220499995], [139.12342261000003, -34.76199990999993], [139.123480523, -34.761910532999934], [139.12977147200002, -34.76235190299997], [139.13269281700002, -34.76255661899995], [139.13542271500012, -34.762748002999956], [139.13542277200008, -34.76274800699997], [139.13545311500002, -34.76275013299994], [139.13829919600005, -34.76294952199993], [139.1384080030001, -34.76295784499996], [139.13778371900003, -34.76928797199997], [139.13775385000008, -34.769590721999975], [139.13992470900007, -34.76830555299995], [139.13998302000005, -34.76827103399995], [139.1407807050001, -34.767798804999984], [139.14156499000012, -34.767856122999945], [139.1506878460001, -34.768522761999975], [139.15428120900003, -34.734848409999984], [139.1554947180001, -34.722537931999966], [139.15645891400004, -34.722606705999965], [139.15665131100002, -34.72089760799997], [139.1571777050001, -34.72035690399997], [139.15688321100004, -34.71856510799995], [139.15698321800005, -34.71756520799994], [139.1580914210001, -34.716653805999954], [139.1579293100001, -34.71466200799995], [139.15837260400008, -34.71414240299998], [139.15886560400008, -34.71286420599995], [139.15879820600003, -34.70980280799995], [139.1589076150001, -34.70888630999997], [139.15807761500002, -34.70715860499996], [139.15819996300002, -34.705772011999954], [139.15970639800003, -34.70578400199997], [139.15984950400002, -34.70489189699998], [139.16066879700008, -34.70452029899997], [139.16149749900012, -34.70458059699996], [139.16336549900007, -34.70653639699998], [139.16409340300004, -34.70712319599994], [139.16582660500012, -34.70757200099996], [139.166057496, -34.70798910399998], [139.1671775000001, -34.70951949499994], [139.16756469900008, -34.709425099999976], [139.16887749900002, -34.707402309999964], [139.1689401970001, -34.707326303999935], [139.16904940100005, -34.70672750299997], [139.16873540100005, -34.70520370199995], [139.16833120500007, -34.70390260199997], [139.16893130000005, -34.69933429599996], [139.1684676960001, -34.693714900999964], [139.16935440100008, -34.690988295999944], [139.16823129500006, -34.68750710099994], [139.1681602970001, -34.687430296999935], [139.1659708940001, -34.68502090099997], [139.1659029000001, -34.683497200999966], [139.16541699700008, -34.68098010199998], [139.16551999500007, -34.67658310199994], [139.16542299600007, -34.675667998999984], [139.16444969600002, -34.67301639699997], [139.1641888160001, -34.671925700999964], [139.1645631030001, -34.67052270199997], [139.163923102, -34.66929440399997], [139.16383100200005, -34.66864420199994], [139.1638610020001, -34.66850759199997], [139.16349989600008, -34.668024394999975], [139.16334939500007, -34.66801519799998], [139.16260390500008, -34.66733390299993], [139.16273220200003, -34.665506800999935], [139.1611894020001, -34.66115279], [139.1613734010001, -34.65664940199997], [139.16152000300008, -34.65561229499997], [139.1613668980001, -34.65437530099996], [139.16095170300002, -34.65381839599996], [139.16082309900003, -34.65315699799993], [139.16055380500006, -34.652588597999966], [139.1600740010001, -34.652077503999976], [139.15976679900007, -34.65152769799994], [139.15798510500008, -34.64749210399998], [139.15873301600004, -34.64557179999997], [139.15842130300007, -34.642521203999934], [139.159144297, -34.64048220199993], [139.157735311, -34.63823549999995], [139.15787109300004, -34.634574602999976], [139.15754510300007, -34.63261620299994], [139.16262330000006, -34.621124049999935], [139.1625083980001, -34.621122792999984], [139.13539616700007, -34.620885603999966], [139.12900389300012, -34.62084982099998], [139.12862144500002, -34.62086100099998], [139.12116342000002, -34.62080030899995], [139.11701538700004, -34.62076625599997], [139.11513507300003, -34.62073904299996], [139.1119607610001, -34.62070816599993], [139.10968167900012, -34.620692978999955], [139.10580481300008, -34.62066704799997], [139.10546073600005, -34.62066974199996], [139.10539996900002, -34.62067021799993], [139.1048060180001, -34.62066777899997], [139.10324837400003, -34.62066137199997], [139.10313564800003, -34.620660906999944], [139.10313546600003, -34.62063990099995], [139.1031107990001, -34.61865640299993], [139.10311074900005, -34.618652501999975], [139.1031107010001, -34.61864860199995], [139.10261670400007, -34.618342963999964], [139.1023219870001, -34.61816061299993], [139.10231962900002, -34.618152917999964], [139.10231727000007, -34.61814522399993], [139.10228759400002, -34.61804844899996], [139.1014909050001, -34.61544840399995], [139.10110961600003, -34.61347846999996], [139.10099670300008, -34.61289510399996], [139.1009974100001, -34.61289363999998], [139.10099810300005, -34.61289216999995], [139.10134687700008, -34.61214652199993], [139.10134758700008, -34.61214500799997], [139.101348303, -34.61214349599993], [139.1028975040001, -34.611377199999936], [139.10331935300007, -34.610287323999955], [139.10332622600004, -34.61026956699993], [139.1033331010001, -34.610251808999976], [139.10180699900002, -34.60398819699998], [139.10358259800012, -34.60172709899996], [139.10364865300005, -34.60165246899993], [139.10365094000008, -34.60164988199995], [139.10365322600012, -34.601647294999964], [139.10371559700002, -34.601576800999965], [139.1042654030001, -34.600878802999944], [139.10417381500008, -34.59924969499997], [139.10313230500003, -34.59904460299998], [139.1027215030001, -34.59803129599993], [139.10342110400006, -34.59727199899993], [139.10550399900012, -34.59481810099993], [139.1062104010001, -34.59358579599996], [139.10459479600001, -34.59228018799996], [139.10441040400008, -34.590602599999954], [139.1031964990001, -34.58904389999998], [139.10307414400006, -34.58895746999997], [139.10295600100005, -34.58887399899993], [139.1008409970001, -34.58718689799997], [139.10066460100006, -34.585204697999984], [139.09822920200008, -34.58348289899993], [139.09828069600007, -34.581447898999954], [139.0962795680001, -34.580553796999936], [139.09626838200006, -34.580548798999985], [139.096257196, -34.580543802999955], [139.09660805600004, -34.57852547699997], [139.09682609800007, -34.57734590899997], [139.09731139500002, -34.57617209899996], [139.09820770300007, -34.57518499699995], [139.0983545030001, -34.57221570699994], [139.09910439600003, -34.57002879799995], [139.0988728000001, -34.56767580199994], [139.1004166040001, -34.56495639599996], [139.1032675990001, -34.56490750299997], [139.10471999700007, -34.56346360499998], [139.10588590100008, -34.56271730199995], [139.10585773100001, -34.56266779099997], [139.10460979700008, -34.560474296999985], [139.10461264000003, -34.560459994999974], [139.1046154810001, -34.56044569399995], [139.1047397960001, -34.559820198999944], [139.1061383980001, -34.5600042], [139.10872890200005, -34.55874940299998], [139.10975339700008, -34.55729969699996], [139.11057404100006, -34.55559001699993], [139.11057367600006, -34.55558763999994], [139.11031170500007, -34.553883000999974], [139.1099880910001, -34.553164299999935], [139.10916200200006, -34.55193839699996], [139.1094713970001, -34.548822402999974], [139.11201149700003, -34.54250170399996], [139.11284478800007, -34.53979359699997], [139.113637594, -34.53960999199995], [139.11178019600004, -34.53573710399996], [139.11449421600003, -34.532829955999944], [139.11450213400008, -34.53282809799998], [139.11646649500005, -34.53236700999997], [139.12107910200007, -34.52991679999997], [139.12177811800007, -34.528818402999946], [139.12177948600004, -34.52881625799995], [139.1217923050001, -34.52879611599997], [139.12180581000007, -34.52877489999997], [139.12190945100008, -34.528667043999974], [139.12625710200007, -34.52638040399995], [139.1269668960001, -34.52475870599994], [139.1277076450001, -34.523635499999955], [139.12837989800005, -34.52140890099997], [139.12950551400002, -34.51989701799994], [139.1295152340001, -34.51987463599994], [139.1302887930001, -34.51809339799996], [139.13030780400004, -34.51760179799993], [139.13087939800005, -34.51644609999994], [139.1314581900001, -34.51482330299996], [139.13226000400005, -34.51218099499994], [139.13320550000003, -34.51163849999995], [139.1341592440001, -34.50997466599995], [139.13490329900003, -34.50867659499994], [139.13598530500008, -34.50874209699998], [139.1372698980001, -34.50949810199995], [139.13931300100012, -34.509893803999944], [139.14084845900004, -34.50943369799995], [139.1432274020001, -34.50960290499995], [139.1442826980001, -34.51066490299996], [139.14429745200005, -34.51067975099994], [139.14431220500012, -34.51069459799993], [139.14606999600005, -34.51081309799997], [139.14807659500002, -34.50949259599997], [139.1499963980001, -34.50834120199994], [139.150185, -34.508233797999935], [139.1517608160001, -34.50847669899997], [139.1528008990001, -34.509419701999946], [139.1549533960001, -34.508642194999936], [139.15517549700007, -34.50782379899994], [139.15494789900004, -34.5061143099999], [139.15555170200003, -34.50518010199994], [139.1562573010001, -34.50449349799993], [139.1573483950001, -34.504340397999954], [139.1581962900001, -34.50347350299995], [139.15910269800008, -34.50096029599996], [139.157157997, -34.49993040199996], [139.15643589900003, -34.49911369999995], [139.15628050100008, -34.49850250099996], [139.15647462700008, -34.49770523299998], [139.1567843030001, -34.49643340399996], [139.15597269800003, -34.49497320299997], [139.15647019800008, -34.49357599299998], [139.15824119500007, -34.49243669799995], [139.15976259500007, -34.49207980399996], [139.16021190000004, -34.49072409699994], [139.16000569100004, -34.48971430299997], [139.16019160200005, -34.48907779599995], [139.16008498100007, -34.48904868099993], [139.16058777400008, -34.48843997899996], [139.16163624900003, -34.48815515899997], [139.16158934100008, -34.487031153999965], [139.1614990280001, -34.48660166199994], [139.1621349080001, -34.48588664899995], [139.16272989900006, -34.485745236999946], [139.16286721100005, -34.485709103999966], [139.16288199500002, -34.48570521399995], [139.1628967800001, -34.485701322999944], [139.16303030100005, -34.48566618899997], [139.16321090200006, -34.48562049499998], [139.16490549500008, -34.48555320199995], [139.1654774960001, -34.48494720299993], [139.1656236010001, -34.48412459699995], [139.16770949500005, -34.484297399999946], [139.16895649700007, -34.48403689699995], [139.16972749700005, -34.48399449999994], [139.17044790500006, -34.48427499899998], [139.17124740200006, -34.483857400999966], [139.17192670400004, -34.483359210999936], [139.17186169400009, -34.48220019699994], [139.17149509600006, -34.48119280099996], [139.17107419700005, -34.48033160099993], [139.1710051970001, -34.479643204999945], [139.1707632010001, -34.478775095999936], [139.17034310400004, -34.47838759699994], [139.1700604980001, -34.47812679799995], [139.16946539700007, -34.478056797999955], [139.16923590300007, -34.478340696999965], [139.16889110400007, -34.47892639799994], [139.16880620300003, -34.47907060099993], [139.1679808030001, -34.479536897999935], [139.1675398960001, -34.480192897999984], [139.16651170300008, -34.48021279899996], [139.1646045020001, -34.47917939699994], [139.1638104000001, -34.47896400399998], [139.16373249600008, -34.47780690099995], [139.163277697, -34.47746950399994], [139.16267737500004, -34.47724518899997], [139.16155358000003, -34.47699880099998], [139.16168176700012, -34.47617680099995], [139.16132044200003, -34.47414588999993], [139.15707201200007, -34.46925651299995], [139.15652180900008, -34.46862320899993], [139.15644260800002, -34.46853210599994], [139.15638892000004, -34.468200199999956], [139.15493021100008, -34.46740801399994], [139.154543912, -34.46719821499994], [139.1545584040001, -34.46659601399995], [139.15386180000007, -34.46587351199997], [139.1535153970001, -34.46551419999997], [139.15079510200007, -34.46568769999993], [139.14980170100011, -34.46527360099998], [139.14975849500001, -34.464211500999966], [139.151122202, -34.463306803999956], [139.15130520200012, -34.462421795999944], [139.1505662940001, -34.46187309199996], [139.15040288800003, -34.46177240199995], [139.15001320200008, -34.461480895999955], [139.14955390400007, -34.46160878899997], [139.1484022940001, -34.46238950099996], [139.1466563030001, -34.461571497999955], [139.1446353020001, -34.45999069599998], [139.14383749800004, -34.45869020299995], [139.1433187980001, -34.458156103999954], [139.14255799700004, -34.45798560299994], [139.141102498, -34.457330196999976], [139.1405971040001, -34.45684479799996], [139.14059300100007, -34.45684398099996], [139.14047470600008, -34.456820395999955], [139.137838804, -34.45649159699997], [139.137143099, -34.45537719799995], [139.13623850200008, -34.45429770199996], [139.135565702, -34.45250129599998], [139.1353913050001, -34.45112719999997], [139.1335193980001, -34.451243502999944], [139.13115349800012, -34.45095010199998], [139.13154920700003, -34.449045497999975], [139.13091389700003, -34.44868309799995], [139.13096800300002, -34.44621600399995], [139.1296609970001, -34.44504340299994], [139.12947339700008, -34.444857603999935], [139.12807349800005, -34.443575901999964], [139.1262224940001, -34.44288280199993], [139.12534099700008, -34.44193339599997], [139.1242255950001, -34.44170219599994], [139.12054219900006, -34.44164509899997], [139.11966689700012, -34.441464001999975], [139.1179380950001, -34.44109969699997], [139.11743180100007, -34.44100169699993], [139.11621350300004, -34.43897310199998], [139.11374559500007, -34.438193697999964], [139.11194940500002, -34.43878229599994], [139.11123740000005, -34.43748490099995], [139.11119160300007, -34.43619569699996], [139.11201859900007, -34.43556200299997], [139.1123295970001, -34.434908002999975], [139.112553702, -34.43426559899996], [139.11097649600003, -34.43334960399994], [139.10989929700008, -34.432878098999936], [139.10977390100004, -34.432298500999934], [139.11112950400002, -34.431169300999954], [139.11189959600006, -34.4306715], [139.11201199900006, -34.430280299999936], [139.11221949900005, -34.42955749699996], [139.11193670000011, -34.42892159799993], [139.11126869500004, -34.42701409599994], [139.11080761100004, -34.426484236999954], [139.1107419450001, -34.42615039299994], [139.11074152300012, -34.42614824899994], [139.11074110200002, -34.42614610399994], [139.11001149900005, -34.42482899899994], [139.10924979600009, -34.42465939699997], [139.10938739800008, -34.423741795999945], [139.10847006500012, -34.42315990099996], [139.10846778100006, -34.42315845], [139.10846549500002, -34.42315700399996], [139.10677579800006, -34.42209280299994], [139.10615140100003, -34.42127439899997], [139.10608269500005, -34.421175904999984], [139.10560539900007, -34.41901929799997], [139.10561189600003, -34.418261], [139.10577920100002, -34.41752230099996], [139.10627699600002, -34.41649809799998], [139.10689229800005, -34.415775896999946], [139.10728189700012, -34.41534340399994], [139.107449394, -34.415132298999936], [139.10774540400007, -34.41464210099997], [139.10784810200005, -34.41429509699998], [139.10791099900007, -34.41391370399998], [139.10786810500008, -34.41340700199993], [139.10766180500002, -34.41293149999996], [139.10705720300007, -34.41267480299996], [139.10617950000005, -34.41249249599997], [139.1047820020001, -34.41250451099995], [139.10423319500012, -34.41249050199997], [139.1034164230001, -34.41239145099996], [139.10269139800005, -34.412286596999934], [139.10209899500012, -34.41208629699997], [139.1014947980001, -34.41180700199993], [139.1012598210001, -34.41168814699995], [139.101244618, -34.41168045999996], [139.10122941600002, -34.411672772999964], [139.10097708000012, -34.41154514899995], [139.10096305700006, -34.41153805799996], [139.1009490340001, -34.411530966999976], [139.100652308, -34.41138092299997], [139.10031350300005, -34.41120959899996], [139.09956050300002, -34.41053200299996], [139.0988807020001, -34.409710796999946], [139.09889059800003, -34.40927660099993], [139.09922370300012, -34.40844229999993], [139.09969519600008, -34.407668000999934], [139.10013440000012, -34.406777301999966], [139.10040029700008, -34.40582609699993], [139.10031990200002, -34.40475350299994], [139.10013379800012, -34.40405579499998], [139.0999832010001, -34.404010795999966], [139.098608, -34.40251369599997], [139.0966823000001, -34.401399399999946], [139.09376440000005, -34.40100590199995], [139.09491940100008, -34.39915800199998], [139.0946296940001, -34.39843819799995], [139.09552270000006, -34.39719569899995], [139.0955643000001, -34.39701569699997], [139.09614490500007, -34.395805302999975], [139.0962495980001, -34.39455840299996], [139.0970102020001, -34.39369769599995], [139.097991502, -34.39334299799998], [139.09837940600005, -34.39299630199997], [139.09839059700005, -34.392527497999936], [139.09841289700012, -34.39159549699997], [139.0984578990001, -34.39140100299994], [139.09890840000003, -34.38903540399997], [139.0983440000001, -34.38551659799998], [139.0992754010001, -34.38485519999995], [139.10007520500005, -34.38428739899996], [139.10046370500004, -34.38347150399994], [139.10327500300002, -34.38260529599995], [139.10354739900004, -34.38250190399998], [139.10486499800004, -34.38212330399995], [139.1086809960001, -34.38238880299997], [139.1101725970001, -34.380846797999936], [139.11078279700007, -34.37976119799998], [139.1122501000001, -34.37890430199997], [139.11342790600008, -34.375438902999974], [139.1135131000001, -34.37526219999995], [139.11419610000007, -34.373187394999945], [139.1147139960001, -34.36880129899998], [139.1147751960001, -34.36854899599996], [139.11512579700002, -34.36440539599994], [139.114066395, -34.364027402999966], [139.11278230200003, -34.36188459699997], [139.113315101, -34.36140819599996], [139.1134840950001, -34.36125709499993], [139.1142438070001, -34.3605778], [139.11520719800012, -34.358211798999946], [139.11432880300003, -34.35544580399994], [139.11447075500007, -34.35528316099993], [139.11587950400008, -34.35479380899994], [139.1167904020001, -34.351729604999946], [139.11420159700003, -34.349954803999935], [139.11380153300001, -34.34839660899996], [139.1137950630001, -34.34839620399998], [139.11243010400005, -34.34831089399995], [139.112408597, -34.34830949399998], [139.11042460500005, -34.348183604999974], [139.1104239130001, -34.348181807999936], [139.108692, -34.34368700099998], [139.10815429600007, -34.34118150099994], [139.10743690000004, -34.33714549699994], [139.10645758700002, -34.33627959399996], [139.1043856020001, -34.334400097999946], [139.10508116500012, -34.333400998999934], [139.1060613960001, -34.33199309599996], [139.10493289900012, -34.33044655899994], [139.10485460000007, -34.33033909899996], [139.1050378960001, -34.330029501999945], [139.1051702960001, -34.33004179999995], [139.1140291060001, -34.33086290199998], [139.11427239700004, -34.33088439699998], [139.125410901, -34.331923195999934], [139.12541360000012, -34.33189999599995], [139.1358487980001, -34.33276920299994], [139.13606609600004, -34.332688203999965], [139.14060250500006, -34.33306549899993], [139.14840097900003, -34.33371388799998], [139.14864164800008, -34.33316193699994], [139.15602345800005, -34.33536719399996], [139.155695669, -34.33269919799994], [139.15552704300012, -34.332442983999954], [139.15604510000003, -34.33219680399998], [139.1583374050001, -34.33136229799993], [139.16263160300002, -34.32723859899994], [139.16275630100006, -34.32711900099997], [139.165174599, -34.326566998999965], [139.1653142030001, -34.32636750299997], [139.16812509800002, -34.32578659699993], [139.16830717100004, -34.325748965999935], [139.16900555200004, -34.32599680599998], [139.17179256800011, -34.32685545099997], [139.173473198, -34.32645930099994], [139.17645791300004, -34.32506917099994], [139.1779017770001, -34.325489610999966], [139.18057300100008, -34.324653911999974], [139.18058653200012, -34.324574919999975], [139.18057399100007, -34.32445962399993], [139.18076600200004, -34.32439878699995], [139.19021876400006, -34.321492329999955], [139.19041811500006, -34.32143135499996], [139.19051341800002, -34.32166143999996], [139.19113539900002, -34.321403103999955], [139.1914445970001, -34.32065740099995], [139.19954540300012, -34.31232809499994], [139.19963910100012, -34.31212130199998], [139.20213160000003, -34.311596598999984], [139.2092688030001, -34.31009400099998], [139.2146812950001, -34.310829499999954], [139.21542749000002, -34.31022669799995], [139.2212335060001, -34.30850379699996], [139.22178651600007, -34.30834000799996], [139.22656569700007, -34.306921], [139.22964770400006, -34.30600610199997], [139.23165309600006, -34.30541069699996], [139.23868530900006, -34.30332269999997], [139.2389660020001, -34.303239400999985], [139.23961050700007, -34.30304799899994], [139.2426269990001, -34.30215210299997], [139.24278100100003, -34.302298995999934], [139.25677379700005, -34.29822139899994], [139.25698020200002, -34.29815649599993], [139.2643740950001, -34.29585509799995], [139.2643693990001, -34.29711809799994], [139.2643624970001, -34.29894179899998], [139.2643524010001, -34.301631], [139.26434940900003, -34.302429306999954], [139.26434173100006, -34.30447702899994], [139.26433970100004, -34.30501830099996], [139.26433619400007, -34.305953699999975], [139.26432809800008, -34.30807490299998], [139.2642985980001, -34.315924002999964], [139.26429860000007, -34.31594050399997], [139.26429789500003, -34.31612179799998], [139.26429790100008, -34.316138397999964], [139.26424019600006, -34.31936460099996], [139.2643597020001, -34.31936500799998], [139.26447932100007, -34.319365421999976], [139.2652883170001, -34.31936686699993], [139.2657020050001, -34.31936760399998], [139.2817450970001, -34.31939600199996], [139.28196596200007, -34.31938162299997], [139.28605033000008, -34.31938729399997], [139.28606418900006, -34.319387312999936], [139.3023875990001, -34.31940339999994], [139.30260619000012, -34.31940519199998], [139.31732296600012, -34.31941552199993], [139.3323651080001, -34.319426659999976], [139.3324285010001, -34.31942626499995], [139.33242853700006, -34.31942626499995], [139.33258381100006, -34.31942529799994], [139.35078312100006, -34.31943667499996], [139.35078312300004, -34.31943626499998], [139.35078357800012, -34.31934499299996], [139.35080232100006, -34.31276447299996], [139.35081223100008, -34.30928800099997], [139.35083505700004, -34.301311], [139.35083806800003, -34.30025699899994], [139.35085608200006, -34.293952], [139.35085613800004, -34.29392949999993], [139.35085619500012, -34.293907], [139.35086933900004, -34.28928700199998], [139.3508703110001, -34.288951389999966], [139.35087104100012, -34.288721], [139.3508710650001, -34.288711], [139.35087108900007, -34.28870099899996], [139.3509140960001, -34.27356], [139.3509142910001, -34.273468], [139.35092637000002, -34.26923868999995], [139.35095579500012, -34.25892257199996], [139.3508468130001, -34.25892279999994], [139.35084679600004, -34.25883159499995], [139.3508731060001, -34.249540802999945], [139.35090009600003, -34.24002029299993], [139.350926608, -34.23061710099995], [139.35095311200007, -34.221168311999975], [139.35097949700003, -34.21178569699998], [139.35108875000003, -34.21178649899997], [139.35119779900003, -34.21178729899998], [139.35119820300008, -34.21160589999994], [139.3512050060001, -34.209191499999974], [139.35256900100012, -34.20256269899994], [139.35454880400005, -34.19293940299997], [139.35632810200002, -34.18428820099996], [139.3569212960001, -34.181403203999935], [139.35722239900008, -34.17993889599995], [139.35800548200007, -34.17613029499995], [139.35812900500002, -34.17552950199996], [139.358147, -34.175348102999976], [139.35810440000012, -34.16180689999993], [139.3581023040001, -34.16171557699994], [139.35810201000004, -34.161624202999974], [139.35805920100006, -34.14632960299997], [139.35778449200006, -34.143726396999966], [139.3568414980001, -34.12632320399996], [139.356837304, -34.12600829599995], [139.3567209570001, -34.12601104199996], [139.35661671600008, -34.12601350199998], [139.35662919800006, -34.124342103999936], [139.3566365040001, -34.12376179599994], [139.35664010200003, -34.12316170299994], [139.35664440100004, -34.122619500999974], [139.35663970500002, -34.12244700799994], [139.35666719800008, -34.11955889899997], [139.35673230300006, -34.111046202999944], [139.35669390400005, -34.09567980299994], [139.35669339700007, -34.09549820099994], [139.3566592090001, -34.08178669999995], [139.35662487000002, -34.06817788099994], [139.35662420500012, -34.06791419799998], [139.356623796, -34.06773279499998], [139.35659380000004, -34.05568860999995], [139.35659329500004, -34.055472100999964], [139.35654490000002, -34.0362626], [139.35654459800003, -34.03617169599994], [139.35654429800002, -34.03608080099997], [139.35654286200008, -34.03551195199998], [139.35652839600004, -34.02981089899998], [139.35652090400004, -34.02681720099997], [139.35651290200008, -34.02365929999996], [139.35649320000005, -34.01587409599995], [139.35649280400003, -34.01567930999994], [139.35648439700003, -34.012343603999966], [139.35647770600008, -34.00974159599997], [139.35647100300002, -34.007081993999975], [139.3564434000001, -33.99619635399995], [139.35643819900008, -33.994147701999964], [139.35643771500008, -33.993966100999955], [139.356401999, -33.979982200999984], [139.3563801040001, -33.971526403999974], [139.35637990100008, -33.971435852999946], [139.35637970000005, -33.971345103999965], [139.35637865500007, -33.970946638999976], [139.35635189700008, -33.96074360299997], [139.35632360700004, -33.94991589999995], [139.35629549500004, -33.93919580199997], [139.3562668950001, -33.928324499999974], [139.35626640100008, -33.928142898999965], [139.35623849700005, -33.917557203999934], [139.35621009800002, -33.90680199499997], [139.356181095, -33.89580240099997], [139.3561696050001, -33.891463897999984], [139.35615210100002, -33.88484150299996], [139.3561515020001, -33.88464830099997], [139.3561141990001, -33.87056790299994], [139.35608489900005, -33.859537398999976], [139.35608082300007, -33.85802581299998], [139.35607380600004, -33.85542450099996], [139.35607250300006, -33.85487839999996], [139.3560723160001, -33.854808195999965], [139.35604320400012, -33.84389006999993], [139.3560351010001, -33.84085429899994], [139.35599329500008, -33.825208903999965], [139.3559928090001, -33.82502749599996], [139.35597419500004, -33.81805950199998], [139.35593909500005, -33.80501990199997], [139.355938497, -33.80474330399994], [139.35593430300003, -33.80318599799995], [139.35593379700003, -33.80301278699994], [139.35593379600004, -33.80301259999993], [139.36460387400007, -33.80295254199996], [139.36564139900008, -33.80294209999994], [139.38747301500007, -33.80279564399996], [139.417882802, -33.80258519499995], [139.41853869400006, -33.80258109699997], [139.51500049600008, -33.801863598999944], [139.5276761010001, -33.80176470199996], [139.52850790200011, -33.80175940199996], [139.57686790200012, -33.801454400999944], [139.5800159050001, -33.80143430099997], [139.58163580200005, -33.801424200999975], [139.5867071, -33.80139060399995], [139.60227119500007, -33.80128729799998], [139.62414459900003, -33.80113869999997], [139.62479660100007, -33.801134100999946], [139.6999843960001, -33.80059509899996], [139.69922779700005, -33.87519369699993], [139.85424059800005, -33.875315601999944], [139.85707669700002, -33.87531660299993], [139.85723226300001, -33.94362150899997], [139.85735650100003, -33.998869500999945], [139.85736019700005, -34.00048399599996], [139.85741370000005, -34.02436130199993], [139.85743035000007, -34.03181468599996], [139.85744080400002, -34.03649429799998], [139.85744381900008, -34.03783766899994], [139.85745089800002, -34.041013835999934], [139.85745757200004, -34.044006846999935], [139.85747174300002, -34.05036553699995], [139.85748298800002, -34.05540574999998], [139.85748365900008, -34.055711523999946], [139.857488503, -34.05790970099997], [139.8574925040001, -34.05971449699996], [139.85749700300005, -34.06173469999993], [139.85750430100006, -34.06501059899995], [139.8575065010001, -34.06628979799996], [139.85750730200004, -34.06636570099994], [139.85750840100002, -34.066855403999966], [139.8575210030001, -34.07272429699998], [139.8575228950001, -34.07336829899998], [139.85752369700003, -34.07374540099994], [139.8575250990001, -34.07434980399995], [139.8575538010001, -34.08781790199998], [139.85755709700004, -34.088366303999976], [139.85756215700007, -34.091397143999984], [139.85756513, -34.09185356199998], [139.857565399, -34.09221919699996], [139.85756546900006, -34.09223574699996], [139.85756691500012, -34.09361789899998], [139.85756878200004, -34.09447118399993], [139.85757322100005, -34.09669989399998], [139.85757763300012, -34.09890218399994], [139.8575816350001, -34.10092830899998], [139.85758270200006, -34.101487102999954], [139.85762069600003, -34.12062079799995]]]]}}, {"type": "Feature", "properties": {"name": "Murray Bridge", "lga": "The Rural City Of Murray Bridge"}, "geometry": {"type": "MultiPolygon", "coordinates": [[[[139.07601760600005, -34.951613598999984], [139.07934022200004, -34.953503884999975], [139.08016491800004, -34.953973005999956], [139.0810755130001, -34.954490988999964], [139.0834564280001, -34.95584527099993], [139.08379018100004, -34.95603511099995], [139.0882964970001, -34.95859819499998], [139.08923148700012, -34.95912990399995], [139.0898133070001, -34.95944400199994], [139.09262221100005, -34.961047108999935], [139.09425280200003, -34.961977686999944], [139.09450910100009, -34.962106689999985], [139.09884715500004, -34.96457144499993], [139.1008626030001, -34.96571620299994], [139.1017223020001, -34.966204405999974], [139.10485770000003, -34.96798570599998], [139.10972538800002, -34.97075078599994], [139.11361768900008, -34.97296130099994], [139.11447368100005, -34.97344743499997], [139.1180781820001, -34.97549480099997], [139.12229849300002, -34.97789137299998], [139.1283818060001, -34.98134539899996], [139.1285890690001, -34.98144876599997], [139.1308421870001, -34.98272838199995], [139.13475250500005, -34.9849490899999], [139.13809170900004, -34.98684515699995], [139.1404317240001, -34.988173684999936], [139.14554730400005, -34.99107819699998], [139.14680719500006, -34.99179339799997], [139.15126130500005, -34.99432189899994], [139.1568479010001, -34.997492903999955], [139.15713230200004, -34.997652597999945], [139.16673182400007, -35.00308589799994], [139.1717672860001, -35.00593538099997], [139.17176768100012, -35.00593283699993], [139.17331370700003, -34.99598889999993], [139.1737541000001, -34.99597890299998], [139.17436040100006, -34.99596510699996], [139.17633143900002, -34.99592033799996], [139.17637407300003, -34.995919371999946], [139.1770018740001, -34.995806752999954], [139.17756190000011, -34.99569508299993], [139.17977698800007, -34.994127385999946], [139.1803719940001, -34.99222100399993], [139.18059118500003, -34.98452378999997], [139.18060631800006, -34.98393210199998], [139.1806064750001, -34.98392639799994], [139.17947202300002, -34.98083189799996], [139.18449168100005, -34.98085058299995], [139.18473310100012, -34.98086301199993], [139.19105545000002, -34.98089780799995], [139.20230840800002, -34.98095900499993], [139.21250235800005, -34.98101350299993], [139.22502430100008, -34.98107920299998], [139.22527720100004, -34.981051280999964], [139.2332724050001, -34.981069186999946], [139.2334987900001, -34.98106194999997], [139.23372517300004, -34.981054710999956], [139.24624331600012, -34.98109052099994], [139.25277837400006, -34.981108726999935], [139.26376296400008, -34.98113640199995], [139.26443000900008, -34.98114309099998], [139.2688127770001, -34.98114783199998], [139.26901127300005, -34.98114604099993], [139.27392396800008, -34.98115954999997], [139.2871670830001, -34.98119693199993], [139.29524417200003, -34.98121902599996], [139.29558489700003, -34.981233473999964], [139.29592417800006, -34.98124785099998], [139.30353293100006, -34.98129088699994], [139.3037885970001, -34.98130690299996], [139.31034137100005, -34.98130621699994], [139.31817511500003, -34.981302410999945], [139.31889392800008, -34.98131626399993], [139.31901096800004, -34.98131620299995], [139.32061197400003, -34.98131571099998], [139.32074142600004, -34.98131567399997], [139.3207979870001, -34.98131564399995], [139.32535532200006, -34.981314183999984], [139.32561202400007, -34.98131398299995], [139.32595417900006, -34.98131338899998], [139.32702513900006, -34.981311095999956], [139.32698399900005, -34.98245920399995], [139.32699390100004, -34.98373549899998], [139.3271681010001, -34.98517509799996], [139.32763849900005, -34.98676820399993], [139.32839690800006, -34.98833079899998], [139.32912812200004, -34.98939770399994], [139.32930380800008, -34.989654], [139.3301467000001, -34.99059700399994], [139.33110220700007, -34.991299900999934], [139.3322407060001, -34.991833001999964], [139.33334320500012, -34.99237540099995], [139.33408821000012, -34.99283399799998], [139.33486630400012, -34.99343099899994], [139.33550150300005, -34.99399159799998], [139.33621520000008, -34.994444500999975], [139.33685310200008, -34.99487599899993], [139.33756410600006, -34.99544071199995], [139.33831020500008, -34.99608140399994], [139.3389131030001, -34.99654580099997], [139.33974130600006, -34.99721401199997], [139.34051370100008, -34.99780600099996], [139.3412586060001, -34.99839760399993], [139.34169240800009, -34.99872059799998], [139.34235191800008, -34.99922160699998], [139.34332700800007, -34.99999939899993], [139.3442132980001, -35.00063249799996], [139.3448658090001, -35.00114169799997], [139.3454463050001, -35.001583101999984], [139.3462860090001, -35.00225509899997], [139.34724730100004, -35.00303460199996], [139.348044608, -35.00376279999995], [139.3488949990001, -35.00435320199995], [139.349884, -35.00513300499995], [139.35069989700003, -35.005848198999956], [139.35120170400012, -35.00632880399996], [139.3518434010001, -35.00680490599996], [139.35276151800008, -35.00768950099996], [139.35352909800008, -35.00853230299998], [139.3541689980001, -35.00910549699995], [139.354540207, -35.009510499999976], [139.35484460100008, -35.00984259299997], [139.35565630000008, -35.01065960899996], [139.35634450100008, -35.011457905999976], [139.35680740500004, -35.01193610599995], [139.3574614050001, -35.012608703999945], [139.35808140500012, -35.013379698999984], [139.3586707060001, -35.01419190399997], [139.359182, -35.01478010799997], [139.35957909800004, -35.01533790399998], [139.36000509100006, -35.015832588999956], [139.36047710000003, -35.01654679899997], [139.36094530800005, -35.017279092999956], [139.36148760700007, -35.018091211999945], [139.36205010600008, -35.01895789799994], [139.36258520700005, -35.01989590399995], [139.36290420600005, -35.02043680399993], [139.3634100060001, -35.02131229399998], [139.3638737000001, -35.02217179699994], [139.364294007, -35.023075312999936], [139.3646099990001, -35.023654903999955], [139.36511230700012, -35.02470500199996], [139.36561461000008, -35.02575690799995], [139.36600770400003, -35.02696199799993], [139.3665522980001, -35.028730104999966], [139.3669697040001, -35.03013520099995], [139.37215791000006, -35.029638002999945], [139.3739673120001, -35.02983180899997], [139.37515660600002, -35.03002540799997], [139.38094740500003, -35.03002854799996], [139.38126411000007, -35.03002334599995], [139.38160930300012, -35.03001770199995], [139.39141630100005, -35.02998121799993], [139.39141870700007, -35.02998120299998], [139.39141970600008, -35.02989800299997], [139.39143340100009, -35.023853299999985], [139.39516110500006, -35.02385070899993], [139.39583370600008, -35.02396309899996], [139.424178105, -35.02395197399994], [139.4282473280001, -35.023949810999966], [139.43646424000008, -35.02394506699994], [139.4471236070001, -35.02393810499996], [139.45168330400008, -35.02393480199993], [139.46532091300003, -35.02392400399998], [139.46540510500006, -35.003969704999975], [139.46562552300009, -35.00396928899994], [139.4655817690001, -34.98514453799993], [139.46554695100008, -34.97023406999995], [139.46554068600005, -34.96755392099993], [139.4655597100001, -34.967193502999976], [139.4838984710001, -34.967160098999955], [139.5754677970001, -34.96695558099998], [139.57553055900007, -34.96695543399994], [139.61957300300003, -34.96683169199997], [139.61957302700011, -34.96692047899995], [139.6195731050001, -34.96719250399997], [139.6195730930001, -34.967411], [139.61957309900004, -34.96748089899995], [139.61957319400005, -34.96803169999998], [139.61957370000005, -34.97127719699995], [139.6195768980001, -34.991634397999974], [139.61957691300006, -34.99173764899996], [139.619577326, -34.99459693499995], [139.6195773400001, -34.99468628499994], [139.6195786390001, -35.00372711299997], [139.61957896, -35.005969869999944], [139.61957947300004, -35.00957952999994], [139.61958049500004, -35.016817396999954], [139.61958060400002, -35.01738350399995], [139.61958300300012, -35.034914396999966], [139.6195851010001, -35.051319199999966], [139.61958520100006, -35.051890595999964], [139.6195855730001, -35.05479364099995], [139.61958633000006, -35.06096903899993], [139.61958720000007, -35.06843292099995], [139.619588388, -35.078505803999974], [139.61958929900004, -35.08628859799995], [139.61958930100002, -35.086379069999964], [139.61958929800005, -35.08646949499996], [139.61958980000009, -35.09126859999998], [139.61959150400003, -35.10739080099995], [139.6195923990001, -35.11600569899997], [139.61959451000007, -35.13840340099995], [139.61959451100006, -35.13840620099995], [139.61959454500004, -35.1386788], [139.6195946140001, -35.13916240299994], [139.61959471500006, -35.139918630999944], [139.61959611400005, -35.15762389899993], [139.61959764300002, -35.17653298799996], [139.61959766200005, -35.17664000199994], [139.61959769300006, -35.17673086099995], [139.61959772500006, -35.17738296199997], [139.61959809500001, -35.18268555999998], [139.61959811100007, -35.182960899999955], [139.61959812500004, -35.18323947399995], [139.60524585500002, -35.18322616599994], [139.60455212400007, -35.183226014999946], [139.6040918120001, -35.18323082899997], [139.60375802700003, -35.18323432099993], [139.6033084600001, -35.18323398299998], [139.57690277100005, -35.18321410899995], [139.5766235650001, -35.18321420899997], [139.55897038500007, -35.18323930799994], [139.5378769680001, -35.18326270999995], [139.53083079500004, -35.18326970499993], [139.5051598010001, -35.18330030399994], [139.49068159800004, -35.18332470499996], [139.4697370980001, -35.18335209899993], [139.46460380300005, -35.18335191799997], [139.4550551970001, -35.18334139799998], [139.45475939900007, -35.18337480499997], [139.42875489800008, -35.18330779699994], [139.42851330100007, -35.183307500999945], [139.42352139800005, -35.183300395999936], [139.41622309900004, -35.183289694999985], [139.41249799900004, -35.18328398699998], [139.40971249300003, -35.18327978899998], [139.40819457100008, -35.18327746899996], [139.40260582700012, -35.183268762999944], [139.39646560200003, -35.18325889899995], [139.3964106960001, -35.183258801999955], [139.392713984, -35.18325652599998], [139.3925124970001, -35.183256401999984], [139.38534259900007, -35.18325140299993], [139.38507030100004, -35.18324909599994], [139.38421139800005, -35.18324740299994], [139.38386199800004, -35.18324630099994], [139.38380519500004, -35.18324610199994], [139.383575005, -35.18324530299998], [139.38337549200003, -35.183244602999935], [139.38313720600001, -35.18324220699998], [139.38272509500007, -35.18324020299997], [139.38222110100003, -35.18323780199995], [139.38196578100008, -35.183241676999955], [139.37647728700006, -35.18323113899993], [139.36962247300005, -35.18321760599997], [139.36266799800012, -35.183203369999944], [139.3594657000001, -35.18319679899997], [139.3581587860001, -35.18319401999997], [139.35741007600006, -35.18319242499996], [139.35757369600003, -35.18340859899996], [139.3577400050001, -35.18355559599996], [139.3591708990001, -35.18447410199997], [139.36086000400007, -35.18555829999997], [139.36244219500009, -35.18657370099993], [139.36380030600003, -35.18744529899993], [139.36501749600006, -35.18822640399998], [139.36510400200007, -35.188296340999955], [139.3651902050001, -35.18836602999994], [139.36296257100003, -35.19351946299997], [139.362346999, -35.194943502999934], [139.36221406800007, -35.195250923999936], [139.3618673850001, -35.19605280199994], [139.36144020000006, -35.197040896999965], [139.36242220500003, -35.19755079799995], [139.3642208970001, -35.19837239999998], [139.36560620400007, -35.19905559599994], [139.36684190000005, -35.19970350199998], [139.36833500400007, -35.20048779999996], [139.36965619500006, -35.20119849899993], [139.3709361970001, -35.20194190299998], [139.37218290400006, -35.20262309799995], [139.37309690100005, -35.203174701999956], [139.37408990400002, -35.20381929699994], [139.37574009700006, -35.20485240399995], [139.37742720100005, -35.20606630399993], [139.37973490700006, -35.207758302999935], [139.38048929900003, -35.208200302999956], [139.38111199900004, -35.20857709799998], [139.3822309940001, -35.20928970199998], [139.3835288030001, -35.21002370399998], [139.38466010000002, -35.21070329999998], [139.38520980300007, -35.21097640299996], [139.38589709500002, -35.211303603999966], [139.38684221500012, -35.21170554899993], [139.38714120200007, -35.211832698999956], [139.38887439600012, -35.212482302999945], [139.39083219500003, -35.21318059899994], [139.393218595, -35.21414250099997], [139.39495170500004, -35.21479670499997], [139.39655978700011, -35.215643900999964], [139.3997216040001, -35.21716470399997], [139.40077789600002, -35.21763549699995], [139.40199009600008, -35.218363099999976], [139.40254770100012, -35.21903869499994], [139.403165295, -35.21989729999996], [139.40365930100006, -35.220591000999946], [139.40412850500002, -35.221195998999974], [139.40488360100005, -35.22204779899994], [139.406360897, -35.22328220099996], [139.40765240300004, -35.22429010299993], [139.40833879600007, -35.22487619799995], [139.409155, -35.22558559899994], [139.41034349900008, -35.22672069199996], [139.4126613950001, -35.22878350299993], [139.4143927010001, -35.230290097999955], [139.41589210100005, -35.23148999899996], [139.4159864170001, -35.23157081099998], [139.41728589500008, -35.232684200999984], [139.41853560000004, -35.23367249599994], [139.41993879500012, -35.23466439999993], [139.42144430200005, -35.23558009599998], [139.42233629600003, -35.23618400299995], [139.42366899400008, -35.236991097999976], [139.42496930200002, -35.23773479299996], [139.4258424950001, -35.238344498999936], [139.42700799500005, -35.23905820099998], [139.42858169900012, -35.24002460199995], [139.42916720000005, -35.24033160199997], [139.4309088990001, -35.24123080099997], [139.4322396970001, -35.241926801999966], [139.43556350200004, -35.24373989199995], [139.43767370000012, -35.244830295999975], [139.44034479900006, -35.24618110199998], [139.4426472010001, -35.247448900999984], [139.44416859700004, -35.24837830399997], [139.44492069900002, -35.24887389699995], [139.44533729500006, -35.24920900099994], [139.44583610300003, -35.24967109599993], [139.44616960400003, -35.249941596999975], [139.44663669700003, -35.25040319799996], [139.44700820000003, -35.250889695999945], [139.44725739900002, -35.25113590299998], [139.44784329800007, -35.251750898999944], [139.4484092990001, -35.25229609699994], [139.44882010100002, -35.25266160399997], [139.45028929700004, -35.254108], [139.45088619800003, -35.25470739699995], [139.45131999800003, -35.25525959699996], [139.45178540300003, -35.25581239899998], [139.45231141400006, -35.25651769899997], [139.45284820100005, -35.257218886999965], [139.4532306010001, -35.25769230199995], [139.45351180400007, -35.25820360199998], [139.45382810500007, -35.258815195999944], [139.45439909700008, -35.260221297999976], [139.45464080400006, -35.26085790099995], [139.4549455030001, -35.26152999599998], [139.45524730300008, -35.26234959599998], [139.4553955990001, -35.26289390199997], [139.45544820400005, -35.26346730199998], [139.45553190500004, -35.264075899999966], [139.45567949700012, -35.26465490499993], [139.4559141950001, -35.26538849999997], [139.45612250300007, -35.26612019799995], [139.45623559700005, -35.26685049599996], [139.45647050000002, -35.26785591199996], [139.4566972010001, -35.26928640299997], [139.45677170300007, -35.270380804999945], [139.45683840200002, -35.27160690399995], [139.45688479600005, -35.27251000199993], [139.45690280300005, -35.273230600999966], [139.45686029700005, -35.27380279199997], [139.4567581980001, -35.27416590399997], [139.45642580100002, -35.27495139599995], [139.4561240050001, -35.27579810199995], [139.45590320000008, -35.276291501999935], [139.45550050400004, -35.27716279999993], [139.45529460300008, -35.277693900999964], [139.4551536040001, -35.27810989599993], [139.454721005, -35.27892330099996], [139.45435650100012, -35.279456695999954], [139.45383598800004, -35.280118295999955], [139.45295949800004, -35.28113980399996], [139.4521326030001, -35.28206370099997], [139.45134279800004, -35.282973399999946], [139.4506523010001, -35.28367190399996], [139.4497698990001, -35.284446], [139.4486552950001, -35.285186702999965], [139.44721260400001, -35.285927596999954], [139.44591489000004, -35.28656340099997], [139.4440906950001, -35.28732959599995], [139.442739006, -35.28801080299996], [139.43945119900002, -35.290130903999966], [139.43774279800004, -35.291401909999934], [139.4366778960001, -35.29202600399998], [139.43547360500008, -35.29273950199996], [139.4328229040001, -35.294102297999984], [139.4314200020001, -35.29485719999997], [139.42844339500004, -35.296203600999945], [139.427451796, -35.29658559599994], [139.42604519400004, -35.29708360199993], [139.42502359800005, -35.29737410299998], [139.4237377940001, -35.29764530199998], [139.42047369800002, -35.29814939899995], [139.41948610200006, -35.29831880299997], [139.4184158050001, -35.298395899999946], [139.4166831010001, -35.298595767999984], [139.41624138400005, -35.29864670199993], [139.4140453000001, -35.29892170099998], [139.41215720500009, -35.29913990499995], [139.40989000500008, -35.29926199899995], [139.40716710000004, -35.299418602999936], [139.40477350300011, -35.29950860099996], [139.4030034960001, -35.29963711099998], [139.4024431160001, -35.29971559899997], [139.4018148990001, -35.29980360299993], [139.40025540400006, -35.29999560299996], [139.39833359500005, -35.30031460099997], [139.3962560980001, -35.30074259899993], [139.39429249500006, -35.30129370199995], [139.39311149800005, -35.301612], [139.39202889400008, -35.302068894999934], [139.3911422980001, -35.30244750299994], [139.39029859700008, -35.30279649899995], [139.38962149600002, -35.30318760299997], [139.38877310100008, -35.30377669599994], [139.38796820400012, -35.30428619899993], [139.387119696, -35.30487520199995], [139.38648119700008, -35.30542689999993], [139.385842, -35.306018698999935], [139.3852452980001, -35.30657100199994], [139.38460509900005, -35.30720269599993], [139.38400519900006, -35.307915098999956], [139.38344639900004, -35.30866809899993], [139.38285570300002, -35.309499597999945], [139.38246880300005, -35.31013779899996], [139.38190589700002, -35.31109070399998], [139.38052490100006, -35.31345180399995], [139.38015780000012, -35.31482920399998], [139.3798465960001, -35.31574550199997], [139.3796496000001, -35.31653389799993], [139.37950569600002, -35.31745240299995], [139.37940550200005, -35.31828580299998], [139.37947149700005, -35.31916710399997], [139.37953768500006, -35.32004849699996], [139.37960630100008, -35.320803997999974], [139.37984130300003, -35.32160760099998], [139.380075905, -35.322434001999966], [139.38027551000005, -35.32291689799996], [139.38053460100002, -35.32356849299998], [139.3808958950001, -35.32433380499998], [139.3815453960001, -35.32533720099997], [139.38256420400012, -35.32671149799995], [139.38330599900007, -35.32763620099996], [139.38437229600004, -35.32873100399996], [139.38527199700002, -35.32978349799998], [139.385841797, -35.33059150299994], [139.38626500400005, -35.33137199599997], [139.38665100700007, -35.332037801999945], [139.3871143980001, -35.332888802999946], [139.38740260400004, -35.33349120299994], [139.38762949600005, -35.33415449399996], [139.38785650500006, -35.33481360099995], [139.3879945960001, -35.335418198999946], [139.3882443980001, -35.336442602999966], [139.38842740200005, -35.33756029899996], [139.3885547010001, -35.338706101999946], [139.3886492030001, -35.33999489699994], [139.38885920100006, -35.341430196999966], [139.38876450100008, -35.34199199799997], [139.38871520200007, -35.342963098999974], [139.38866316600001, -35.343523252999944], [139.38860069700002, -35.344195801999945], [139.38848179500008, -35.34565000099997], [139.3884363950001, -35.34616449599997], [139.38827269500007, -35.34685120199998], [139.38783420200002, -35.347763903999976], [139.38721160000011, -35.34887509699996], [139.38650079600006, -35.34989890199995], [139.38563870400003, -35.350978098999974], [139.38501709600007, -35.35144751499996], [139.38356158600004, -35.35275310199995], [139.37989382600006, -35.35581570699998], [139.37873139400006, -35.35707179599996], [139.37781649800002, -35.35777710299993], [139.37699279600008, -35.35842630199994], [139.37634800500007, -35.35888770099996], [139.3758602040001, -35.35925419999995], [139.37534410400008, -35.359534295999936], [139.37469560400007, -35.35992749999997], [139.37393210100004, -35.360319011999934], [139.3731441970001, -35.360681598999975], [139.3723819050001, -35.36101160199996], [139.37152330000004, -35.361397901999965], [139.370672398, -35.361903], [139.36956700200005, -35.36252610099996], [139.3695080970001, -35.36255929599997], [139.36875930200006, -35.362759695999955], [139.367604206, -35.36302580299997], [139.36643, -35.36328239599993], [139.3653019950001, -35.36354569899993], [139.36429369400003, -35.36380760099996], [139.36379309400002, -35.36394638499996], [139.36327789400002, -35.36408919799993], [139.36260890100004, -35.36438320199994], [139.36176369800012, -35.36469680099998], [139.36078649900003, -35.365237702999934], [139.35999880200006, -35.365965898999946], [139.35940430200003, -35.36669669899993], [139.35889149600007, -35.36763789699995], [139.35829029600006, -35.368617796999956], [139.35757029500007, -35.36978550099997], [139.35693330000004, -35.37101700499994], [139.35640460900004, -35.37227529799998], [139.35600840400002, -35.373336698999935], [139.35550970100007, -35.37450729799997], [139.35499899900003, -35.375716301999944], [139.35454709500004, -35.37667459499994], [139.35409350200007, -35.37762810299995], [139.35356429700005, -35.378687000999946], [139.3534104050001, -35.37896849699996], [139.35305450700002, -35.379619401999946], [139.35250520600005, -35.38090849399998], [139.3520395060001, -35.38200679999994], [139.35163051200004, -35.383109495999975], [139.35102130600012, -35.38455250199996], [139.35002670400002, -35.38627410399994], [139.3489895140001, -35.387823185999935], [139.3480715060001, -35.38929669799995], [139.34715840900003, -35.39072719899997], [139.34644610600003, -35.39193160199994], [139.3455278990001, -35.39326440299993], [139.34453141000006, -35.39472850299995], [139.34355320300006, -35.39605850399994], [139.34174840900005, -35.39766410799996], [139.3406148040001, -35.398578], [139.3399374070001, -35.39914969599994], [139.33933950900007, -35.39960389799995], [139.33835420200012, -35.40007950099994], [139.33724740700006, -35.40065129699997], [139.33620211200002, -35.40114230299997], [139.33463550700003, -35.40180549699994], [139.3333292110001, -35.402706001999945], [139.33272670300005, -35.403168309999955], [139.33193450200008, -35.404081], [139.33162270800005, -35.40480809799993], [139.33133650800005, -35.40609929999994], [139.33129110700008, -35.407159401999934], [139.3312682070001, -35.408267396999975], [139.33107231000008, -35.409123102999956], [139.33095800500007, -35.41002051099997], [139.33056170800012, -35.413015893999955], [139.33045071200002, -35.41356870299995], [139.32984610500012, -35.415341902999955], [139.3292341130001, -35.41628939699996], [139.32783741000003, -35.41727619499994], [139.32626780300006, -35.41776860099998], [139.32436420600004, -35.41821349999998], [139.32239970700005, -35.41857179099998], [139.31957651100004, -35.41895239799993], [139.3173299020001, -35.41928109999998], [139.31549520900012, -35.41943540099993], [139.3138266090001, -35.41965209399996], [139.3125580100001, -35.41975429699994], [139.31066171100008, -35.41984770199997], [139.30755181000006, -35.41992420199995], [139.30709260700007, -35.41985769799993], [139.3060254280001, -35.41956435299994], [139.3056858110001, -35.41947099599997], [139.14471721400002, -35.471712484999955], [139.15069676200005, -35.375855344999934], [139.15071600700003, -35.37556046199995], [139.15077494900004, -35.37465972499996], [139.15144936900003, -35.36435537299997], [139.1521805960001, -35.352823618999935], [139.1521996470001, -35.35251728099996], [139.15255138600003, -35.34698912899995], [139.15258520700002, -35.346449596999946], [139.15314991600007, -35.33744], [139.1535160090001, -35.33159185299996], [139.15352009700007, -35.331413278999946], [139.15392036800006, -35.325119368999935], [139.15394481900012, -35.32486491499998], [139.15397237800005, -35.32443337899997], [139.153976789, -35.324364351999975], [139.15398826400008, -35.324184800999944], [139.1540056120001, -35.32391341099998], [139.154547911, -35.31539260799997], [139.1546664120001, -35.313535213999955], [139.15523731200005, -35.304560709999976], [139.15524780500004, -35.30437169999993], [139.1553513010001, -35.30289929999998], [139.1553549130001, -35.302679309999974], [139.15592349500002, -35.293603995999945], [139.15611827600003, -35.29049519499995], [139.15611872800002, -35.290487405999954], [139.1561244180001, -35.29039700599998], [139.1561353090001, -35.29022171199995], [139.15713670800005, -35.27423660499994], [139.15745579600002, -35.269140784999934], [139.15768998600004, -35.26540047699996], [139.15842527100006, -35.253655855999966], [139.15842710200002, -35.25362660299993], [139.1582060300001, -35.25354954299996], [139.15751769300005, -35.25333753099994], [139.1555402470001, -35.25272846799993], [139.132705202, -35.243143816999975], [139.12894731100005, -35.24156049599998], [139.11407976300006, -35.23529463199998], [139.1127765450001, -35.23474537399994], [139.11275480000006, -35.234736200999976], [139.11147009600006, -35.23419464199998], [139.11137833500004, -35.23411035199996], [139.11132213700012, -35.23405872999996], [139.10755805600002, -35.232445559999974], [139.10755005200008, -35.23244212999998], [139.1060785190001, -35.231278687999975], [139.09645120800008, -35.22366701899995], [139.0962314100001, -35.22349339699997], [139.09054788600008, -35.21899744099994], [139.089090058, -35.21826097099995], [139.08873488200004, -35.218081541999936], [139.08851357800006, -35.21796978399993], [139.0860366510001, -35.21671752999998], [139.08121435400005, -35.21636217699995], [139.07392442600008, -35.21582704999997], [139.06808510300004, -35.215398076999975], [139.0664990680001, -35.21497623699997], [139.06646788000012, -35.214872896999964], [139.0664367390001, -35.214769666999985], [139.06653556100002, -35.20564282199996], [139.066588958, -35.20070619499995], [139.06667531200003, -35.19272062899995], [139.06669838800008, -35.19252741699995], [139.0666949900001, -35.18127051699997], [139.06669490000002, -35.18105890199996], [139.06669160700005, -35.17027089499993], [139.066690396, -35.166507293999985], [139.0666901080001, -35.16594468499994], [139.0666900880001, -35.16593745899996], [139.06624576900003, -35.16563226899996], [139.06624480200003, -35.16563160199996], [139.05961289800007, -35.16107660799997], [139.05753430000004, -35.15964880299998], [139.0573106060001, -35.15949510299998], [139.05357587700007, -35.15692928699997], [139.0503511930001, -35.15471360399994], [139.050056895, -35.15451138399993], [139.04986642500012, -35.15437225799997], [139.0496756130001, -35.154232897999975], [139.04364989500004, -35.15014970399994], [139.04356576600003, -35.15009810199996], [139.0434820800001, -35.15004677699994], [139.03859839300003, -35.14669589999994], [139.03833618600004, -35.14652288899998], [139.0379001880001, -35.14622975999998], [139.03796202, -35.14622231699997], [139.03805457700003, -35.146238134999976], [139.03817707400003, -35.14621626199994], [139.0381996110001, -35.146201445999964], [139.03824789600003, -35.14616970299994], [139.03825621500005, -35.14606488099997], [139.0382591240001, -35.146060328999965], [139.03831197500006, -35.14597762599993], [139.03833466900005, -35.14594211299993], [139.03839443800007, -35.14587152499996], [139.038477101, -35.14581561099993], [139.03859982200004, -35.145783912999946], [139.03868040700002, -35.14576511799993], [139.0386873640001, -35.14576349499998], [139.03873362700006, -35.145725599999935], [139.03890073500008, -35.145588713999985], [139.03893216100005, -35.14548903299993], [139.0389119450001, -35.145121367999934], [139.03891319000002, -35.14507096699998], [139.03891698300004, -35.144916802999944], [139.0389168910001, -35.14491637499998], [139.03887931400004, -35.144786893999935], [139.038917222, -35.14468746699998], [139.03892270300003, -35.14467309199995], [139.03891683900008, -35.14466184099996], [139.0388449730001, -35.14452394899996], [139.03873469000007, -35.14427885799995], [139.03869399100006, -35.14409356099998], [139.0386824630001, -35.14403470899998], [139.03869388900011, -35.143897858999935], [139.0386987720001, -35.14383937399998], [139.0386269610001, -35.143685551999965], [139.03859993900005, -35.14363118299997], [139.03858897700002, -35.143609125999944], [139.0385384760001, -35.143507512999975], [139.03846679100002, -35.14345014], [139.03831479200005, -35.14332848999993], [139.03825440200012, -35.14318576399995], [139.038149384, -35.143014696999956], [139.03804273900005, -35.14286029999994], [139.03802131200007, -35.14284084399998], [139.0378608530001, -35.14269515099994], [139.037777311, -35.14259411199998], [139.0376689520001, -35.14246305599994], [139.03758530300001, -35.14231857899995], [139.0374866420001, -35.142143000999965], [139.0373905790001, -35.14196239399996], [139.03737837500012, -35.141927865999946], [139.03735826500008, -35.14187096899997], [139.0373142840001, -35.14174652999998], [139.03728893100003, -35.14167479699995], [139.03723286500008, -35.14151616899994], [139.037201083, -35.14148217699994], [139.0371422730001, -35.141419276999954], [139.03707998100003, -35.14127817099995], [139.0370179360001, -35.14107337099995], [139.03700486700006, -35.141008030999956], [139.0369744950001, -35.140856189999965], [139.0369583490001, -35.14080606899995], [139.036924257, -35.14070024199998], [139.036703632, -35.14048652399998], [139.03672114200003, -35.14039739899994], [139.03669297800002, -35.14035343599994], [139.03668829000003, -35.14034611699998], [139.03665249300002, -35.14029023599994], [139.03651976300011, -35.140254685999935], [139.03639203900002, -35.140252621999934], [139.03619339800002, -35.140301876999956], [139.03604746200006, -35.140332909999984], [139.03596923600003, -35.14044613699997], [139.0359161890001, -35.140478669999936], [139.03582261200006, -35.14050577399996], [139.03576374700003, -35.140538214999935], [139.03573137900003, -35.14060463399994], [139.03572832200007, -35.14061090699994], [139.03560903000005, -35.140693143999954], [139.03555994200008, -35.14070179399994], [139.03541072300004, -35.14072808699996], [139.03524399100002, -35.14080477199997], [139.0352177750001, -35.140814800999976], [139.03511012900003, -35.14085598299994], [139.03497763400003, -35.14087417899998], [139.0348862930001, -35.14091466699995], [139.03478345000008, -35.14097075799998], [139.034706722, -35.14102199299998], [139.03464115000008, -35.14109760599996], [139.03453945900003, -35.14121487199998], [139.0343502610001, -35.141467758999966], [139.0343031540001, -35.14155306199996], [139.03428668200002, -35.14158288999994], [139.03428516400004, -35.14163863799996], [139.03428388300006, -35.14168567399997], [139.03423525000005, -35.14187929999997], [139.03418461, -35.141931900999964], [139.03412057600008, -35.141957945999934], [139.03402113700008, -35.14199839199995], [139.03397940600007, -35.14202044299998], [139.03385112600006, -35.14208822699993], [139.03382673500005, -35.142101114999946], [139.03360588300006, -35.14216101499994], [139.03341288800004, -35.14217458299993], [139.03326193300006, -35.14217212799997], [139.0331194700001, -35.14217297999994], [139.033047011, -35.142173412999966], [139.0328610040001, -35.142179931999976], [139.032710521, -35.14215840199995], [139.03267462600002, -35.14215637899997], [139.0324727200001, -35.14214500299994], [139.03243467100003, -35.14214926999995], [139.03230894800004, -35.14216337099998], [139.03216467100003, -35.14215430799993], [139.032085122, -35.14208145999993], [139.03197527300006, -35.142060587999936], [139.031809435, -35.14195293699993], [139.03170477700007, -35.141802558999984], [139.03170097800012, -35.14179710099995], [139.03144682900006, -35.14157493399995], [139.03096910400006, -35.14139542699996], [139.0306706230001, -35.14131747399995], [139.03065744200012, -35.14131403199997], [139.03037719700012, -35.14120959799993], [139.03008183500003, -35.14109953099995], [139.02989904100002, -35.140972525999985], [139.02969803200006, -35.14087860799998], [139.0294582250001, -35.140707738999936], [139.02935870700003, -35.14061354599994], [139.029299239, -35.14055726], [139.02917985400006, -35.14045035799995], [139.02913001700006, -35.14034936699994], [139.02912816900005, -35.14034362499996], [139.0290976010001, -35.14024865599998], [139.02899903600007, -35.14015552799998], [139.0289897120001, -35.14014671799998], [139.028973532, -35.14011731299996], [139.02892808700005, -35.14003472199994], [139.0288508980001, -35.13988206999994], [139.02884817900008, -35.139870660999975], [139.02883134900003, -35.13980099299994], [139.028829717, -35.139794252999934], [139.02882780100003, -35.139786338999954], [139.02880578200006, -35.13969538799995], [139.0287664000001, -35.13953243399993], [139.02872468100009, -35.139458082999965], [139.02860804400007, -35.13924404399995], [139.0284851020001, -35.13915573999998], [139.02821840600006, -35.13913708999996], [139.02814994900007, -35.13912589399996], [139.02805642700002, -35.139110598999935], [139.02792426300005, -35.139049496999974], [139.02774627000008, -35.13896720599996], [139.02755208100007, -35.13879677699998], [139.02748472200005, -35.13870025899996], [139.02745322500004, -35.13856140099995], [139.02748231500004, -35.13831856499996], [139.027538025, -35.13817635899994], [139.02749709700004, -35.13794669299995], [139.0274916300001, -35.13793568699998], [139.0273752490001, -35.137701412999945], [139.02731984500008, -35.137590778999936], [139.02730622500007, -35.13743312599996], [139.02729295500012, -35.13726117099998], [139.0273092100001, -35.13708639699996], [139.02728848000004, -35.13696531099998], [139.02725071400005, -35.13684543299996], [139.0271951950001, -35.13673956899993], [139.0271915830001, -35.13664886999993], [139.027232195, -35.136624868999945], [139.02726228000006, -35.13660708899994], [139.0273968350001, -35.136566337999966], [139.02750741500006, -35.13647202399994], [139.02753424700006, -35.13644708299995], [139.02762713100003, -35.13636080899994], [139.02775900500012, -35.13623828799996], [139.02793615300004, -35.13606429899994], [139.02806140200005, -35.13598082999994], [139.028203178, -35.13590744499993], [139.0282651240001, -35.13586807899998], [139.02833081300003, -35.13581519899998], [139.02835034100008, -35.13579947899996], [139.0283528770001, -35.135794689999955], [139.02839292500005, -35.13571906599998], [139.02842489600005, -35.13563360499995], [139.028430178, -35.13561948699993], [139.02842483100005, -35.135609717999955], [139.0283801170001, -35.13552802899994], [139.02836534200003, -35.135418062999975], [139.02834390400005, -35.13510284999995], [139.02833017000012, -35.13494996899993], [139.0283582290001, -35.13475005799995], [139.02844225700005, -35.13463692899995], [139.02851283300004, -35.13447665999996], [139.0285320690001, -35.13443297099997], [139.02856491800003, -35.134358361999944], [139.0285658040001, -35.13434684199996], [139.02859087100012, -35.13402079699995], [139.02859905600008, -35.13391433299995], [139.02858983800002, -35.133755607999944], [139.02857853500007, -35.133560974999966], [139.0286498050001, -35.13349534699995], [139.0286736380001, -35.133467818999975], [139.02873941200005, -35.13339184999995], [139.02874108100002, -35.13338507199995], [139.028765162, -35.13328730699993], [139.02885396500005, -35.133217195999976], [139.02896472100008, -35.13319991599997], [139.0290592020001, -35.13316316399994], [139.0290940540001, -35.13314960699995], [139.0291173390001, -35.13313406599997], [139.0292825580001, -35.133023795999975], [139.02934485800006, -35.13297803299997], [139.0294237170001, -35.13292009199995], [139.02960937400007, -35.13278373099996], [139.02977309400012, -35.132663467999976], [139.02996241800008, -35.132524398999976], [139.029968531, -35.13251991799996], [139.02999695800008, -35.13249907699998], [139.03006847300003, -35.13244664999996], [139.0302107120001, -35.13234237399996], [139.0303000780001, -35.13224841899995], [139.0303497320001, -35.13211563999994], [139.03034214100012, -35.13194854799997], [139.03031680100003, -35.13179546999993], [139.03029237600003, -35.131705239999974], [139.03026880800007, -35.13161817799994], [139.03022115500005, -35.13142657299994], [139.0301729360001, -35.13125882199995], [139.03010206600004, -35.131066836999935], [139.0300485040001, -35.13087990899993], [139.03006436700002, -35.13070365599998], [139.03011062200005, -35.13047063899995], [139.0301841920001, -35.130309634999946], [139.0302995300001, -35.13010160299996], [139.03040918500005, -35.129888705999974], [139.03054091500007, -35.129723868999974], [139.0306305050001, -35.12962037199998], [139.03084688700005, -35.12955710099993], [139.0310671320001, -35.12957499399994], [139.0312102700001, -35.12960687899994], [139.03129816800003, -35.12962645799996], [139.031470129, -35.12971989299996], [139.03159076600002, -35.12977432699995], [139.03173915900004, -35.12988169299996], [139.03192032000004, -35.13007546799997], [139.03203194200012, -35.130263329999934], [139.0321217170001, -35.13039360299996], [139.03228334100004, -35.130434391999984], [139.0325050680001, -35.13039028399993], [139.0326820780001, -35.13027389299998], [139.03281959900005, -35.130109155999946], [139.03309948000003, -35.12961091699998], [139.03318150000007, -35.12946490799993], [139.0334568820001, -35.128974676999974], [139.03365331300006, -35.12872550099996], [139.0338439510001, -35.12852758599996], [139.03389802800007, -35.12844607799997], [139.03391487700003, -35.128271138999935], [139.0339483670001, -35.12808562199996], [139.03399985200008, -35.12787654699997], [139.03408581600002, -35.12768234899994], [139.03414752800006, -35.12753068999996], [139.03418147900004, -35.12732609999995], [139.0342507910001, -35.12705498399998], [139.03432553300001, -35.126889534999975], [139.03446362300008, -35.126700942999946], [139.0346484920001, -35.12649880599997], [139.03491805900012, -35.126154920999966], [139.03523980900002, -35.12593201399994], [139.03547290900008, -35.125512981999975], [139.03556220500002, -35.125298131999955], [139.03556826200008, -35.12516722999993], [139.03543247100004, -35.12488777599998], [139.0353387340001, -35.12469959999993], [139.03532737000012, -35.124664279999934], [139.03526006100003, -35.12445507399997], [139.035248646, -35.12423769099996], [139.0353801220001, -35.124082389999955], [139.0356453290001, -35.12391972199998], [139.0359439880001, -35.12381483899998], [139.03624092300004, -35.123781479999934], [139.0365078100001, -35.12379058199997], [139.03662577300008, -35.12378883599996], [139.0368156720001, -35.123786027999984], [139.0370617420001, -35.12369460299993], [139.03716941400012, -35.123562763999985], [139.03723947800006, -35.123385249999956], [139.03725076000012, -35.123180307999974], [139.03726060600002, -35.12300143599998], [139.03724830500005, -35.122676783999964], [139.03723323500003, -35.12242478999997], [139.0372320560001, -35.12240507599995], [139.0372244880001, -35.12227850499994], [139.03725516600002, -35.12207558299997], [139.03723223500003, -35.12191312199997], [139.0370028960001, -35.12112701199993], [139.0370156780001, -35.120935058999976], [139.03713173200003, -35.12071680199995], [139.03742418600007, -35.120446862999984], [139.03757498900006, -35.120309591999956], [139.037611727, -35.12026166099997], [139.03785671100002, -35.11994203799998], [139.0380066020001, -35.119828867999956], [139.03817435200006, -35.11970221499996], [139.0382588120001, -35.119638444999964], [139.03856532400005, -35.11950802499996], [139.03889740300008, -35.11940071799995], [139.03898305300004, -35.11937314599993], [139.03913731700004, -35.119323487999964], [139.0391563920001, -35.11931131899996], [139.03920742100001, -35.11927876499993], [139.03941444100008, -35.11914669599997], [139.03956354500008, -35.118982124999945], [139.03962521900007, -35.11889529699994], [139.0396507260001, -35.11885938699993], [139.03968642100006, -35.11880913299996], [139.03983283500008, -35.11864776799996], [139.04006988700007, -35.118505339999956], [139.04008026100007, -35.118499105999945], [139.04021458300008, -35.118369315999985], [139.04032082800006, -35.11826665399997], [139.0404009140001, -35.118159927999955], [139.04050608600005, -35.11801977699997], [139.04050991400004, -35.11801467499998], [139.04051394100009, -35.11801241699993], [139.04063320600005, -35.11794554299996], [139.04071647800004, -35.11787489599993], [139.04075973700003, -35.11782379099998], [139.0408240370001, -35.11774782499998], [139.0408951600001, -35.11768695199993], [139.04094979800004, -35.117587653999976], [139.0409521240001, -35.11758107299994], [139.04099339800007, -35.117464317999975], [139.04103187700002, -35.11731227299998], [139.04094789900012, -35.11718211699997], [139.04095188700012, -35.11714134899995], [139.04096327500008, -35.11702492399996], [139.0410512960001, -35.11687250399996], [139.04108436100012, -35.11678852799997], [139.0410941980001, -35.11676354399998], [139.04111839300003, -35.116520616999935], [139.04116826000006, -35.11650010999995], [139.0412000010001, -35.11648705699997], [139.0412118160001, -35.11646429599995], [139.04124531800005, -35.11639975399993], [139.04122628000005, -35.116289603999974], [139.04108394600007, -35.11601217699996], [139.0409474490001, -35.115746126999966], [139.04089646500006, -35.115692827999965], [139.04082012600009, -35.115486449999935], [139.0408103840001, -35.115400190999935], [139.04079613300007, -35.11527614999994], [139.0407997860001, -35.11512354399997], [139.04083724100008, -35.11501442699995], [139.04088549900007, -35.114938879999954], [139.04100398700007, -35.11487526299993], [139.0410148940001, -35.11486940699996], [139.04113722400007, -35.114852300999985], [139.0412457230001, -35.11485699899998], [139.0413170180001, -35.11485998099994], [139.04146654700003, -35.114919648999944], [139.04157033400008, -35.11494994499998], [139.04169804700007, -35.114992960999984], [139.0417488820001, -35.11501008299996], [139.04191023700002, -35.115060394999944], [139.04208505300005, -35.11509433799995], [139.04222842000001, -35.115108471999974], [139.0423761820001, -35.11511985299995], [139.04247251900006, -35.115127272999985], [139.04257626700007, -35.11508820199998], [139.04264977900004, -35.11506051699996], [139.04278611200004, -35.11498224099995], [139.0429488410001, -35.114793608999946], [139.04307488200004, -35.11467370299994], [139.04310382000006, -35.114615011999945], [139.04312466200008, -35.11457274299994], [139.04313538600002, -35.114550993999956], [139.0431445260001, -35.11453245599995], [139.04318047000004, -35.11432623099995], [139.0431916330001, -35.11426218499997], [139.0431888930001, -35.11406557899994], [139.0431006010001, -35.11399441599997], [139.0430759420001, -35.11397454099995], [139.04304147000005, -35.11388599199995], [139.04300597300005, -35.11367073799994], [139.04303216100004, -35.11354712299993], [139.0430803800001, -35.113479781999956], [139.04309309000007, -35.11346203099998], [139.04311323900004, -35.113412196999946], [139.04315243700012, -35.11331524999997], [139.0431600810001, -35.113296341999956], [139.0431802280001, -35.11318217699994], [139.0432497810001, -35.11309460299998], [139.04332987600003, -35.11299375699997], [139.043379855, -35.11295163799997], [139.04357840000011, -35.11278430999994], [139.0438003370001, -35.11250043299998], [139.0438746530001, -35.112306031999935], [139.04390737900007, -35.11221845399996], [139.04393667600004, -35.11214006199998], [139.04392234600004, -35.11201102299998], [139.0439207070001, -35.11193951599995], [139.0439195020001, -35.11188693799994], [139.04392582100002, -35.11183546199993], [139.04394112900002, -35.111710770999935], [139.0439628270001, -35.111576895999974], [139.0439820030001, -35.11145857799994], [139.04397341300012, -35.11128337699995], [139.043955997, -35.11123289899996], [139.0439546990001, -35.11122913599996], [139.0439562050001, -35.11122909899996], [139.04393649600001, -35.111176375999946], [139.04386855600012, -35.11110371899997], [139.04386492800006, -35.11101301799994], [139.04389622400004, -35.11091810999994], [139.04392641700008, -35.110836510999945], [139.0439543330001, -35.11076106399997], [139.04394380100007, -35.110627861999944], [139.04394745000002, -35.11047525499998], [139.04396281100003, -35.11031807899997], [139.0439865620001, -35.11023244099994], [139.04398432400012, -35.11014667499995], [139.04391536600008, -35.11006947299995], [139.043910825, -35.110064389999934], [139.04391375400007, -35.110025363999966], [139.0439222760001, -35.10991179599995], [139.04387109300012, -35.10977711099997], [139.04386577000002, -35.109763105999946], [139.0438041100001, -35.10962498499998], [139.04375263400004, -35.10959507699994], [139.04377306800006, -35.10946121899997], [139.04389106400004, -35.109191031999956], [139.0439058510001, -35.10912003799996], [139.04392591600003, -35.10902371299994], [139.04391679900004, -35.108843182999976], [139.04388310600007, -35.10871185999997], [139.04387564800004, -35.10868278799995], [139.04383529100005, -35.10862614399997], [139.04372257300008, -35.10846793799993], [139.04357374800009, -35.10813634999994], [139.0434961530001, -35.107982439999944], [139.04348237500005, -35.10792962099998], [139.04323652900007, -35.10768903], [139.04306639900005, -35.10750319699997], [139.04284394900003, -35.107337402999974], [139.042638914, -35.10717188399997], [139.0423924470001, -35.10703909599994], [139.0422538580001, -35.107008237999935], [139.0420565500001, -35.10700504399995], [139.04194709, -35.106969883999966], [139.04184411900007, -35.10690620299994], [139.04180532400005, -35.106829242999936], [139.04179725200004, -35.106681220999974], [139.04185164700004, -35.106591453999954], [139.0418889450001, -35.10654526199994], [139.04194317000008, -35.106478107999976], [139.0419845680001, -35.106374148999976], [139.04199879700002, -35.10626465399997], [139.04204932000005, -35.106127036999965], [139.04203000100006, -35.10595256199997], [139.04195854700004, -35.10576307799994], [139.04187049200004, -35.105561285999954], [139.0417679830001, -35.10547852899998], [139.04169493000006, -35.10537716099998], [139.04165119100003, -35.10526671599996], [139.04166036100003, -35.105123756999944], [139.0416849070001, -35.10497497599994], [139.04165105700008, -35.10478488499996], [139.04154842700007, -35.1047069], [139.0414121230001, -35.10458065299997], [139.04138481600012, -35.10450865799993], [139.04131636700004, -35.10442204699996], [139.04127399700008, -35.104382440999984], [139.04118093700004, -35.10429544599998], [139.0410672710001, -35.10419342299997], [139.04098516300007, -35.10404590699994], [139.04087784900003, -35.10386118399998], [139.0408044610001, -35.10377412599996], [139.04081912100003, -35.10359830899995], [139.04082523700004, -35.10358500199993], [139.04096732300002, -35.103275838999934], [139.04109284100002, -35.10312520499997], [139.04109831300002, -35.10289629999994], [139.04104155900006, -35.10259959699994], [139.0409487280001, -35.10235479199997], [139.0408775200001, -35.102177119999965], [139.04085502600003, -35.10212719699996], [139.0408168890001, -35.10204255699995], [139.04073815700008, -35.10193633499995], [139.04065840400006, -35.10187302199995], [139.04053006100003, -35.10176972399995], [139.04044200200008, -35.101697781999974], [139.0403820580001, -35.10153460499998], [139.04019526500008, -35.101092679999965], [139.04009435000012, -35.100943160999975], [139.0400910630001, -35.10083814799998], [139.0401262470001, -35.10071498699995], [139.04022420500007, -35.100611311999955], [139.0404199830001, -35.10052572899997], [139.04044244400006, -35.10050262599998], [139.04049933400006, -35.10044410699993], [139.04056760900005, -35.10033061699994], [139.04069129000004, -35.10025628999995], [139.04084376100002, -35.100191956999936], [139.04090005400008, -35.10012321299996], [139.0410198940001, -35.100044614999945], [139.04108885800008, -35.099895369999956], [139.041133359, -35.09973388199995], [139.04111254500003, -35.09963336399994], [139.0410393960001, -35.09953676499998], [139.04098812900008, -35.09946115799994], [139.04096090100006, -35.09942100099994], [139.0409345050001, -35.09931084799996], [139.0408730800001, -35.09920967399995], [139.04079992000004, -35.099113074999934], [139.0406619160001, -35.09905836099995], [139.04062290000002, -35.098990940999954], [139.0406494130001, -35.09885302099997], [139.04072224300012, -35.09872062299996], [139.04091249600003, -35.09853286699996], [139.04109021700003, -35.09838307499996], [139.04115530700005, -35.09833164899993], [139.04127295500007, -35.098266759999944], [139.04138460900003, -35.09813415799994], [139.04151029700006, -35.09805114499994], [139.0415586580001, -35.09797082499995], [139.04165947500007, -35.097881805999975], [139.04182353900012, -35.09781767399994], [139.04201689500007, -35.097736244999965], [139.04218696700002, -35.09764335099993], [139.0422781970001, -35.097495838999976], [139.0423479220001, -35.09743887899998], [139.04249734400003, -35.09731873499993], [139.0425504750001, -35.09727601399993], [139.04259239100008, -35.097222328999976], [139.0425935840001, -35.097100212999976], [139.042580616, -35.096965076999936], [139.0425721690001, -35.096877045999975], [139.0425489710001, -35.09676306599994], [139.04249865300005, -35.09669617499998], [139.0424041010001, -35.09664149899993], [139.04226779700002, -35.096595553999975], [139.04207960700012, -35.096576649999975], [139.04192430600006, -35.09651689799995], [139.0417613180001, -35.09645821299995], [139.0416399940001, -35.09651229999997], [139.0415578850001, -35.096564229999956], [139.04153202800012, -35.09658058399998], [139.04145599700007, -35.09658543299997], [139.04120901400006, -35.096572127999934], [139.04109239000002, -35.09659409799997], [139.04092742600005, -35.09655263099995], [139.04077255100003, -35.096513699999946], [139.0406244510001, -35.09650065799997], [139.04038097700004, -35.0964871799999], [139.04025902, -35.09648998299997], [139.04013239300002, -35.09644499399997], [139.04005240900005, -35.096391222999955], [139.03999063700007, -35.09630435699995], [139.03989439600002, -35.09620260999998], [139.0397966700001, -35.09616286299996], [139.03965218200005, -35.09613667899998], [139.03947925300008, -35.09608617099997], [139.03934633500012, -35.09603660799996], [139.03913805600007, -35.096032943999944], [139.03899230800005, -35.09605921199994], [139.03890458400008, -35.096086412999966], [139.03874143300004, -35.09611240299995], [139.03852732100006, -35.096085080999956], [139.03830151500006, -35.09610038099993], [139.0381559640001, -35.09607906999997], [139.037977468, -35.09601893299998], [139.03769532, -35.09592371799994], [139.03741425700002, -35.09580403699994], [139.0372702950001, -35.09573555299994], [139.03720174600005, -35.09564910299997], [139.03703073000008, -35.09554298799998], [139.03689630200006, -35.09539792399994], [139.03678636300003, -35.09529771899997], [139.0367602650001, -35.09527392999996], [139.03665178100005, -35.09514350799998], [139.03657363600007, -35.09501343799997], [139.03659402300002, -35.09488972999998], [139.0366596760001, -35.09481446199993], [139.03671453200002, -35.094705620999946], [139.03682689700008, -35.09459347099994], [139.03688166900008, -35.09443695099998], [139.03698655300002, -35.094376214999954], [139.0370854690001, -35.09430239699998], [139.0372056010001, -35.094192652999936], [139.0372508380001, -35.09415132699996], [139.03731688800008, -35.094087918999946], [139.0374709680001, -35.09401937699994], [139.0377988250001, -35.09384110999997], [139.03793460300005, -35.09377323899997], [139.03806132700004, -35.09365366399993], [139.0381314540001, -35.093599015999985], [139.0381675220001, -35.093524971999955], [139.0382301410001, -35.093275879999965], [139.03823018900005, -35.093168498999944], [139.0382192720001, -35.093125122999936], [139.03817301000004, -35.092941318999976], [139.0381293480001, -35.09275309699996], [139.03810484300004, -35.09258076699996], [139.03806475200008, -35.09247105199995], [139.0381264230001, -35.09237543599994], [139.03810289600005, -35.09216109999994], [139.03810647600005, -35.09193702699997], [139.03806667700007, -35.09178780299993], [139.03805760000012, -35.09158829699993], [139.03805960600005, -35.09136872499994], [139.03801631300007, -35.09117216799996], [139.03793896700006, -35.09100871099997], [139.03788506600006, -35.09083609199996], [139.03780818000007, -35.090653560999954], [139.03780023000002, -35.090500762999966], [139.03785633000007, -35.090339470999936], [139.03797000100008, -35.09019818699994], [139.03814144000012, -35.09010397299994], [139.03842006900004, -35.09004475699993], [139.03866985600007, -35.08999964299994], [139.038774514, -35.08998197799997], [139.03882938300012, -35.08997271699997], [139.03891497400002, -35.08991062999996], [139.03893998500007, -35.089869832999966], [139.03895487600005, -35.08984554199998], [139.03911790300003, -35.08974175499998], [139.03912933700008, -35.08973447699998], [139.03922970100007, -35.089702760999955], [139.03938355000003, -35.08960994299997], [139.03938084700007, -35.08955056099995], [139.0393244280001, -35.089385231999984], [139.03927438100004, -35.08929377399994], [139.0391609730001, -35.08918221399995], [139.03903749900007, -35.08914009799997], [139.0389082050001, -35.08907316699998], [139.03881105200003, -35.08900957599997], [139.03870161400005, -35.08897441399995], [139.03857375000007, -35.08898188399996], [139.0385271570001, -35.088976155999944], [139.03843527000004, -35.088964859999976], [139.03833189500006, -35.08890164699994], [139.03820016400005, -35.08882794799996], [139.0380816380001, -35.088687678999975], [139.0380321680001, -35.088572382999985], [139.0379709780001, -35.088461663999965], [139.03792592900004, -35.08840369199993], [139.03789977600002, -35.08828399499998], [139.0377751100001, -35.08815793599996], [139.03771483200012, -35.08800906899995], [139.03766592600005, -35.087869927999975], [139.0375711810001, -35.087706192999974], [139.0374568750001, -35.087455991999946], [139.03740141800006, -35.08729693399994], [139.03739996900003, -35.08714723399993], [139.03740616700009, -35.08696327699994], [139.03738971600012, -35.08680158699997], [139.03732886500006, -35.08667656299997], [139.03720295900007, -35.086476801999936], [139.0372169000001, -35.08634739399997], [139.0371218140001, -35.08628257299995], [139.03710151300004, -35.086233979999975], [139.03712041100005, -35.08617226299998], [139.0371649020001, -35.08601078499993], [139.03716299300004, -35.085848547999944], [139.03723172200012, -35.08564452], [139.03734061000011, -35.08546022399997], [139.03743754900006, -35.085290044999965], [139.03756189800004, -35.08518710399994], [139.03769272800002, -35.08505564699993], [139.0378530260001, -35.08490557899995], [139.03800058100012, -35.08480300799994], [139.0380745650001, -35.08472042699998], [139.03812222700003, -35.084667227999944], [139.03813944400008, -35.084633760999964], [139.03820839500008, -35.08460942099998], [139.03825274400003, -35.084543174999965], [139.03826044100003, -35.08445210699995], [139.038203005, -35.08434829599997], [139.03812906200005, -35.08428508199995], [139.0380495610001, -35.08421223399995], [139.03793455100003, -35.08416743599997], [139.03780709900002, -35.084118117999935], [139.03766683600008, -35.084084408999956], [139.03748265700006, -35.084077229999934], [139.03747527200005, -35.08407835199995], [139.0373803980001, -35.084092760999965], [139.03719355700002, -35.084088650999945], [139.03712508, -35.08403983299996], [139.03708346000008, -35.08396976499995], [139.03703829300002, -35.08391540699995], [139.03698041500002, -35.08377987399996], [139.0368430110001, -35.08370130999998], [139.03668184900005, -35.08364352799998], [139.03659046000007, -35.08367730699996], [139.0364800850001, -35.08362495299997], [139.03634813700012, -35.08354465799994], [139.03625583000007, -35.08350097699997], [139.03614094500006, -35.083451406999984], [139.03600949200006, -35.08332008299993], [139.03603582800008, -35.083248494999964], [139.03598603600005, -35.08315933799997], [139.03591184700008, -35.08306649699995], [139.03577973400002, -35.08297911799997], [139.0356659680001, -35.082925856999964], [139.03559280700006, -35.08291483199997], [139.03551207400005, -35.08285537399996], [139.03533411900003, -35.082847568999966], [139.0351709580001, -35.08275083199993], [139.0350567370001, -35.082680067999945], [139.0349126210001, -35.08263955799998], [139.03486768900007, -35.082576813999935], [139.03481437200003, -35.08238035499994], [139.03480921000005, -35.08226457099994], [139.03480868500003, -35.08225279599998], [139.03473957200003, -35.082157810999945], [139.03474102600012, -35.08207187499994], [139.03478565700004, -35.08193397599996], [139.0348090880001, -35.08180112599996], [139.03484164500003, -35.08172720699997], [139.03491018400007, -35.08166531799998], [139.03492469100001, -35.08165221799993], [139.0349559970001, -35.08155731699998], [139.03495543000008, -35.08155186099998], [139.03494656300006, -35.08146651299995], [139.03498900500006, -35.081390873999965], [139.03503780900007, -35.08128195499995], [139.035069571, -35.08117749899998], [139.03516460100002, -35.08105815899995], [139.0352238920001, -35.08098369999993], [139.0353507520001, -35.080708829999935], [139.03536084600012, -35.08068696], [139.03540687500004, -35.080609152999955], [139.03546832200004, -35.08050528199993], [139.03547590000005, -35.080491060999975], [139.03556597300008, -35.080322043999956], [139.0357568720001, -35.08010636299997], [139.03582343000005, -35.079992267999955], [139.03587896300007, -35.07985480899998], [139.03587090400003, -35.07970679199997], [139.03576514100007, -35.07951902299993], [139.0357361880001, -35.07947667399998], [139.03565299900004, -35.07935499799993], [139.03561978900007, -35.07928766799995], [139.03555155200002, -35.079229314999964], [139.03547820000006, -35.07914225299993], [139.03540665800006, -35.07902301099995], [139.03532694500007, -35.07891557599993], [139.03529407300005, -35.07883394399994], [139.03527253700008, -35.078756691999956], [139.03528391400005, -35.078702790999955], [139.0353361220001, -35.07857819399993], [139.035352417, -35.07855656899994], [139.0354009350001, -35.078492178999966], [139.0354588450001, -35.07842126399993], [139.03563663900002, -35.07834334399996], [139.03572087500004, -35.07832556999995], [139.03574162200005, -35.078321192999965], [139.03591497500008, -35.07835262399993], [139.036115837, -35.07844652299997], [139.03616512100007, -35.07847528299993], [139.03632267400008, -35.078567213999975], [139.03638239000009, -35.078546192999966], [139.0364149510001, -35.078509372999974], [139.0364145100001, -35.07846246799994], [139.03641364300006, -35.07837023899998], [139.036404929, -35.07834840399994], [139.03637531700008, -35.07827420199993], [139.0363324210001, -35.07818463799998], [139.03632005100008, -35.07815881099998], [139.03626432400006, -35.07806249499998], [139.03623263400004, -35.07803720399994], [139.03617890400005, -35.077994322999984], [139.0361746000001, -35.07797719499996], [139.03617156100006, -35.07796510199995], [139.0361524210001, -35.077888936999955], [139.03615561900006, -35.077755406999984], [139.0361390280001, -35.07768182499996], [139.0361189020001, -35.07759261399997], [139.03605202900007, -35.077477027999976], [139.03596752300007, -35.07737070799993], [139.0358365080001, -35.077268396999955], [139.03570490900006, -35.07718993299994], [139.035573547, -35.077101927999934], [139.0354594700001, -35.077018978999945], [139.03537326200012, -35.07698419199994], [139.03526326500003, -35.07697286299998], [139.03510083600008, -35.07697023199995], [139.03504733900002, -35.07697145999998], [139.0349789070001, -35.07697302999998], [139.034834788, -35.07693252799993], [139.03474213000004, -35.07684910199998], [139.03472686500004, -35.07683535899997], [139.03461742000002, -35.07672835099993], [139.03460778700003, -35.07671893099996], [139.0343841780001, -35.07660558499998], [139.0342416730001, -35.07649831799995], [139.03418855000007, -35.07645366699995], [139.03417928800002, -35.076426519999984], [139.03417411700002, -35.076411347999965], [139.03418207000004, -35.076301884999964], [139.0341827730001, -35.07629221399998], [139.03415802300003, -35.07621901899995], [139.03413804600007, -35.07615993999997], [139.03405576300008, -35.07602299499996], [139.0339951620001, -35.07588843499997], [139.03393296600007, -35.07578488199994], [139.03391703700004, -35.07575835999995], [139.03389436600003, -35.07566768199996], [139.03383926100003, -35.075471980999964], [139.03383633500005, -35.07546158799994], [139.03377014300008, -35.075350467999954], [139.0336795620001, -35.07522421599998], [139.03355111400003, -35.07507481099998], [139.03333332500006, -35.07490959799998], [139.03313077100006, -35.074755944999936], [139.03297186100008, -35.074675627999966], [139.03291080400004, -35.074644768999974], [139.032709962, -35.07447967199994], [139.03268132200003, -35.07444138899996], [139.03260803400008, -35.07434342799996], [139.03253097200002, -35.07427125899994], [139.03245944800005, -35.07427748199996], [139.03231196700006, -35.074236105999944], [139.03209830800006, -35.07416405799995], [139.03196567500004, -35.074120481999955], [139.03181090600003, -35.07404966799993], [139.0318053850001, -35.07404286599996], [139.03167053200002, -35.07387672799996], [139.03148276600007, -35.073733483999945], [139.03147327400006, -35.07369545599994], [139.03148500300006, -35.07360546499996], [139.03158191700004, -35.073521814999935], [139.03170782200004, -35.073443450999946], [139.03197436000005, -35.073284231999935], [139.03213224400008, -35.07323431899994], [139.03228398600004, -35.07319860999996], [139.03250429500008, -35.07320696099998], [139.03269777800006, -35.07312422899997], [139.03270873300005, -35.07311857899998], [139.03272687100002, -35.07310922599993], [139.03286818100003, -35.07303635399995], [139.0329680430001, -35.07298548899996], [139.0330516670001, -35.072886660999984], [139.03299617400012, -35.07278080999998], [139.03295892500012, -35.07258634699997], [139.03295492300003, -35.072565450999946], [139.03295323700002, -35.07239368799998], [139.03292778500008, -35.07224538], [139.03290542500008, -35.071968313999946], [139.0328831060001, -35.07177872799997], [139.0328727540001, -35.07160984099994], [139.0329113580001, -35.071459223999966], [139.03296421000005, -35.07138728199993], [139.03303211800005, -35.07128338599995], [139.03309551100006, -35.07110550599998], [139.0331261120001, -35.07099389599995], [139.03322178000008, -35.07087617899998], [139.03330664600003, -35.07072489199993], [139.0333565940001, -35.07062604199996], [139.03339715100003, -35.070500067999944], [139.03343520800001, -35.070445510999946], [139.0335007760001, -35.07038410299998], [139.03355714300005, -35.07033131299994], [139.03367493500002, -35.070242416999974], [139.03371812600005, -35.070209820999935], [139.03377374000002, -35.07012182099993], [139.033845336, -35.06999446999998], [139.03392116300006, -35.069918444999985], [139.0339786190001, -35.06980549699995], [139.03405631400005, -35.06971134599996], [139.03416619900008, -35.06952897699995], [139.03416877000006, -35.06952470999994], [139.03416970800004, -35.06952440599997], [139.03428803100007, -35.069486111999936], [139.03443658900005, -35.06934062199997], [139.03448508200006, -35.06925425099996], [139.0344778870001, -35.06920250799993], [139.03453103700008, -35.06910308899995], [139.034513994, -35.06892840199998], [139.03448526700004, -35.06885740299998], [139.0343523680001, -35.06875881199994], [139.03435160700008, -35.06875803799994], [139.0343015310001, -35.06868633499994], [139.0341428050001, -35.06860817199998], [139.03405011600012, -35.06851855999997], [139.0340068050001, -35.06838904999995], [139.0339159770001, -35.06823909399998], [139.03387031700004, -35.06818221699996], [139.03382462900004, -35.068125305999956], [139.0337146700001, -35.06798834199998], [139.03352675500003, -35.06780492699994], [139.03341900600003, -35.067735468999956], [139.0333559290001, -35.067644067999936], [139.03331246200003, -35.06758108399998], [139.03321637200008, -35.06747456399995], [139.0331301750001, -35.06743977599996], [139.03295501800005, -35.06748463899993], [139.03288166200002, -35.06748344899995], [139.03279840800008, -35.06748209899996], [139.0326134830001, -35.067450476999966], [139.0324690540001, -35.06742427699993], [139.03231324400008, -35.06738835699997], [139.03214618100003, -35.06733793899997], [139.03199070900007, -35.067287706999934], [139.03187085800005, -35.067204652999976], [139.0317124510001, -35.06703510799997], [139.0316091960001, -35.06698572799996], [139.03142264500002, -35.06690277799993], [139.03125857600003, -35.066846451999936], [139.03115009300006, -35.06677313399996], [139.03105316100005, -35.066733356999976], [139.03096718300003, -35.06667309799997], [139.03087661400002, -35.06656354399996], [139.0308773170001, -35.06647792699994], [139.03083598500007, -35.06643278599995], [139.030898427, -35.066252299999974], [139.03090294300011, -35.06613916099997], [139.03085287600004, -35.06604553899996], [139.0308107520001, -35.06592320499993], [139.03091268700007, -35.06580978599993], [139.0309992450001, -35.06576934199995], [139.0312061300001, -35.06564814999996], [139.03138885300007, -35.065544312999975], [139.0315830720001, -35.06541573499993], [139.03177130900008, -35.06530906499995], [139.03195260400003, -35.065249983999934], [139.03213981600004, -35.065186231999974], [139.0322875930001, -35.06512328399998], [139.03258613100002, -35.06507585299994], [139.03306218400007, -35.064953119999984], [139.03325462200007, -35.06491330599994], [139.03334026800007, -35.06490034199993], [139.033425028, -35.064887511999984], [139.03353465200007, -35.06485472799994], [139.03354405800007, -35.064801659999944], [139.0335479480001, -35.06477971299995], [139.03359129600005, -35.06466592299995], [139.03359496000007, -35.06451331699998], [139.03353693600002, -35.06436020399997], [139.0335349290001, -35.06435490999996], [139.03346681900007, -35.06429178399998], [139.03332373800004, -35.06419264999994], [139.0331811310001, -35.064128127999936], [139.033001473, -35.06409817799994], [139.0329306110001, -35.06414950899995], [139.0328092740001, -35.06412845899996], [139.0325394130001, -35.06400957799997], [139.0323346030001, -35.063940842999955], [139.03203907400007, -35.063848202999964], [139.03179979000004, -35.06376367799993], [139.03152717600005, -35.06373595599996], [139.03138195100007, -35.063642528999935], [139.03126558600002, -35.063599618999945], [139.03105654500007, -35.06347807399993], [139.030986653, -35.063413123999965], [139.03096439900003, -35.06339244299994], [139.03087434500003, -35.063276481999935], [139.03087697500007, -35.06316679599996], [139.03079238600003, -35.06306523999996], [139.03079467800012, -35.062969866999936], [139.03086190400006, -35.06282783199998], [139.03099408900005, -35.06263914699997], [139.03106706200003, -35.06243894199997], [139.03110105100006, -35.06229262699998], [139.03110473800007, -35.06222306199993], [139.03111166200006, -35.06209242299997], [139.03107698700012, -35.06201253399996], [139.03106620800008, -35.061987700999964], [139.031051186, -35.061953089999975], [139.03096583800004, -35.06184538799994], [139.03095544600012, -35.06183227399998], [139.0308828000001, -35.061716590999936], [139.030780004, -35.061648135999974], [139.03064660200005, -35.06164596399998], [139.0304590710001, -35.06172402499993], [139.03024866700002, -35.061787393999964], [139.03014903200005, -35.06182871699997], [139.0300156400001, -35.061826543999985], [139.02983072900008, -35.061794919999954], [139.02962261800008, -35.06176291299994], [139.0294669320001, -35.06172221799994], [139.02926451100006, -35.06169507499993], [139.02914316600004, -35.06167402099993], [139.02908097600005, -35.06160621499998], [139.02909693100003, -35.06142518599995], [139.0290899150001, -35.06123424499998], [139.02904018800007, -35.061074892999954], [139.02903604800008, -35.06106162499998], [139.02903396800002, -35.06066562199993], [139.029014554, -35.06050787299995], [139.02906927300012, -35.06040380299993], [139.02913148200003, -35.060237841999935], [139.0291360980001, -35.06003755099994], [139.02916922200006, -35.059866340999974], [139.02919551500008, -35.05973795299997], [139.02924978300007, -35.05965296499994], [139.02935647300012, -35.05955928299994], [139.02951523000002, -35.059244271999944], [139.0295179000001, -35.05923878599998], [139.0295883860001, -35.05912454199995], [139.0296764960001, -35.058981750999976], [139.0297749560001, -35.058822189999944], [139.02977829100007, -35.058812289999935], [139.02981822300012, -35.05869373999997], [139.02989217700008, -35.05851365799998], [139.0299547510001, -35.058323848999976], [139.0300390420001, -35.05819640499993], [139.03008968500012, -35.05802071299996], [139.03013394800007, -35.05786876399998], [139.03017298500004, -35.05769288699997], [139.03021087000002, -35.05756469299996], [139.0302911770001, -35.05741578299995], [139.0303107730001, -35.05727052399993], [139.03033252700004, -35.05708959599997], [139.03039333100003, -35.056836852999936], [139.0304007430001, -35.05671976799994], [139.03040142700002, -35.05669837599993], [139.03041241800008, -35.05635453899998], [139.03041486400002, -35.05626786399995], [139.0304291550001, -35.05616599099994], [139.0304373880001, -35.05610729999995], [139.03044923200002, -35.05597027799996], [139.0304870120001, -35.05577061099996], [139.03047941600005, -35.05560351299994], [139.03056496800002, -35.055423615999985], [139.0306163990001, -35.05521453599994], [139.0306186900001, -35.055119152999964], [139.0306666890001, -35.05505314699997], [139.03072099200006, -35.055018304999976], [139.0307609670001, -35.05499265599997], [139.03080035000005, -35.05480247299994], [139.03079287700007, -35.05463059599998], [139.03074037700003, -35.054400750999946], [139.03068892400006, -35.05423843999995], [139.03067288700004, -35.05407047299997], [139.030647433, -35.053922170999954], [139.0306239150001, -35.05378262399995], [139.03058292800006, -35.05370640199993], [139.0305441270001, -35.053634245999945], [139.03050196800007, -35.05345705099995], [139.03053314500005, -35.053366909999966], [139.03064688100005, -35.05322086599995], [139.03081662700004, -35.053166406999935], [139.03082019700003, -35.053165261999936], [139.03084878800007, -35.053132517999984], [139.03091776700012, -35.05305351699997], [139.03102428800003, -35.053051600999936], [139.03105707100008, -35.05305101099998], [139.0311969380001, -35.05302465899996], [139.0313326700001, -35.05294542299998], [139.03145473900008, -35.05291911099994], [139.03157255100007, -35.052844695999966], [139.03160648100004, -35.05278511399996], [139.03164523200007, -35.05271706499997], [139.03170574700005, -35.05262226699995], [139.03171757400003, -35.05260373899995], [139.03177911400007, -35.05245684799996], [139.03177606500003, -35.05234229599995], [139.0317569240001, -35.05230202699994], [139.03170979300012, -35.052202868999984], [139.03127320700003, -35.051780734999966], [139.03114383700006, -35.051611659999935], [139.03110156500009, -35.05143922499997], [139.03115231300012, -35.05125876099993], [139.0311428020001, -35.05119706199997], [139.0311245790001, -35.05107884599994], [139.0311122390001, -35.051001706999955], [139.03096336400006, -35.050902106999956], [139.03079790200002, -35.050696432999985], [139.03065473700008, -35.05047782099996], [139.03053661400008, -35.05032324399997], [139.0304352180001, -35.050197553999965], [139.03040986300005, -35.05017734499995], [139.03032957900007, -35.05011335599994], [139.03025398900002, -35.05001331999995], [139.03014099200004, -35.04988745099996], [139.03001525000002, -35.04980907199996], [139.0299534070001, -35.04972696999994], [139.02984039900002, -35.04960109299998], [139.02972056300007, -35.04951804499996], [139.02949306900007, -35.049328284999945], [139.02934607600002, -35.049168462999944], [139.02933671300002, -35.04912921899995], [139.02931441400005, -35.04903452999997], [139.02929976500002, -35.048919790999946], [139.02932467900007, -35.04884864299993], [139.02938702100005, -35.04866836499997], [139.0294541390001, -35.048531097999955], [139.02963631700004, -35.04843387799997], [139.029772556, -35.04831682099996], [139.0298854880001, -35.04820415399996], [139.0299581690001, -35.04807653199998], [139.0300126420001, -35.04798199499993], [139.03009726400012, -35.04784025299995], [139.03014879900002, -35.04777533199996], [139.0301757430001, -35.047690891999935], [139.03019556200002, -35.047612270999934], [139.03027994, -35.047480640999936], [139.030328058, -35.047409863999974], [139.0304871400001, -35.047307488999934], [139.03063169300003, -35.04717724699998], [139.03078362100007, -35.047040366999965], [139.03079106000007, -35.04703525799994], [139.03096055800006, -35.046919195999976], [139.0310410310001, -35.04687005899996], [139.03127259000007, -35.04672866699997], [139.03150115200003, -35.04663218799993], [139.03166526300004, -35.046516818999976], [139.03168374000006, -35.04646011899996], [139.0317290690001, -35.04632101699997], [139.031849512, -35.04613691099996], [139.03183412400006, -35.04600185399994], [139.03186079800003, -35.04590810199994], [139.0318193290001, -35.04575962299998], [139.03178150200006, -35.045712262999984], [139.03170307200003, -35.04561416299998], [139.03163449200008, -35.04542735399997], [139.031605043, -35.04533170099995], [139.03155588200002, -35.045172013999945], [139.0314991360001, -35.0450244099999], [139.0314561780001, -35.044880589999934], [139.0314556080001, -35.044839819999936], [139.03145404500003, -35.04472789599998], [139.03146414900004, -35.044603620999965], [139.03148189900003, -35.04438515999993], [139.0314435580001, -35.04419817399997], [139.03143972600003, -35.04405980599995], [139.03141564200007, -35.043925430999934], [139.031430999, -35.043716882999945], [139.0314296890001, -35.04367781899998], [139.03142664000006, -35.04358698499993], [139.03147155200008, -35.04355167199998], [139.03155184700006, -35.04348853999994], [139.0315968420001, -35.043299969999964], [139.03165095000008, -35.04313533499993], [139.03163469000003, -35.04307196899998], [139.0316550340001, -35.043013437999946], [139.0317727380001, -35.04293203999998], [139.03184380200003, -35.042882918999965], [139.03206586300007, -35.04281495299995], [139.03226404500003, -35.04277524199995], [139.03236479600002, -35.042781943999955], [139.0324660880001, -35.042816683999945], [139.03270247700004, -35.04285074399996], [139.03287903000012, -35.04284661199995], [139.03298319200007, -35.04278213099997], [139.03305092300002, -35.04273718799993], [139.03313305100005, -35.04270270799998], [139.03314407800008, -35.042658306999954], [139.03313788200012, -35.042625415999964], [139.03313504000005, -35.04261041199993], [139.03309327400007, -35.042520208999974], [139.0330200720001, -35.04240329999993], [139.0330156430001, -35.04239622599994], [139.03290207600003, -35.04229419599994], [139.03282976700007, -35.04218051599997], [139.03275438100002, -35.04211218599994], [139.03269881500012, -35.04206190699995], [139.03256761900002, -35.04196913199996], [139.03244188700012, -35.04189076299997], [139.03241789700007, -35.04188220699996], [139.0324174100001, -35.04188199199996], [139.0323479650001, -35.041857266999955], [139.0322546530001, -35.041715978999946], [139.03216519500006, -35.04157616799995], [139.03212700200004, -35.04147536299996], [139.0321415730001, -35.04132668799997], [139.03217343100005, -35.041232813999954], [139.03227418300003, -35.04114380499993], [139.03240122900002, -35.04110456999996], [139.03253613900006, -35.04110511399995], [139.032585336, -35.04111312799995], [139.03269793100003, -35.04113159499997], [139.03280809500006, -35.04113337499996], [139.03302981500008, -35.04107972099996], [139.03319537200002, -35.040948826999966], [139.03343303400004, -35.04071414799995], [139.03345579400002, -35.04066410499996], [139.03349863800008, -35.04056992799997], [139.03354936800008, -35.04045840899994], [139.03357042300001, -35.04030608399995], [139.03354417900005, -35.04019115999995], [139.03344823200007, -35.040079883999965], [139.03333740800008, -35.03986340399996], [139.0332355270001, -35.03969501699993], [139.0332216700001, -35.039672174999964], [139.0331641260001, -35.03963101599993], [139.0331632550001, -35.03963035099997], [139.03298068800007, -35.03949980899995], [139.03284313100005, -35.03943078699996], [139.03266646800012, -35.039299109999945], [139.03251811000007, -35.03919651199993], [139.03227289300003, -35.039020790999984], [139.0321604710001, -35.038871067999935], [139.0320364580001, -35.03872116799994], [139.03194326800008, -35.038495429999955], [139.03190340300011, -35.03822284399996], [139.03191422700002, -35.03801310699998], [139.03197724400002, -35.03780421799996], [139.0319802780001, -35.03779636899998], [139.03202672100008, -35.03767621299994], [139.0321398640001, -35.03753663699996], [139.03226436600005, -35.03744152499996], [139.03242329800003, -35.037407471999984], [139.03246777800007, -35.037397845999976], [139.03260356500004, -35.03732765199993], [139.03273784400005, -35.03729166299996], [139.03292407000004, -35.03726605899993], [139.0330060760001, -35.03727032099994], [139.03306905400007, -35.03724195799998], [139.0331503850001, -35.03714608599995], [139.03318570300007, -35.03699837199997], [139.03321604500002, -35.03689388899994], [139.03323923300002, -35.03683855799994], [139.03318812400005, -35.03679784299993], [139.03306127400003, -35.03674544799998], [139.03297223800007, -35.036708672999964], [139.03283444900012, -35.03664918399994], [139.0326451630001, -35.03656024299994], [139.0324673660001, -35.03647625799994], [139.03228923100005, -35.03640656899995], [139.03225780500009, -35.03639629099996], [139.03210505900006, -35.03634633699994], [139.03192703700006, -35.03627188499996], [139.03175015600004, -35.03614974799996], [139.03163727600008, -35.03601910799995], [139.0315081550001, -35.03584048999994], [139.03133173800006, -35.03569927799998], [139.0312360250001, -35.035578458999964], [139.0312152350001, -35.035477929999956], [139.03126424900006, -35.03536900199998], [139.03124821100005, -35.035273201999985], [139.03121859700002, -35.03509632299995], [139.03119273900006, -35.03492060999997], [139.03116736200002, -35.03481402899996], [139.03120672400007, -35.034623832999955], [139.0312139020001, -35.03456669999997], [139.03125498100007, -35.03430497399995], [139.03128309200008, -35.03410028899998], [139.03134007200003, -35.03390084799997], [139.031355103, -35.03375796399996], [139.03127043000006, -35.03366117599995], [139.0312668570001, -35.033643893999965], [139.0312050430001, -35.03334525599996], [139.03120864800007, -35.033119812999985], [139.0312089150001, -35.033103110999946], [139.03124570400007, -35.03285930499993], [139.03132099700008, -35.03262198999994], [139.031327916, -35.032611283999984], [139.03139607700007, -35.03250555599993], [139.03141741100012, -35.03247243699997], [139.03147882200005, -35.03236774199996], [139.03148921500008, -35.032350031999954], [139.03152565000005, -35.03226877499998], [139.03154604400004, -35.03218672999998], [139.0316326310001, -35.03210050299998], [139.03173034300005, -35.03198005399997], [139.03189794700006, -35.03178215599996], [139.0319950480001, -35.031688687999974], [139.0321338550001, -35.03163962699995], [139.03215091200002, -35.031633597999985], [139.0321567190001, -35.031621994999966], [139.0322080080001, -35.031519507999974], [139.03229319000002, -35.03143911099994], [139.03249874000005, -35.03129609999996], [139.03264479000006, -35.03124560599997], [139.0326708350001, -35.03123660099993], [139.0328301180001, -35.03112459899995], [139.03291334300002, -35.03104008199995], [139.03292722100002, -35.03094489199998], [139.03282552300004, -35.03085242299994], [139.03274558600003, -35.03077974099995], [139.03270672000008, -35.03070754399994], [139.03254121200007, -35.03059513399995], [139.03236549100006, -35.03042530499994], [139.03227177600002, -35.030321337999965], [139.0321440670001, -35.03022611599994], [139.03213555700006, -35.03009716499997], [139.0321205580001, -35.029996737999966], [139.03219288100001, -35.02988341799994], [139.0322835070001, -35.02973221599996], [139.03239595000002, -35.029638629999965], [139.03246468600003, -35.029607587999976], [139.03258261100007, -35.02959395199997], [139.0326706090001, -35.029552439999975], [139.0327536090001, -35.02947745499995], [139.03279032700004, -35.02939694899993], [139.0328503170001, -35.029311563999954], [139.0328781280001, -35.02912166799996], [139.03284608700005, -35.02900664999993], [139.03276903300002, -35.02883365399998], [139.03273176900007, -35.028694696999935], [139.03276928800005, -35.02858080899995], [139.03288008800007, -35.02843129099995], [139.03290972000002, -35.02828729799995], [139.03295805000005, -35.02820697599998], [139.03304729800004, -35.02811300899998], [139.0331432600001, -35.02798098399995], [139.03336126800002, -35.02790471999998], [139.03336418000004, -35.02790370099996], [139.03346556100007, -35.02780159699995], [139.0335109780001, -35.02766584999995], [139.03358310800002, -35.02755050299993], [139.033562909, -35.027410531999976], [139.03354245900005, -35.02729570099996], [139.03345176100004, -35.02720835499997], [139.033319075, -35.02709291599996], [139.0332655850001, -35.02699065699994], [139.0331815280001, -35.026903069999946], [139.03310828400004, -35.026778192999984], [139.03306544500003, -35.02662960099997], [139.0330188690001, -35.02639507999993], [139.03300791700008, -35.026373683999964], [139.0329302250001, -35.02622189899995], [139.03300662000004, -35.02618020099993], [139.0330469690001, -35.026164413999936], [139.03312370600008, -35.02613438999998], [139.03332456600003, -35.02612839099993], [139.03348872300012, -35.02614984899998], [139.03370476400005, -35.02622145999993], [139.0339077740001, -35.02628505699994], [139.0340156630001, -35.02632414499993], [139.0342258270001, -35.02634511699995], [139.03435848900006, -35.026328569999976], [139.03460345000008, -35.02625023199994], [139.03470568800003, -35.02619218999996], [139.03471528800003, -35.026031375999935], [139.03467416400008, -35.02590837699995], [139.03467198500005, -35.025901859999976], [139.03452991000006, -35.02578029099993], [139.03443420400004, -35.02565947299996], [139.0343357060001, -35.02517126399994], [139.03432837600008, -35.02495162899993], [139.0343542480001, -35.02487282699997], [139.03440693800007, -35.02479236999994], [139.03455549700004, -35.02477472999993], [139.03472769100006, -35.024787738999976], [139.03474277700002, -35.02479205499998], [139.03485970000008, -35.02482550599996], [139.03498420200003, -35.024907939999935], [139.03510017400004, -35.02497373099993], [139.03526556000008, -35.025090906999935], [139.03536206900003, -35.02517834599996], [139.0354302620001, -35.025236692999954], [139.03555723400007, -35.025262604999966], [139.03566646800004, -35.02530254399994], [139.0358010960001, -35.02531553399996], [139.03589040000008, -35.02539680799998], [139.0359484610001, -35.02547350899994], [139.03603848800003, -35.025501160999966], [139.0362806170001, -35.025457210999946], [139.0363441940001, -35.025337364999984], [139.03636189400004, -35.02529184699995], [139.03641155700006, -35.02516412899996], [139.03644902200006, -35.025076670999965], [139.0364740340001, -35.02500074899996], [139.0365517990001, -35.02490182299994], [139.03655906900008, -35.02479730799996], [139.0365913710001, -35.02470209099994], [139.0365760640001, -35.02455317699997], [139.03657780700007, -35.024547645999974], [139.0366027540001, -35.02446850599995], [139.03652933400008, -35.02438621099998], [139.03638036000007, -35.02435368899995], [139.03631766700005, -35.02432645599998], [139.03620139800012, -35.02427594899996], [139.03604555100003, -35.02424480299993], [139.035949167, -35.02415259399993], [139.035922238, -35.02406628699998], [139.03593053800012, -35.02396145999995], [139.03598353300004, -35.02384747899998], [139.03598557500004, -35.02384308699993], [139.0360060380001, -35.02371460899997], [139.03590053400012, -35.02360270999998], [139.03588726700002, -35.02358863999996], [139.0357816820001, -35.02339610499996], [139.03569700100002, -35.02329932099997], [139.03561393200005, -35.02313576599994], [139.0355880290001, -35.02300653699996], [139.03556837500003, -35.02285832399997], [139.03561638400004, -35.022765972999935], [139.03576298200005, -35.02272312699995], [139.0359830550001, -35.02273623499997], [139.0360344940001, -35.02272787399994], [139.0361394690001, -35.02271081099997], [139.0363098670001, -35.02265087899997], [139.03643819800004, -35.02261956399997], [139.0366253530001, -35.022490680999965], [139.03670039100007, -35.02239771799998], [139.0367406050001, -35.02234789999994], [139.03680720400007, -35.02222479099993], [139.03696862900006, -35.02202225999997], [139.037073619, -35.021893284999976], [139.03715541300005, -35.021729490999974], [139.03722248600002, -35.02159222699993], [139.0372770470001, -35.02143665699998], [139.0372669720001, -35.02129681799994], [139.03720161600006, -35.02100985399994], [139.03718229900005, -35.020847336999964], [139.0371397, -35.02074301699997], [139.03704761500012, -35.02065909499993], [139.03700874900005, -35.02058690599995], [139.03685268300012, -35.020565302999955], [139.0367617720001, -35.020507201999976], [139.0366495730001, -35.02032824699995], [139.03665311800012, -35.020180411999945], [139.03669915500006, -35.02006889799998], [139.0368558020001, -35.01994991899994], [139.0369363960001, -35.019845087999954], [139.03699346100007, -35.01977086199997], [139.03707258400004, -35.01961470799995], [139.03713909200007, -35.019501281999965], [139.0371459160001, -35.01945846099994], [139.03709522600002, -35.01939561299997], [139.03699903100005, -35.01935019299998], [139.03699641800006, -35.019348958999956], [139.03698697800007, -35.019285699999955], [139.03696184900002, -35.01918218399993], [139.03694009100002, -35.01909255299995], [139.03692212600004, -35.01906632699996], [139.0368112100001, -35.018904401999976], [139.036714146, -35.01884081199995], [139.03657638200002, -35.01878133499997], [139.03647261900005, -35.018755802999976], [139.0363823660001, -35.01864938299997], [139.03632259900007, -35.018481435999945], [139.0362924950001, -35.01828535299995], [139.03636421800002, -35.01819586599993], [139.03648529600002, -35.017988136999975], [139.03655056700006, -35.01778398299996], [139.03658611900005, -35.017594376999966], [139.03656344600006, -35.01733841499998], [139.03649274300005, -35.01718654399997], [139.036378968, -35.01709405899993], [139.03626998000004, -35.01704458599994], [139.03620745700005, -35.01699110199996], [139.03611085500006, -35.01690843499995], [139.03602235900007, -35.01683911899994], [139.03586820700002, -35.016627804999985], [139.03575138700012, -35.016531406999945], [139.03574450500003, -35.016525727999976], [139.03570898300006, -35.01649641599994], [139.03560112200012, -35.01639925099994], [139.03552862100003, -35.01627880299998], [139.03549738300012, -35.01613041099995], [139.03548135800008, -35.01607289899994], [139.03548352000007, -35.01598229199993], [139.03557650300002, -35.01597424999994], [139.0356855010001, -35.01602373099996], [139.03581916000007, -35.01601157599998], [139.03596396800003, -35.01601869099994], [139.03610228900004, -35.016054329999974], [139.03625243600004, -35.01608061199994], [139.03633937100005, -35.01610997999995], [139.03636484000003, -35.01611858399997], [139.0365407910001, -35.01614729499994], [139.0367501500001, -35.01612206599998], [139.03690211800006, -35.01607204499993], [139.03696899600004, -35.01602503899994], [139.03701347700007, -35.015942078999956], [139.03700294200007, -35.01588728499996], [139.03695404200005, -35.015813815999934], [139.0368249820001, -35.01566050799994], [139.036710523, -35.01559663799998], [139.03652303100012, -35.015497497999945], [139.03632819200004, -35.015337596999984], [139.03617419600005, -35.015230146999954], [139.03608105000012, -35.015132638999944], [139.03607235900006, -35.01512354099998], [139.0359934710001, -35.01497879699997], [139.03597792300002, -35.01495026699996], [139.0359820320001, -35.01477858599998], [139.0360922970001, -35.01453229699996], [139.0362389270001, -35.014463098999954], [139.03636231300004, -35.01442862599998], [139.036513301, -35.01438644199993], [139.0367176640001, -35.014327729999934], [139.03696283700003, -35.01426013299994], [139.03712059200006, -35.014210214999935], [139.03728960700005, -35.01417477299998], [139.0374169170001, -35.014081344999965], [139.0374297300001, -35.01407193899996], [139.0375000990001, -35.01402156499995], [139.0376288440001, -35.013811257999976], [139.0376043660001, -35.01373680199998], [139.03753503200005, -35.01360394099993], [139.03748208600007, -35.013560464999955], [139.03740543300012, -35.01350372299993], [139.03729281100004, -35.01336354999995], [139.03716108900005, -35.01329462399997], [139.03702430300007, -35.013229174999935], [139.03690968700005, -35.01313788899995], [139.03683832700005, -35.01307682199996], [139.036824453, -35.013064948999954], [139.03673386900005, -35.012972840999964], [139.03664817300012, -35.01291897799996], [139.03649849200008, -35.01287360999993], [139.03640512200002, -35.01287210399994], [139.03639994700006, -35.01287201699995], [139.036392814, -35.01286750799994], [139.0362685670001, -35.01278878599993], [139.03615298600005, -35.01277260099994], [139.03601364400004, -35.01277989299996], [139.0359102120001, -35.012740045999976], [139.03587112600007, -35.01267739799994], [139.0358035600001, -35.01246139899996], [139.03572169300003, -35.012379188999944], [139.03559076500005, -35.012276880999934], [139.0353698880001, -35.01217640799996], [139.03526564300012, -35.01214204399997], [139.03513115700002, -35.012097693999976], [139.0350420970001, -35.01205923899994], [139.03501637600004, -35.01204812699996], [139.034977335, -35.012039752999954], [139.0348721470001, -35.01201716399993], [139.03478009100002, -35.011987043999966], [139.03477460400006, -35.01197878099998], [139.03471292200004, -35.01188577299996], [139.0346976510001, -35.01187847799997], [139.0346211960001, -35.01184189099996], [139.0345598440001, -35.01174016899995], [139.03453101200012, -35.01162863299993], [139.03452269800005, -35.01159644599994], [139.03453030800006, -35.011511508999945], [139.03453850900007, -35.01142017799998], [139.03462376400012, -35.01124980999998], [139.03463083300005, -35.01124236399994], [139.034730845, -35.01113705299997], [139.03486564600007, -35.011077212999965], [139.03489423000008, -35.011021598999946], [139.0349021290001, -35.011006244999976], [139.03500227200004, -35.010941068999955], [139.03501813600008, -35.01093762099998], [139.03512467500002, -35.01091443399997], [139.03534013700005, -35.010832240999946], [139.03553740300003, -35.01069807799996], [139.03575190800007, -35.01052743899993], [139.03584536100004, -35.01036628099996], [139.0358645560001, -35.01033317699995], [139.03588763900007, -35.01011214899995], [139.03594177000002, -35.00990606899995], [139.03594607700006, -35.009696969999936], [139.03591310500008, -35.00945722199998], [139.0358838630001, -35.00936045599997], [139.0358479670001, -35.00931605699998], [139.0357961100001, -35.00925185999995], [139.03567699300004, -35.00909271799998], [139.0354973000001, -35.00891195699995], [139.03545127400002, -35.00879957199993], [139.03542060600012, -35.00872465499998], [139.03538890800007, -35.008595337999964], [139.0353342510001, -35.00845610099998], [139.0352441340001, -35.008344905999934], [139.03500740100003, -35.00819588799993], [139.03488445000005, -35.00811009299997], [139.034763988, -35.00805566099996], [139.03463370500003, -35.00803203299995], [139.03453305300002, -35.00801375499998], [139.0343312120001, -35.00796754299995], [139.03410516400004, -35.00796387999998], [139.03398163100007, -35.00793296699993], [139.03392403400005, -35.00789159799996], [139.0338529930001, -35.007840527999974], [139.03383667200012, -35.00783243999996], [139.03370399800008, -35.00776654699996], [139.03361739600007, -35.00775083299993], [139.03352671800008, -35.007663484999966], [139.03351787000008, -35.00754884199995], [139.0335196970001, -35.007520419999935], [139.03352708500006, -35.007405870999946], [139.03357596800004, -35.00730170999998], [139.03358973100012, -35.00721128699996], [139.03352268800006, -35.007105241999966], [139.03347768900005, -35.00706080499998], [139.03337541100007, -35.00695972899996], [139.03334523400008, -35.00692363699994], [139.03318936100004, -35.00673730999995], [139.0332005250001, -35.00651325499996], [139.03320852800005, -35.00642216999995], [139.03323952300002, -35.00633737499993], [139.0332872130001, -35.006230622999965], [139.0333005760001, -35.006176531999984], [139.03333857400003, -35.006022721999955], [139.0334305560001, -35.005872963999934], [139.03342568900007, -35.00573458699995], [139.03336097800002, -35.00562373099996], [139.03332295300004, -35.0055106], [139.03320900300002, -35.00538074299993], [139.03314337900008, -35.005216908999955], [139.03303887900006, -35.005066244999966], [139.03282891000003, -35.004747417999965], [139.0327956210001, -35.004728032999935], [139.03275697100003, -35.00470552699994], [139.03272185700007, -35.00463791699997], [139.0326756620001, -35.00458413699994], [139.0325945830001, -35.00440423599997], [139.03248015500003, -35.00419656399998], [139.03239833800012, -35.00406467899995], [139.03228486800003, -35.00377968199996], [139.032213167, -35.00367772599998], [139.0321753280001, -35.00356262199995], [139.03212210000004, -35.00343026199994], [139.03210966900008, -35.00339934899995], [139.03184323900007, -35.00290363499994], [139.03181677300006, -35.002798249999955], [139.03172893900012, -35.002700852999965], [139.03164700800005, -35.00262374599998], [139.03156498600003, -35.00253103799997], [139.0314677230001, -35.00236321899996], [139.031368261, -35.002189948999956], [139.0313661, -35.00218611399998], [139.03128411800003, -35.00204059799995], [139.0311709440001, -35.001924266999936], [139.0311563780001, -35.00179018899996], [139.0311421250001, -35.00168262999995], [139.03122684900006, -35.001562983999975], [139.03126730000008, -35.00131097499997], [139.03136978700002, -35.00127522899993], [139.03147623600012, -35.00122109399996], [139.03155285000003, -35.00116914999995], [139.03158474500003, -35.001147525999954], [139.0318872150001, -35.00100261599994], [139.0321397240001, -35.00085922799997], [139.03215646900003, -35.00084758899993], [139.03233659600005, -35.00072239199994], [139.0325603450001, -35.000529032999964], [139.03271287200005, -35.00038230699994], [139.0328757960001, -35.000271235999946], [139.03312897500007, -35.00008346499993], [139.03322819400012, -35.00001826899995], [139.0333906950001, -34.99991149199997], [139.033589591, -34.99981860299994], [139.03373993700006, -34.99974331399994], [139.0338315130001, -34.99964081], [139.03385508600002, -34.99962169799994], [139.03396336900005, -34.99953390699994], [139.03403121400004, -34.99939361], [139.0341106510001, -34.99933652899995], [139.0342024800001, -34.99931189899996], [139.0344116980001, -34.999291434999975], [139.03465118100007, -34.999213838999935], [139.03469974200004, -34.99919810499995], [139.0349180180001, -34.99913814399997], [139.03504381900007, -34.99906999299998], [139.03512695400002, -34.99895952099996], [139.03519252700005, -34.99888425399996], [139.0352233310001, -34.99880841399994], [139.03521098400006, -34.998759252999946], [139.03519686200002, -34.998703027999966], [139.03512357700004, -34.99861596699998], [139.03502268500006, -34.99847121499994], [139.03491042200005, -34.99831673399996], [139.03484361300002, -34.998201148999954], [139.03480283500005, -34.997966722999934], [139.03482026200004, -34.99787874499998], [139.03482261700003, -34.99786685899994], [139.03486081900007, -34.99772434899995], [139.0348782310001, -34.99752418299994], [139.0348595790001, -34.997328753999966], [139.0348449480001, -34.99717545999994], [139.034807805, -34.99703172899996], [139.03473588600002, -34.996887448999985], [139.0346108340001, -34.996811830999945], [139.03446830000007, -34.99668273399993], [139.0343465510001, -34.996560210999974], [139.0343436490001, -34.99655842499993], [139.03418945800001, -34.996463536999954], [139.03406061400005, -34.99627538799996], [139.03398869600005, -34.99613109899997], [139.03398747200004, -34.99594025399995], [139.03400248200012, -34.99579736599998], [139.03421076200004, -34.9953047299999], [139.03421800600006, -34.99502799499993], [139.0342274420001, -34.99487548899998], [139.03428280200012, -34.99474279899994], [139.034383487, -34.99465378399998], [139.03446714100005, -34.99463577199998], [139.0345562110001, -34.99464692099997], [139.03476523200004, -34.994699486999934], [139.03494220900006, -34.99478947199998], [139.03501944200002, -34.99486517699995], [139.0350798290001, -34.99500562299994], [139.03513387200007, -34.99510977299997], [139.0352233650001, -34.995223271999976], [139.0352222680001, -34.99528635199994], [139.03521093900008, -34.99540053099997], [139.0351772250001, -34.99547631799993], [139.03511375800008, -34.99552922099997], [139.0349782950001, -34.99564213599996], [139.03492802100004, -34.99588392199996], [139.03489653100007, -34.99598837199994], [139.03493447100004, -34.99609871599995], [139.03509049500008, -34.99612032199997], [139.03523083400012, -34.99607011599994], [139.0353856480001, -34.995982108999954], [139.0354061170001, -34.995970471999954], [139.03557270200008, -34.995865107999975], [139.03567198200005, -34.99580532099998], [139.03581856800008, -34.995736131999934], [139.03598633700005, -34.99568582999996], [139.03614190700011, -34.99565396599996], [139.03614228200001, -34.99565388899998], [139.03615472500007, -34.995651340999984], [139.0363902690001, -34.99558794799998], [139.03655918000004, -34.99556690399993], [139.03668698700005, -34.99553725599998], [139.0367348000001, -34.995531391999975], [139.0368175010001, -34.99552124899998], [139.03686458100003, -34.995390474999965], [139.03684804800002, -34.995293352999965], [139.0368442460001, -34.99527087699994], [139.03685322800004, -34.995137445999944], [139.0368031270001, -34.995050764999974], [139.03664027500008, -34.99479237799994], [139.03662996600008, -34.99477602099995], [139.03653634900002, -34.99456936299998], [139.0364814730001, -34.99443966599995], [139.03648023300002, -34.99424882099993], [139.03648344700002, -34.99424159299997], [139.03654763500003, -34.994097239999974], [139.0365696870001, -34.99390199499993], [139.0365563570001, -34.993625204999944], [139.03655593100007, -34.993616343999975], [139.03654919400003, -34.99347630099993], [139.0365483380001, -34.99345851199996], [139.0365480900001, -34.99345335899994], [139.03654731000006, -34.99343714099996], [139.03654257000005, -34.99333860499996], [139.03651598800002, -34.993237989999955], [139.03652474500007, -34.993114092999974], [139.03655067800003, -34.992936027999974], [139.03655247200004, -34.992923710999946], [139.03654928900005, -34.992906482999956], [139.03647994400012, -34.99253163199995], [139.036475461, -34.992507399999965], [139.0364436540001, -34.99238285399997], [139.03635184200004, -34.99234320199997], [139.03621299500003, -34.992331407999984], [139.03611936100003, -34.99236805999993], [139.03605390600012, -34.99243856499993], [139.03593731700005, -34.99246530299996], [139.03578755900003, -34.99242471499997], [139.03565598400007, -34.99235102499995], [139.03552926600003, -34.99226032299998], [139.03546401200003, -34.99208419799993], [139.03542864700012, -34.991917969999975], [139.035397514, -34.99181452899995], [139.0353319740001, -34.99159676099998], [139.03533068900003, -34.99152527399997], [139.03532948600002, -34.99145837299994], [139.035331422, -34.99137729699993], [139.03520167300007, -34.991227299999935], [139.03516884400005, -34.991145668999934], [139.03508397000007, -34.991058419999945], [139.03498171400008, -34.990970895999965], [139.0349574700001, -34.99084487999994], [139.0349559330001, -34.99083689099996], [139.0350102550001, -34.99074712299995], [139.0351334280001, -34.99068709799997], [139.03520467900012, -34.99061669499997], [139.03532229200005, -34.99054703199994], [139.03550977100008, -34.99046419699994], [139.03567419400008, -34.990376208999976], [139.03586134600005, -34.990307676999976], [139.0358993430001, -34.99029089099997], [139.03595509100012, -34.99026626299997], [139.03592782300007, -34.99019425599994], [139.03585488400006, -34.99009289099996], [139.03578228000003, -34.989977221999936], [139.035751849, -34.98979543599995], [139.0356992510001, -34.989570356999934], [139.0356041560001, -34.989425697999934], [139.03553179000005, -34.989300482999965], [139.03547139500006, -34.989195980999966], [139.0354594250001, -34.989175269999976], [139.03546216000007, -34.989060810999945], [139.03553897300003, -34.989000043999965], [139.03575383800012, -34.988984432999985], [139.03600914300011, -34.988974258999974], [139.03633172000002, -34.98893752699996], [139.03642496800012, -34.988912238999944], [139.03645138100012, -34.98890507599998], [139.03649539000003, -34.98882835599994], [139.03653001500004, -34.98876799299995], [139.03656019800007, -34.98866156499997], [139.03659331400002, -34.98854479599993], [139.03658468900005, -34.988420608999945], [139.03652390700006, -34.98829559099994], [139.0364358280001, -34.98809857899994], [139.03635855700009, -34.98789890599994], [139.0363485370001, -34.98787290699994], [139.03631774100006, -34.98779928399995], [139.03626624600008, -34.98767598999996], [139.03618865900012, -34.987526844999934], [139.0361523260001, -34.987275746999956], [139.0361623230001, -34.98720628499996], [139.03617526900007, -34.98711633999994], [139.0361547130001, -34.98700627399995], [139.03617517700002, -34.986877797999966], [139.03629494300003, -34.98671752499996], [139.0364369790001, -34.98659578499996], [139.0364477280001, -34.98658650699997], [139.03656719200012, -34.98648339099998], [139.03663298000004, -34.986398581999936], [139.03670738800008, -34.98635108199994], [139.0367860350001, -34.98630087299995], [139.03678780300004, -34.98629936699996], [139.03681839, -34.98627330399995], [139.03693987600002, -34.98616978299998], [139.03702521600007, -34.985994639999944], [139.03705135500002, -34.98587102699997], [139.03705327900002, -34.985834772999965], [139.03708214900007, -34.985290807999945], [139.03703072700011, -34.98503580399995], [139.03698294600008, -34.984719791999964], [139.03697289800004, -34.98465332999996], [139.03697389700005, -34.98464905299994], [139.0370572500001, -34.98429222599998], [139.0369688830001, -34.98423886099994], [139.03686818100005, -34.98414387499997], [139.0368223900001, -34.98403626499993], [139.03684649000002, -34.98396658899998], [139.0369158300001, -34.983905696999955], [139.0370224820001, -34.98376718199995], [139.03716855900007, -34.983680929999935], [139.03744582000002, -34.98344895099996], [139.03747485600002, -34.98341957899993], [139.03765923100002, -34.98323306799995], [139.037747082, -34.98315131199996], [139.03776001300002, -34.98313927799995], [139.0378324950001, -34.98301641599994], [139.03784543000006, -34.98297194999998], [139.03787669700012, -34.98286446199995], [139.0378780200001, -34.982748439999966], [139.03785951400005, -34.982682358999966], [139.03780950200007, -34.982552124999984], [139.03782457600005, -34.98252702899998], [139.03783755200004, -34.98250542499994], [139.03783407600008, -34.982495358999984], [139.03780628200002, -34.98241486699993], [139.03792524300002, -34.982287982999935], [139.0379367270001, -34.98226678399993], [139.03810714400004, -34.981952192999984], [139.03811469700008, -34.981931868999936], [139.0381980730001, -34.98170750699995], [139.03820650900002, -34.98167007999996], [139.0382585010001, -34.981439396999974], [139.03843608300008, -34.98128482799996], [139.03869735400008, -34.981159213999945], [139.03886429600004, -34.98107229999994], [139.03908278400002, -34.98090407999996], [139.0393247730001, -34.980721924999955], [139.0393495830001, -34.98070985399994], [139.03952378100007, -34.98062510099993], [139.03960379400007, -34.98043138199995], [139.03964188300006, -34.980339167999944], [139.03969478200008, -34.98023228099993], [139.03978166600007, -34.980080387999976], [139.03994297600002, -34.97984913799996], [139.04009009600009, -34.97964917899998], [139.04024252600004, -34.97942848599996], [139.04028203500002, -34.97936938299995], [139.040307546, -34.97933122099994], [139.04035099300006, -34.97926622999995], [139.04037415800008, -34.97923157799994], [139.04053238400002, -34.97906985299994], [139.04072537500008, -34.97894090199998], [139.04088997500003, -34.97875701899994], [139.04097670900012, -34.97853495399994], [139.04107571500003, -34.97845003799995], [139.04107699200006, -34.97844578899998], [139.04114230000005, -34.978228565999984], [139.0412431730001, -34.97810202599993], [139.0412547840001, -34.97802310999998], [139.04130681800007, -34.97766943999994], [139.0413514380001, -34.97740475799998], [139.041304512, -34.977263764999975], [139.0412972790001, -34.97724203399997], [139.04121891400007, -34.97712670499993], [139.04120085300008, -34.97709629899998], [139.0411457560001, -34.97700353999994], [139.0411061960001, -34.97684688499993], [139.0410893840001, -34.97678030999998], [139.0410867610001, -34.97659015499994], [139.04103767900006, -34.97643717099993], [139.04092970400006, -34.976229210999975], [139.0408330140001, -34.97611788599994], [139.0407226850001, -34.97605958199995], [139.0406394160001, -34.97598259199998], [139.0405526180001, -34.97589939899996], [139.04046673100004, -34.97585507799994], [139.0403034840001, -34.975652070999956], [139.0401438660001, -34.97553975799997], [139.0400072010001, -34.975437366999984], [139.03985293100004, -34.97534423299993], [139.03974928000002, -34.975253221999935], [139.0396315160001, -34.97514982399997], [139.03953405400011, -34.97499925899996], [139.0394436360001, -34.974932888999945], [139.03943995400004, -34.974930186999984], [139.03938272400012, -34.97488817999994], [139.03928602000008, -34.974829581999984], [139.039194822, -34.97474679399994], [139.03919650300008, -34.97467648799994], [139.03919699000005, -34.97465618199993], [139.03924572500011, -34.97455678699998], [139.03931368300005, -34.974281461999965], [139.03930641400007, -34.974196621999965], [139.03932393900004, -34.97410161899995], [139.03935108400003, -34.97400569599995], [139.03937158000008, -34.97393326699995], [139.03942527200002, -34.97383047599993], [139.03944981300003, -34.973809416999984], [139.03953933800005, -34.97373259099993], [139.03962810100006, -34.97362953399994], [139.03965208800003, -34.97341385999994], [139.03965005800012, -34.97331107399998], [139.03964953600007, -34.97328468199993], [139.03964812300012, -34.97321317099994], [139.03964427100004, -34.97320056299998], [139.03961250300006, -34.97309656799996], [139.03960564400006, -34.973074114999974], [139.039586503, -34.97300908899996], [139.03957045000004, -34.972954555999934], [139.03955202500003, -34.972891957999934], [139.03946762400005, -34.97278563599997], [139.0393474330001, -34.972721673999956], [139.03933105200008, -34.972705409999946], [139.03931920600007, -34.97269364799996], [139.03916220600001, -34.97263677299998], [139.03904808400011, -34.972595430999945], [139.03888201300003, -34.97255194299993], [139.03885218400012, -34.97255605199996], [139.03879328900007, -34.972564165999984], [139.0387889740001, -34.972564759999955], [139.0387846000001, -34.97256980699996], [139.03873257100008, -34.97262983199994], [139.03871149300005, -34.97265414999998], [139.038666959, -34.97282041099993], [139.03859755300005, -34.97294432699994], [139.03848189100006, -34.97304641599993], [139.03838315500002, -34.973116656999935], [139.0382350330001, -34.97319032399997], [139.03796408800008, -34.97337200599998], [139.03778027400006, -34.97354555099997], [139.03772137300007, -34.97357960499994], [139.03769452200004, -34.97359512899993], [139.03745115800007, -34.97373583099994], [139.03726268100002, -34.97386159599995], [139.03709772800005, -34.97397342599993], [139.03701695600012, -34.97395780699998], [139.03691313700006, -34.97394797099997], [139.03689551600007, -34.973946300999955], [139.03678665000007, -34.97387751399998], [139.03669504700008, -34.973819634999984], [139.0366785450001, -34.97380920799998], [139.0364507810001, -34.973638550999965], [139.03636194700005, -34.97347490499993], [139.036295955, -34.97332595199998], [139.03629800200008, -34.97324010199998], [139.03634079900007, -34.97311886699998], [139.0363144900001, -34.97303522699997], [139.0363051800001, -34.97293965799997], [139.03628829100012, -34.97284603099996], [139.03627989500012, -34.97275076999995], [139.03627236700004, -34.97261471799993], [139.03625123900008, -34.972528498999964], [139.036232508, -34.97234213399997], [139.03619002800008, -34.97217923799997], [139.03617137300012, -34.97200640199998], [139.03616629900012, -34.97195939899996], [139.0360542940001, -34.97179538199998], [139.0358859040001, -34.97162952999997], [139.03588263400002, -34.97162630999998], [139.035879646, -34.97162210499994], [139.03584591800006, -34.97157463999997], [139.0358373370001, -34.97157190199994], [139.03572736600006, -34.97153680399998], [139.03548609900008, -34.97131865299997], [139.03540263800005, -34.97123148099996], [139.03530515700004, -34.97112966599997], [139.0352687950001, -34.97107494199997], [139.03507489900005, -34.97093240499993], [139.0350096200001, -34.97078893999998], [139.03491054000006, -34.970665276999966], [139.0348323940001, -34.97053997599994], [139.0348460360001, -34.97045432099998], [139.03493486500008, -34.970374653999954], [139.03509544000008, -34.97030008199994], [139.03524684, -34.970251357999985], [139.035420111, -34.97022303699998], [139.0356356630001, -34.970202997999934], [139.03588399000012, -34.97018964099993], [139.03608688000008, -34.97018815799993], [139.0363244120001, -34.97019199199997], [139.0365554650001, -34.970224352999935], [139.0367463120001, -34.970241759999965], [139.0370075840001, -34.970222124999964], [139.03719956600003, -34.97019183499998], [139.03734985500012, -34.97020847599998], [139.03743086800011, -34.97020669799997], [139.03743374300007, -34.970206615999984], [139.0375347910001, -34.97020441799998], [139.0377664130001, -34.970239170999946], [139.03781803200002, -34.97023705299995], [139.03787389500008, -34.97023476099997], [139.03796620800006, -34.97015819699993], [139.03801134000003, -34.97005387499996], [139.03802081900005, -34.97003196299994], [139.03802983700007, -34.969995936999965], [139.03804611900011, -34.96993089299997], [139.03805258300008, -34.96990506999998], [139.03802683100002, -34.96977962099993], [139.03796221700009, -34.96973349799998], [139.0378932960001, -34.96968864499996], [139.03776416800008, -34.969604611999955], [139.03756832300007, -34.96955374199996], [139.0373313660001, -34.969526059999964], [139.0370593020001, -34.96951212099998], [139.03681608500005, -34.969492540999966], [139.03675886200006, -34.969483966999974], [139.0366267490001, -34.96946417099997], [139.03645858100003, -34.96942074599997], [139.03617473400004, -34.96928548499994], [139.03598931400006, -34.96915078899997], [139.03590793800004, -34.96907142899994], [139.0358775100001, -34.96904175499998], [139.03584975, -34.969014682999955], [139.03576804300008, -34.96892269499995], [139.0357299110001, -34.96887976599993], [139.03566200000012, -34.968732460999945], [139.03560110800004, -34.96867330099997], [139.03548721000004, -34.968579612999974], [139.03532218300006, -34.968464651999966], [139.03515599900004, -34.96838563099993], [139.035047286, -34.96832661999997], [139.035000222, -34.96831535599995], [139.0349837110001, -34.96831140399996], [139.03498200600006, -34.96829956799996], [139.03496630900008, -34.96819063499993], [139.03490076600008, -34.96815249499997], [139.03474281800004, -34.96809799699997], [139.0346587030001, -34.96810289599995], [139.0345955680001, -34.96807474999997], [139.03439556500007, -34.96794204499997], [139.0342019630001, -34.96780722799997], [139.03409427500003, -34.967705293999984], [139.033991022, -34.967660690999935], [139.03383520400007, -34.96767461999997], [139.0336268420001, -34.967621392999945], [139.0334556790001, -34.96760010799994], [139.033307787, -34.96748915999996], [139.0331350130001, -34.96734625999994], [139.03297883800008, -34.96717920899994], [139.03294695400007, -34.96715871699996], [139.03291611600002, -34.967138896999984], [139.03286830900004, -34.96710817199994], [139.03275028300004, -34.96706529499994], [139.0327267670001, -34.96705848499994], [139.03263996700002, -34.96703334899996], [139.0325667400001, -34.96701214299998], [139.03234420100011, -34.96697087199993], [139.0322296170001, -34.967003605999935], [139.03207674400005, -34.967022938999946], [139.03197529600004, -34.96703576899995], [139.0315855650001, -34.96696706299997], [139.03133596400005, -34.96689463699994], [139.03129739500002, -34.96688344599994], [139.0312159140001, -34.96685980299998], [139.030935773, -34.96679546699994], [139.03060889200003, -34.966683297999964], [139.03042500700008, -34.96665085099994], [139.03032720800002, -34.96659558399995], [139.03026104100002, -34.966608607999945], [139.0302597440001, -34.966608862999976], [139.03022076600007, -34.966646939999976], [139.03015984800004, -34.96670644999995], [139.0301471240001, -34.96672961799993], [139.0301066080001, -34.96680338899995], [139.03010531100006, -34.96680575099998], [139.03006144100004, -34.96694338999998], [139.03003537000006, -34.96699551299997], [139.0299762300001, -34.96711375199993], [139.02986618500006, -34.967334956999935], [139.02972823400012, -34.96744998499997], [139.02964964800003, -34.967456728999935], [139.02964266300012, -34.967457327999966], [139.02956678600003, -34.96749677799994], [139.029555941, -34.967502416999935], [139.02943723300007, -34.96753671099998], [139.02933068800007, -34.96752348499996], [139.0293201500001, -34.96751794499994], [139.02918011600002, -34.96744432899993], [139.02901463000012, -34.96733668899998], [139.0288664090001, -34.967234090999966], [139.02873113600003, -34.96707446499994], [139.02870894700004, -34.96704307699997], [139.02865266300012, -34.96696345799995], [139.02864858300006, -34.96689182899996], [139.02869710000004, -34.96680196999995], [139.02873333000002, -34.96678292799993], [139.02880275300004, -34.96674644099994], [139.0288338910001, -34.96665629399996], [139.02884821600003, -34.96654202899998], [139.0288042730001, -34.966441129999964], [139.0287233680001, -34.966342287999964], [139.02859518500009, -34.96621828599996], [139.02856076700004, -34.96619077499997], [139.02847327100005, -34.966120839999974], [139.02842458300006, -34.96608192399998], [139.0283981990001, -34.96604327399996], [139.02831261000006, -34.965917898999976], [139.0282581030001, -34.96577389099997], [139.02825471200003, -34.965673650999975], [139.028255069, -34.96566746399998], [139.02826461900008, -34.965502062999974], [139.02832098600004, -34.96532645699995], [139.0283817720001, -34.96520818199997], [139.02850108500002, -34.96511495699997], [139.02854957700004, -34.964977139999974], [139.02853460300003, -34.96487670499994], [139.02853637200008, -34.96480278799993], [139.02854008100007, -34.96464779599995], [139.0285077310001, -34.96454708199997], [139.0285177510001, -34.964370730999974], [139.02842815100007, -34.96424045899994], [139.02825278500006, -34.96406108899998], [139.0281379590001, -34.964016293999975], [139.0279756430001, -34.96401842599994], [139.02783568900009, -34.964054319999946], [139.02767779200008, -34.96411377299995], [139.02752012200006, -34.96416369299993], [139.0273581460001, -34.96415151799994], [139.02719576200002, -34.96407976599994], [139.02717297300012, -34.96397719699996], [139.0273790440001, -34.96382154699995], [139.02743490700004, -34.96360889599998], [139.02755641500005, -34.96350473599995], [139.02757691700003, -34.96348716199998], [139.02773306400002, -34.96331987899998], [139.02789859000006, -34.96316738799993], [139.02803257900007, -34.96309382199996], [139.02819786200007, -34.96296768899998], [139.028293393, -34.96286238799996], [139.02841189600008, -34.962742169999956], [139.02850107300003, -34.96264819899994], [139.02866102200005, -34.96250290199998], [139.0287974570001, -34.96237154099998], [139.0288132720001, -34.96219527399995], [139.02878833600005, -34.96207585399998], [139.02878728400003, -34.96207081499995], [139.02873209000006, -34.96195541599997], [139.02872685500006, -34.96192782299994], [139.0287243790001, -34.96191476799993], [139.02870122000002, -34.96179270999994], [139.02874180000003, -34.96155005999998], [139.02878379600008, -34.96152601799997], [139.028827803, -34.96150082299994], [139.02882731800003, -34.961387412999954], [139.02882724500012, -34.96137015499994], [139.0288572070001, -34.96126864799993], [139.02887769900008, -34.96119922599996], [139.02887641200005, -34.96119582699998], [139.02884748600002, -34.96111939999997], [139.0288395450001, -34.96109841899994], [139.02861172500002, -34.960932517999936], [139.02848564200008, -34.96087322099993], [139.02837185400006, -34.96078549499998], [139.02829070000007, -34.960615222999934], [139.0282992120001, -34.96043127699994], [139.02833057500004, -34.960331595999946], [139.0283380090001, -34.96031554899997], [139.02835929200012, -34.96026960699993], [139.02832798600002, -34.96021057199994], [139.0282482560001, -34.96013943299994], [139.0281599650001, -34.96012144799994], [139.02802132800002, -34.96010641799995], [139.0280025080001, -34.95997842299994], [139.0280199780001, -34.95994556199997], [139.0280333080001, -34.959920487999966], [139.02803609500006, -34.959915244999934], [139.02810461, -34.959846082999945], [139.0282044600001, -34.959790451999936], [139.0283033060001, -34.95971903999998], [139.028340092, -34.95969246299995], [139.02840939600003, -34.95961261799994], [139.0285605910001, -34.95943842599996], [139.02864847500007, -34.959356440999954], [139.02865520500006, -34.95927521599998], [139.02871680500004, -34.959207194999976], [139.02877855100007, -34.95916082499997], [139.02882508300002, -34.959067466999954], [139.02872205300002, -34.95898781699998], [139.0285394330001, -34.95887035399994], [139.028361796, -34.95878636499998], [139.02823550800008, -34.95873661299993], [139.02814514700003, -34.95869834599995], [139.0280616540001, -34.95864798399998], [139.02804692900008, -34.95863832799995], [139.02798138100002, -34.95859534199997], [139.02794964800012, -34.95857453299993], [139.02788185000009, -34.95850187099995], [139.02787557200008, -34.958430075999956], [139.02787290600008, -34.95839959899996], [139.02785973800007, -34.95821526299994], [139.0278649270001, -34.95818424199996], [139.0278867950001, -34.958053495999934], [139.02797084400004, -34.957968440999935], [139.02812216100006, -34.957904645999974], [139.02820397800008, -34.95782231399994], [139.0282527930001, -34.957773190999944], [139.0285113980001, -34.95755411299996], [139.02853190700012, -34.95754023999996], [139.0286367430001, -34.957469325999966], [139.02878952100002, -34.957432438999945], [139.028842563, -34.95741963199998], [139.02891885300005, -34.95739870399996], [139.02895250000006, -34.95735040599993], [139.0289262870001, -34.95723547999995], [139.02888592300008, -34.95719164099995], [139.02884156400012, -34.957143463999955], [139.02877147300012, -34.95705745699996], [139.02876276100005, -34.95704676699995], [139.02865452800006, -34.956968675999974], [139.02852613200002, -34.95690742299996], [139.0284352660001, -34.95689323399995], [139.02835392300005, -34.956880532999946], [139.02812930100004, -34.95682349799995], [139.02809861100002, -34.956819293999956], [139.02800128500007, -34.95682200099998], [139.0278716030001, -34.95686469399993], [139.02773009300006, -34.95691640399997], [139.02759179500003, -34.95696100099997], [139.0274641960001, -34.95699460099996], [139.02742366100006, -34.95700372299996], [139.02731799700007, -34.95702749999998], [139.02721209800006, -34.95704469999998], [139.0271944440001, -34.95703757699994], [139.02697439300005, -34.956948789999956], [139.02683778900007, -34.956886088999966], [139.02669238800001, -34.95681358799993], [139.02654938900002, -34.95675999499997], [139.0263754660001, -34.95667546499993], [139.02635659300006, -34.956666291999966], [139.02626148900003, -34.956596005999984], [139.0262409940001, -34.956534088999945], [139.02624388700008, -34.956351189999964], [139.02627429300003, -34.95617709299995], [139.02632679500005, -34.95609009499998], [139.02646039600006, -34.95594468499996], [139.02653189600005, -34.95589089499998], [139.02664005600002, -34.95585600199996], [139.02668439900003, -34.95584169699998], [139.02681890200006, -34.95575840599997], [139.02692039600004, -34.95565659999994], [139.02700899400008, -34.95557560499998], [139.02705639600003, -34.95544270499994], [139.02705180300006, -34.95527070299994], [139.02696049200006, -34.95515449399994], [139.026833989, -34.955027788999985], [139.02670448900005, -34.95492360199995], [139.02664, -34.95484489699993], [139.02662249800005, -34.95476489099997], [139.02647168800002, -34.95470149299996], [139.02629630100012, -34.95468509799997], [139.0260289910001, -34.954662388999964], [139.0259083950001, -34.954645494999966], [139.0257505930001, -34.95462629199994], [139.02558769300003, -34.95455929899998], [139.0254099980001, -34.95452858999994], [139.02521498800002, -34.954507887999966], [139.0250031920001, -34.95446660399995], [139.024849796, -34.95445359799993], [139.0245749940001, -34.95443819399998], [139.02437949000011, -34.95438959899997], [139.02420928800007, -34.95434521599998], [139.0240550950001, -34.95427370599998], [139.02387119700006, -34.954193498999985], [139.02367239500006, -34.95413770399995], [139.0234637960001, -34.954082907999975], [139.02321219400005, -34.954015899999945], [139.02309039600004, -34.95398999899993], [139.0230143760001, -34.953982863999954], [139.02293379500009, -34.95397529999997], [139.02277249700012, -34.95394971999997], [139.02265509500012, -34.95392110499995], [139.0225235900001, -34.95382869699995], [139.0225109370001, -34.95380960699998], [139.02243868800008, -34.95370060299996], [139.0223923970001, -34.953598400999965], [139.02237429500008, -34.95347511099993], [139.0223521910001, -34.95330780099994], [139.02236959700008, -34.95313830699996], [139.02241158900006, -34.95301000699993], [139.02244619300006, -34.95289971899996], [139.02240619000008, -34.95277940699998], [139.0223116940001, -34.95259021499993], [139.02223660000004, -34.952543197999944], [139.022130091, -34.952514494999946], [139.02197659600006, -34.95249250499995], [139.02179929500005, -34.95248510099998], [139.02162608900005, -34.952464204999956], [139.02142039400007, -34.95246799599994], [139.02124888900005, -34.95248760399994], [139.02109958900007, -34.95253040499995], [139.02084789200012, -34.95260840499998], [139.02074018700011, -34.95263419999998], [139.02064830200004, -34.95265620499998], [139.02048989700006, -34.95267839899998], [139.02034059000005, -34.95271589499998], [139.02021810200006, -34.95272419799994], [139.02002899100012, -34.952735003999976], [139.0199695780001, -34.95273556199993], [139.0198375020001, -34.95273680099996], [139.0197149070001, -34.95273610199996], [139.0196231010001, -34.95274149299996], [139.0195621910001, -34.9527672899999], [139.01946585300004, -34.95269516199994], [139.01937201500004, -34.95262490699997], [139.02039549200003, -34.94884009899994], [139.0211225060001, -34.9478409], [139.02346047000003, -34.944627509999975], [139.02713100800008, -34.93958171099996], [139.02723061900008, -34.93943868899993], [139.0293595280001, -34.93647661499995], [139.0311760090001, -34.933949276999954], [139.03461331500012, -34.92916566399998], [139.03488030500012, -34.92879410099994], [139.03495280000004, -34.928684922999935], [139.03495707800005, -34.92868728199994], [139.0354344010001, -34.92895206099996], [139.03549110300003, -34.928983512999935], [139.0480880880001, -34.935970001999976], [139.04818581300003, -34.93602174999995], [139.048283684, -34.936073576999945], [139.05676236700003, -34.94077927099994], [139.05694868600006, -34.94088168099995], [139.06409158400004, -34.94482160399997], [139.06428029800009, -34.944934804999946], [139.07601760600005, -34.951613598999984]]]]}}]}